2026-08-02T01:50:08.676Z - GET /
2026-08-02T01:50:12.795Z - GET /
2026-08-02T01:50:13.811Z - GET /@vite/client
2026-08-02T01:50:13.826Z - GET /index.tsx
2026-08-02T01:50:13.828Z - GET /@react-refresh
2026-08-02T01:50:14.298Z - GET /node_modules/.vite/deps/react_jsx-dev-runtime.js?v=c219e0f3
2026-08-02T01:50:14.299Z - GET /node_modules/.vite/deps/react.js?v=c219e0f3
2026-08-02T01:50:14.302Z - GET /App.tsx
2026-08-02T01:50:14.303Z - GET /node_modules/.vite/deps/react-dom_client.js?v=918f6b61
2026-08-02T01:50:14.328Z - GET /node_modules/vite/dist/client/env.mjs
2026-08-02T01:50:16.022Z - GET /node_modules/.vite/deps/react-router-dom.js?v=a6fe5b5b
2026-08-02T01:50:16.029Z - GET /pages/Schedule.tsx
2026-08-02T01:50:16.031Z - GET /node_modules/.vite/deps/lucide-react.js?v=9b7ceff6
2026-08-02T01:50:16.105Z - GET /pages/About.tsx
2026-08-02T01:50:16.118Z - GET /node_modules/.vite/deps/framer-motion.js?v=2f594b72
2026-08-02T01:50:16.122Z - GET /src/admin/Settings.tsx
2026-08-02T01:50:16.128Z - GET /src/admin/Gallery.tsx
2026-08-02T01:50:16.130Z - GET /src/admin/Subscribers.tsx
2026-08-02T01:50:16.133Z - GET /src/admin/Users.tsx
2026-08-02T01:50:16.134Z - GET /pages/Home.tsx
2026-08-02T01:50:16.143Z - GET /pages/Information.tsx
2026-08-02T01:50:16.144Z - GET /pages/JobDetail.tsx
2026-08-02T01:50:16.146Z - GET /src/admin/AdminLayout.tsx
2026-08-02T01:50:16.148Z - GET /src/admin/Schedule.tsx
2026-08-02T01:50:16.150Z - GET /src/admin/News.tsx
2026-08-02T01:50:16.151Z - GET /pages/NewsDetail.tsx
2026-08-02T01:50:16.153Z - GET /pages/EventDetail.tsx
2026-08-02T01:50:16.203Z - GET /components/NewsletterPopup.tsx
2026-08-02T01:50:16.207Z - GET /components/GlobalSearch.tsx
2026-08-02T01:50:16.216Z - GET /pages/Careers.tsx
2026-08-02T01:50:16.246Z - GET /pages/News.tsx
2026-08-02T01:50:16.324Z - GET /constants.tsx
2026-08-02T01:50:16.395Z - GET /pages/Teams.tsx
2026-08-02T01:50:16.401Z - GET /src/admin/Dashboard.tsx
2026-08-02T01:50:16.408Z - GET /components/SocialFollowerIcon.tsx
2026-08-02T01:50:16.434Z - GET /pages/PlayerProfile.tsx
2026-08-02T01:50:16.438Z - GET /src/admin/Teams.tsx
2026-08-02T01:50:16.440Z - GET /pages/Socials.tsx
2026-08-02T01:50:16.444Z - GET /src/admin/Creators.tsx
2026-08-02T01:50:16.446Z - GET /src/admin/Leadership.tsx
2026-08-02T01:50:16.448Z - GET /src/admin/LoginPage.tsx
2026-08-02T01:50:16.451Z - GET /src/admin/Jobs.tsx
2026-08-02T01:50:16.453Z - GET /components/Breadcrumbs.tsx
2026-08-02T01:50:16.456Z - GET /components/SEOMeta.tsx
2026-08-02T01:50:16.459Z - GET /components/ui/ArenaButton.tsx
2026-08-02T01:50:16.461Z - GET /node_modules/.vite/deps/xlsx.js?v=90fbd89e
2026-08-02T01:50:16.499Z - GET /node_modules/.vite/deps/firebase_firestore.js?v=1daf7854
2026-08-02T01:50:16.505Z - GET /src/lib/firebase.ts
2026-08-02T01:50:16.507Z - GET /node_modules/.vite/deps/firebase_auth.js?v=650e454b
2026-08-02T01:50:16.509Z - GET /node_modules/.vite/deps/chunk-GHX6QOSA.js?v=b05d1d9c
2026-08-02T01:50:16.511Z - GET /node_modules/.vite/deps/chunk-2GTGKKMZ.js?v=b05d1d9c
2026-08-02T01:50:16.513Z - GET /node_modules/.vite/deps/chunk-V5LT2MCF.js?v=b05d1d9c
2026-08-02T01:50:16.682Z - GET /node_modules/.vite/deps/firebase_app.js?v=dc6443e0
2026-08-02T01:50:16.696Z - GET /node_modules/.vite/deps/chunk-CCHYV7MY.js?v=b05d1d9c
2026-08-02T01:50:16.697Z - GET /firebase-applet-config.json?import
2026-08-02T01:50:16.937Z - GET /assets/bag.png
2026-08-02T01:50:16.939Z - GET /assets/jearsy.png
2026-08-02T01:50:16.941Z - GET /assets/mat.png
2026-08-02T01:50:16.943Z - GET /assets/mouse.png
2026-08-02T01:50:16.944Z - GET /assets/Gk%20Logo.png
2026-08-02T01:50:16.947Z - GET /assets/frame.png
2026-08-02T01:50:22.854Z - GET /
2026-08-02T01:52:24.981Z - GET /
2026-08-02T01:52:32.407Z - GET /
2026-08-02T01:52:32.907Z - GET /index.tsx
2026-08-02T01:52:32.908Z - GET /@vite/client
2026-08-02T01:52:32.911Z - GET /@react-refresh
2026-08-02T01:52:33.104Z - GET /node_modules/.vite/deps/react-dom_client.js?v=75771476
2026-08-02T01:52:33.113Z - GET /App.tsx
2026-08-02T01:52:33.167Z - GET /node_modules/.vite/deps/react_jsx-dev-runtime.js?v=75771476
2026-08-02T01:52:33.179Z - GET /node_modules/.vite/deps/react.js?v=75771476
2026-08-02T01:52:33.184Z - GET /node_modules/vite/dist/client/env.mjs
2026-08-02T01:52:33.190Z - GET /node_modules/.vite/deps/chunk-GHX6QOSA.js?v=75771476
2026-08-02T01:52:33.191Z - GET /node_modules/.vite/deps/chunk-2GTGKKMZ.js?v=75771476
2026-08-02T01:52:33.972Z - GET /node_modules/.vite/deps/chunk-V5LT2MCF.js?v=75771476
2026-08-02T01:52:33.981Z - GET /node_modules/.vite/deps/lucide-react.js?v=75771476
2026-08-02T01:52:33.983Z - GET /pages/Home.tsx
2026-08-02T01:52:33.984Z - GET /node_modules/.vite/deps/react-router-dom.js?v=75771476
2026-08-02T01:52:33.986Z - GET /node_modules/.vite/deps/framer-motion.js?v=75771476
2026-08-02T01:52:33.988Z - GET /pages/Schedule.tsx
2026-08-02T01:52:33.989Z - GET /src/admin/Teams.tsx
2026-08-02T01:52:33.990Z - GET /pages/Information.tsx
2026-08-02T01:52:33.991Z - GET /src/admin/LoginPage.tsx
2026-08-02T01:52:33.992Z - GET /pages/Careers.tsx
2026-08-02T01:52:33.993Z - GET /src/admin/News.tsx
2026-08-02T01:52:33.993Z - GET /src/admin/Subscribers.tsx
2026-08-02T01:52:33.994Z - GET /src/admin/Users.tsx
2026-08-02T01:52:33.995Z - GET /src/admin/Schedule.tsx
2026-08-02T01:52:33.995Z - GET /src/admin/Creators.tsx
2026-08-02T01:52:33.996Z - GET /pages/JobDetail.tsx
2026-08-02T01:52:33.998Z - GET /src/admin/Gallery.tsx
2026-08-02T01:52:33.998Z - GET /src/admin/AdminLayout.tsx
2026-08-02T01:52:34.073Z - GET /src/admin/Dashboard.tsx
2026-08-02T01:52:34.115Z - GET /src/admin/Settings.tsx
2026-08-02T01:52:34.130Z - GET /pages/Teams.tsx
2026-08-02T01:52:34.139Z - GET /components/GlobalSearch.tsx
2026-08-02T01:52:34.142Z - GET /components/SocialFollowerIcon.tsx
2026-08-02T01:52:34.164Z - GET /src/admin/Leadership.tsx
2026-08-02T01:52:34.188Z - GET /pages/PlayerProfile.tsx
2026-08-02T01:52:34.194Z - GET /pages/About.tsx
2026-08-02T01:52:34.197Z - GET /pages/EventDetail.tsx
2026-08-02T01:52:34.200Z - GET /components/NewsletterPopup.tsx
2026-08-02T01:52:34.202Z - GET /pages/Socials.tsx
2026-08-02T01:52:34.205Z - GET /src/admin/Jobs.tsx
2026-08-02T01:52:34.206Z - GET /constants.tsx
2026-08-02T01:52:34.208Z - GET /pages/News.tsx
2026-08-02T01:52:34.210Z - GET /pages/NewsDetail.tsx
2026-08-02T01:52:34.216Z - GET /components/Breadcrumbs.tsx
2026-08-02T01:52:34.231Z - GET /components/SEOMeta.tsx
2026-08-02T01:52:34.237Z - GET /components/ui/ArenaButton.tsx
2026-08-02T01:52:34.239Z - GET /node_modules/.vite/deps/firebase_auth.js?v=75771476
2026-08-02T01:52:34.241Z - GET /src/lib/firebase.ts
2026-08-02T01:52:34.288Z - GET /node_modules/.vite/deps/xlsx.js?v=75771476
2026-08-02T01:52:34.294Z - GET /node_modules/.vite/deps/firebase_firestore.js?v=75771476
2026-08-02T01:52:34.351Z - GET /firebase-applet-config.json?import
2026-08-02T01:52:34.353Z - GET /node_modules/.vite/deps/firebase_app.js?v=75771476
2026-08-02T01:52:34.371Z - GET /node_modules/.vite/deps/chunk-CCHYV7MY.js?v=75771476
2026-08-02T01:52:34.472Z - GET /assets/Gk%20Logo.png
2026-08-02T01:52:34.491Z - GET /assets/frame.png
2026-08-02T01:52:34.493Z - GET /assets/mouse.png
2026-08-02T01:52:34.494Z - GET /assets/bag.png
2026-08-02T01:52:34.495Z - GET /assets/mat.png
2026-08-02T01:52:34.497Z - GET /assets/jearsy.png
2026-08-02T02:19:26.983Z - GET /
2026-08-02T02:19:34.010Z - GET /
2026-08-02T02:19:34.501Z - GET /@vite/client
2026-08-02T02:19:34.503Z - GET /@react-refresh
2026-08-02T02:19:34.511Z - GET /index.tsx
2026-08-02T02:19:34.703Z - GET /App.tsx
2026-08-02T02:19:34.704Z - GET /node_modules/vite/dist/client/env.mjs
2026-08-02T02:19:35.625Z - GET /pages/Teams.tsx
2026-08-02T02:19:35.629Z - GET /pages/Schedule.tsx
2026-08-02T02:19:35.635Z - GET /pages/Careers.tsx
2026-08-02T02:19:35.668Z - GET /pages/Information.tsx
2026-08-02T02:19:35.695Z - GET /pages/Home.tsx
2026-08-02T02:19:35.720Z - GET /pages/About.tsx
2026-08-02T02:19:35.723Z - GET /src/admin/Teams.tsx
2026-08-02T02:19:35.726Z - GET /src/admin/Jobs.tsx
2026-08-02T02:19:35.728Z - GET /src/admin/Gallery.tsx
2026-08-02T02:19:35.730Z - GET /src/admin/Leadership.tsx
2026-08-02T02:19:35.731Z - GET /src/admin/Users.tsx
2026-08-02T02:19:35.733Z - GET /src/admin/Creators.tsx
2026-08-02T02:19:35.734Z - GET /src/admin/AdminLayout.tsx
2026-08-02T02:19:35.736Z - GET /pages/JobDetail.tsx
2026-08-02T02:19:35.737Z - GET /src/admin/Dashboard.tsx
2026-08-02T02:19:35.739Z - GET /src/admin/Schedule.tsx
2026-08-02T02:19:35.740Z - GET /src/admin/Settings.tsx
2026-08-02T02:19:35.742Z - GET /src/admin/News.tsx
2026-08-02T02:19:35.743Z - GET /src/admin/Subscribers.tsx
2026-08-02T02:19:35.744Z - GET /pages/Socials.tsx
2026-08-02T02:19:35.746Z - GET /components/GlobalSearch.tsx
2026-08-02T02:19:35.747Z - GET /src/admin/LoginPage.tsx
2026-08-02T02:19:35.748Z - GET /pages/News.tsx
2026-08-02T02:19:35.749Z - GET /pages/EventDetail.tsx
2026-08-02T02:19:35.751Z - GET /constants.tsx
2026-08-02T02:19:35.752Z - GET /pages/PlayerProfile.tsx
2026-08-02T02:19:35.753Z - GET /pages/NewsDetail.tsx
2026-08-02T02:19:35.755Z - GET /components/SocialFollowerIcon.tsx
2026-08-02T02:19:35.756Z - GET /components/NewsletterPopup.tsx
2026-08-02T02:19:35.757Z - GET /components/SEOMeta.tsx
2026-08-02T02:19:35.759Z - GET /components/Breadcrumbs.tsx
2026-08-02T02:19:35.760Z - GET /components/ui/ArenaButton.tsx
2026-08-02T02:19:35.809Z - GET /src/lib/firebase.ts
2026-08-02T02:19:35.886Z - GET /firebase-applet-config.json?import
2026-08-02T02:19:35.987Z - GET /assets/Gk%20Logo.png
2026-08-02T02:19:36.003Z - GET /assets/bag.png
2026-08-02T02:19:36.004Z - GET /assets/frame.png
2026-08-02T02:19:36.006Z - GET /assets/mat.png
2026-08-02T02:19:36.008Z - GET /assets/mouse.png
2026-08-02T02:19:36.010Z - GET /assets/jearsy.png
2026-08-02T02:40:31.860Z - GET /
2026-08-02T02:40:50.983Z - GET /assets/RAGNAROK.png
2026-08-02T02:40:50.986Z - GET /assets/SAFG.png
2026-08-02T02:40:50.988Z - GET /assets/Feitan.png
2026-08-02T02:40:50.990Z - GET /assets/KEVIN.png
2026-08-02T02:40:50.992Z - GET /assets/SALEH.png
2026-08-02T02:40:50.995Z - GET /assets/EZ4BADBOY.png
2026-08-02T02:40:50.998Z - GET /assets/ZARAKI.png
2026-08-02T02:40:53.721Z - GET /assets/Feitan.png
2026-08-02T02:40:53.724Z - GET /assets/ZARAKI.png
2026-08-02T02:40:53.726Z - GET /assets/RAGNAROK.png
2026-08-02T02:40:53.728Z - GET /assets/SAFG.png
2026-08-02T02:40:56.351Z - GET /assets/RAGNAROK.png
2026-08-02T02:40:56.354Z - GET /assets/Feitan.png
2026-08-02T02:40:56.357Z - GET /assets/SAFG.png
2026-08-02T02:40:56.360Z - GET /assets/ZARAKI.png
2026-08-02T02:41:03.407Z - GET /assets/Abdulrahman%20Al-Tmimi.jpg
2026-08-02T02:41:03.410Z - GET /assets/Lebrady_12.png
2026-08-02T02:41:03.413Z - GET /assets/doo7i.png
2026-08-02T02:41:05.742Z - GET /assets/Lebrady_12.png
2026-08-02T02:47:50.580Z - GET /
2026-08-02T02:47:51.159Z - GET /index.tsx
2026-08-02T02:47:51.160Z - GET /@vite/client
2026-08-02T02:47:51.175Z - GET /@react-refresh
2026-08-02T02:47:51.342Z - GET /node_modules/vite/dist/client/env.mjs
2026-08-02T02:47:51.344Z - GET /App.tsx
2026-08-02T02:47:52.303Z - GET /pages/Teams.tsx
2026-08-02T02:47:52.327Z - GET /pages/Schedule.tsx
2026-08-02T02:47:52.391Z - GET /pages/Home.tsx
2026-08-02T02:47:52.396Z - GET /pages/About.tsx
2026-08-02T02:47:52.424Z - GET /src/admin/Creators.tsx
2026-08-02T02:47:52.440Z - GET /src/admin/Teams.tsx
2026-08-02T02:47:52.450Z - GET /pages/Information.tsx
2026-08-02T02:47:52.472Z - GET /src/admin/Dashboard.tsx
2026-08-02T02:47:52.497Z - GET /pages/Careers.tsx
2026-08-02T02:47:52.501Z - GET /src/admin/Users.tsx
2026-08-02T02:47:52.503Z - GET /src/admin/AdminLayout.tsx
2026-08-02T02:47:52.505Z - GET /src/admin/LoginPage.tsx
2026-08-02T02:47:52.507Z - GET /src/admin/Gallery.tsx
2026-08-02T02:47:52.508Z - GET /pages/Socials.tsx
2026-08-02T02:47:52.510Z - GET /pages/News.tsx
2026-08-02T02:47:52.512Z - GET /pages/JobDetail.tsx
2026-08-02T02:47:52.513Z - GET /src/admin/Settings.tsx
2026-08-02T02:47:52.515Z - GET /src/admin/Schedule.tsx
2026-08-02T02:47:52.517Z - GET /src/admin/News.tsx
2026-08-02T02:47:52.519Z - GET /src/admin/Leadership.tsx
2026-08-02T02:47:52.520Z - GET /pages/EventDetail.tsx
2026-08-02T02:47:52.522Z - GET /src/admin/Jobs.tsx
2026-08-02T02:47:52.524Z - GET /src/admin/Subscribers.tsx
2026-08-02T02:47:52.526Z - GET /components/SocialFollowerIcon.tsx
2026-08-02T02:47:52.527Z - GET /pages/PlayerProfile.tsx
2026-08-02T02:47:52.529Z - GET /components/NewsletterPopup.tsx
2026-08-02T02:47:52.530Z - GET /components/GlobalSearch.tsx
2026-08-02T02:47:52.532Z - GET /pages/NewsDetail.tsx
2026-08-02T02:47:52.533Z - GET /constants.tsx
2026-08-02T02:47:52.535Z - GET /components/SEOMeta.tsx
2026-08-02T02:47:52.536Z - GET /components/Breadcrumbs.tsx
2026-08-02T02:47:52.538Z - GET /components/ui/ArenaButton.tsx
2026-08-02T02:47:52.584Z - GET /src/lib/firebase.ts
2026-08-02T02:47:52.658Z - GET /firebase-applet-config.json?import
2026-08-02T02:47:52.755Z - GET /assets/Gk%20Logo.png
2026-08-02T02:47:52.786Z - GET /api/activity
2026-08-02T02:47:52.802Z - GET /api/stats
2026-08-02T02:47:52.805Z - GET /api/health
2026-08-02T02:47:52.879Z - GET /api/health
2026-08-02T02:47:53.478Z - GET /api/activity
2026-08-02T02:47:54.779Z - GET /api/stats
2026-08-02T02:48:05.759Z - GET /api/leadership
2026-08-02T02:48:06.247Z - GET /api/leadership
2026-08-02T02:48:06.915Z - GET /api/teams
2026-08-02T02:48:07.395Z - GET /api/teams
2026-08-02T02:48:41.941Z - POST /api/teams
2026-08-02T02:48:42.666Z - GET /api/teams
2026-08-02T02:48:44.734Z - GET /api/teams/1/players
2026-08-02T02:49:10.125Z - POST /api/players
2026-08-02T02:49:10.655Z - GET /api/teams/1/players
2026-08-02T02:49:59.933Z - GET /assets/Breezi.png
2026-08-02T02:49:59.935Z - GET /assets/NO%20PHOTO.png
2026-08-02T02:49:59.939Z - GET /assets/Jorhdys.png
2026-08-02T02:50:36.069Z - GET /
2026-08-02T02:50:41.902Z - GET /
2026-08-02T02:50:42.395Z - GET /@vite/client
2026-08-02T02:50:42.399Z - GET /@react-refresh
2026-08-02T02:50:42.406Z - GET /index.tsx
2026-08-02T02:50:42.599Z - GET /node_modules/vite/dist/client/env.mjs
2026-08-02T02:50:42.624Z - GET /App.tsx
2026-08-02T02:50:43.544Z - GET /pages/Home.tsx
2026-08-02T02:50:43.546Z - GET /pages/Schedule.tsx
2026-08-02T02:50:43.553Z - GET /pages/About.tsx
2026-08-02T02:50:43.589Z - GET /pages/Teams.tsx
2026-08-02T02:50:43.616Z - GET /src/admin/Leadership.tsx
2026-08-02T02:50:43.642Z - GET /pages/Careers.tsx
2026-08-02T02:50:43.645Z - GET /pages/JobDetail.tsx
2026-08-02T02:50:43.648Z - GET /pages/Information.tsx
2026-08-02T02:50:43.650Z - GET /src/admin/Teams.tsx
2026-08-02T02:50:43.652Z - GET /src/admin/Dashboard.tsx
2026-08-02T02:50:43.653Z - GET /src/admin/Settings.tsx
2026-08-02T02:50:43.654Z - GET /src/admin/AdminLayout.tsx
2026-08-02T02:50:43.654Z - GET /src/admin/Schedule.tsx
2026-08-02T02:50:43.656Z - GET /src/admin/Creators.tsx
2026-08-02T02:50:43.658Z - GET /src/admin/Subscribers.tsx
2026-08-02T02:50:43.659Z - GET /src/admin/Users.tsx
2026-08-02T02:50:43.660Z - GET /src/admin/LoginPage.tsx
2026-08-02T02:50:43.661Z - GET /pages/News.tsx
2026-08-02T02:50:43.661Z - GET /src/admin/News.tsx
2026-08-02T02:50:43.662Z - GET /src/admin/Gallery.tsx
2026-08-02T02:50:43.663Z - GET /src/admin/Jobs.tsx
2026-08-02T02:50:43.663Z - GET /components/GlobalSearch.tsx
2026-08-02T02:50:43.664Z - GET /components/NewsletterPopup.tsx
2026-08-02T02:50:43.665Z - GET /pages/EventDetail.tsx
2026-08-02T02:50:43.666Z - GET /constants.tsx
2026-08-02T02:50:43.666Z - GET /pages/NewsDetail.tsx
2026-08-02T02:50:43.667Z - GET /pages/Socials.tsx
2026-08-02T02:50:43.668Z - GET /components/SocialFollowerIcon.tsx
2026-08-02T02:50:43.669Z - GET /pages/PlayerProfile.tsx
2026-08-02T02:50:43.669Z - GET /components/ui/ArenaButton.tsx
2026-08-02T02:50:43.670Z - GET /components/Breadcrumbs.tsx
2026-08-02T02:50:43.671Z - GET /components/SEOMeta.tsx
2026-08-02T02:50:43.752Z - GET /src/lib/firebase.ts
2026-08-02T02:50:43.830Z - GET /firebase-applet-config.json?import
2026-08-02T02:50:43.925Z - GET /assets/Gk%20Logo.png
2026-08-02T02:50:43.939Z - GET /assets/jearsy.png
2026-08-02T02:50:43.943Z - GET /assets/frame.png
2026-08-02T02:50:43.945Z - GET /assets/bag.png
2026-08-02T02:50:43.947Z - GET /assets/mouse.png
2026-08-02T02:50:43.949Z - GET /assets/mat.png
2026-08-02T03:05:30.283Z - GET /
2026-08-02T03:05:39.757Z - GET /
2026-08-02T03:05:40.239Z - GET /@vite/client
2026-08-02T03:05:40.256Z - GET /index.tsx
2026-08-02T03:05:40.258Z - GET /@react-refresh
2026-08-02T03:05:40.446Z - GET /node_modules/vite/dist/client/env.mjs
2026-08-02T03:05:40.449Z - GET /App.tsx
2026-08-02T03:05:41.345Z - GET /pages/Home.tsx
2026-08-02T03:05:41.378Z - GET /pages/Schedule.tsx
2026-08-02T03:05:41.448Z - GET /pages/Teams.tsx
2026-08-02T03:05:41.464Z - GET /src/admin/Dashboard.tsx
2026-08-02T03:05:41.470Z - GET /src/admin/LoginPage.tsx
2026-08-02T03:05:41.510Z - GET /src/admin/Teams.tsx
2026-08-02T03:05:41.538Z - GET /pages/Information.tsx
2026-08-02T03:05:41.563Z - GET /pages/JobDetail.tsx
2026-08-02T03:05:41.566Z - GET /pages/About.tsx
2026-08-02T03:05:41.570Z - GET /src/admin/AdminLayout.tsx
2026-08-02T03:05:41.573Z - GET /pages/Careers.tsx
2026-08-02T03:05:41.575Z - GET /src/admin/Leadership.tsx
2026-08-02T03:05:41.577Z - GET /src/admin/Gallery.tsx
2026-08-02T03:05:41.579Z - GET /src/admin/Jobs.tsx
2026-08-02T03:05:41.580Z - GET /src/admin/Schedule.tsx
2026-08-02T03:05:41.582Z - GET /src/admin/Creators.tsx
2026-08-02T03:05:41.584Z - GET /src/admin/Users.tsx
2026-08-02T03:05:41.585Z - GET /src/admin/Subscribers.tsx
2026-08-02T03:05:41.587Z - GET /src/admin/Settings.tsx
2026-08-02T03:05:41.588Z - GET /pages/NewsDetail.tsx
2026-08-02T03:05:41.589Z - GET /pages/Socials.tsx
2026-08-02T03:05:41.591Z - GET /constants.tsx
2026-08-02T03:05:41.592Z - GET /pages/News.tsx
2026-08-02T03:05:41.593Z - GET /components/NewsletterPopup.tsx
2026-08-02T03:05:41.594Z - GET /pages/EventDetail.tsx
2026-08-02T03:05:41.596Z - GET /components/GlobalSearch.tsx
2026-08-02T03:05:41.597Z - GET /pages/PlayerProfile.tsx
2026-08-02T03:05:41.601Z - GET /components/SocialFollowerIcon.tsx
2026-08-02T03:05:41.602Z - GET /src/admin/News.tsx
2026-08-02T03:05:41.604Z - GET /components/Breadcrumbs.tsx
2026-08-02T03:05:41.605Z - GET /components/SEOMeta.tsx
2026-08-02T03:05:41.607Z - GET /components/ui/ArenaButton.tsx
2026-08-02T03:05:41.608Z - GET /src/lib/firebase.ts
2026-08-02T03:05:41.658Z - GET /src/components/ImageUploader.tsx
2026-08-02T03:05:41.737Z - GET /firebase-applet-config.json?import
2026-08-02T03:05:41.877Z - GET /assets/Gk%20Logo.png
2026-08-02T03:05:41.944Z - GET /assets/frame.png
2026-08-02T03:05:41.945Z - GET /assets/mat.png
2026-08-02T03:05:41.948Z - GET /assets/mouse.png
2026-08-02T03:05:41.951Z - GET /assets/bag.png
2026-08-02T03:05:42.027Z - GET /assets/jearsy.png
2026-08-02T03:06:45.640Z - GET /
2026-08-02T03:06:45.740Z - GET /index.tsx
2026-08-02T03:06:45.751Z - GET /@vite/client
2026-08-02T03:06:45.759Z - GET /@react-refresh
2026-08-02T03:06:45.911Z - GET /App.tsx
2026-08-02T03:06:45.914Z - GET /node_modules/vite/dist/client/env.mjs
2026-08-02T03:06:46.077Z - GET /pages/Careers.tsx
2026-08-02T03:06:46.079Z - GET /pages/Teams.tsx
2026-08-02T03:06:46.081Z - GET /pages/About.tsx
2026-08-02T03:06:46.086Z - GET /pages/Home.tsx
2026-08-02T03:06:46.088Z - GET /pages/Schedule.tsx
2026-08-02T03:06:46.090Z - GET /pages/Information.tsx
2026-08-02T03:06:46.091Z - GET /pages/EventDetail.tsx
2026-08-02T03:06:46.093Z - GET /components/SocialFollowerIcon.tsx
2026-08-02T03:06:46.096Z - GET /pages/News.tsx
2026-08-02T03:06:46.098Z - GET /src/admin/Settings.tsx
2026-08-02T03:06:46.099Z - GET /pages/PlayerProfile.tsx
2026-08-02T03:06:46.101Z - GET /src/admin/News.tsx
2026-08-02T03:06:46.104Z - GET /src/admin/Creators.tsx
2026-08-02T03:06:46.106Z - GET /src/admin/Jobs.tsx
2026-08-02T03:06:46.107Z - GET /src/admin/Gallery.tsx
2026-08-02T03:06:46.109Z - GET /src/admin/Users.tsx
2026-08-02T03:06:46.110Z - GET /src/admin/Subscribers.tsx
2026-08-02T03:06:46.113Z - GET /src/admin/Leadership.tsx
2026-08-02T03:06:46.115Z - GET /pages/Socials.tsx
2026-08-02T03:06:46.117Z - GET /src/admin/Teams.tsx
2026-08-02T03:06:46.118Z - GET /src/admin/Schedule.tsx
2026-08-02T03:06:46.120Z - GET /pages/JobDetail.tsx
2026-08-02T03:06:46.122Z - GET /src/admin/AdminLayout.tsx
2026-08-02T03:06:46.123Z - GET /pages/NewsDetail.tsx
2026-08-02T03:06:46.125Z - GET /constants.tsx
2026-08-02T03:06:46.127Z - GET /components/GlobalSearch.tsx
2026-08-02T03:06:46.129Z - GET /src/admin/Dashboard.tsx
2026-08-02T03:06:46.130Z - GET /src/admin/LoginPage.tsx
2026-08-02T03:06:46.132Z - GET /components/NewsletterPopup.tsx
2026-08-02T03:06:46.152Z - GET /components/ui/ArenaButton.tsx
2026-08-02T03:06:46.153Z - GET /components/Breadcrumbs.tsx
2026-08-02T03:06:46.156Z - GET /components/SEOMeta.tsx
2026-08-02T03:06:46.174Z - GET /src/components/ImageUploader.tsx
2026-08-02T03:06:46.185Z - GET /src/lib/firebase.ts
2026-08-02T03:06:46.262Z - GET /firebase-applet-config.json?import
2026-08-02T03:06:46.356Z - GET /assets/Gk%20Logo.png
2026-08-02T03:06:57.071Z - GET /
2026-08-02T03:06:57.162Z - GET /@vite/client
2026-08-02T03:06:57.165Z - GET /index.tsx
2026-08-02T03:06:57.185Z - GET /@react-refresh
2026-08-02T03:06:57.344Z - GET /node_modules/vite/dist/client/env.mjs
2026-08-02T03:06:57.345Z - GET /App.tsx
2026-08-02T03:06:57.420Z - GET /pages/Home.tsx
2026-08-02T03:06:57.424Z - GET /pages/About.tsx
2026-08-02T03:06:57.425Z - GET /pages/Teams.tsx
2026-08-02T03:06:57.428Z - GET /pages/Schedule.tsx
2026-08-02T03:06:57.437Z - GET /pages/Socials.tsx
2026-08-02T03:06:57.438Z - GET /src/admin/News.tsx
2026-08-02T03:06:57.440Z - GET /pages/NewsDetail.tsx
2026-08-02T03:06:57.442Z - GET /src/admin/Settings.tsx
2026-08-02T03:06:57.445Z - GET /src/admin/Creators.tsx
2026-08-02T03:06:57.446Z - GET /src/admin/Leadership.tsx
2026-08-02T03:06:57.447Z - GET /pages/News.tsx
2026-08-02T03:06:57.449Z - GET /src/admin/Jobs.tsx
2026-08-02T03:06:57.450Z - GET /src/admin/Subscribers.tsx
2026-08-02T03:06:57.451Z - GET /src/admin/Gallery.tsx
2026-08-02T03:06:57.453Z - GET /src/admin/Teams.tsx
2026-08-02T03:06:57.454Z - GET /pages/JobDetail.tsx
2026-08-02T03:06:57.455Z - GET /src/admin/Dashboard.tsx
2026-08-02T03:06:57.457Z - GET /src/admin/Schedule.tsx
2026-08-02T03:06:57.459Z - GET /pages/Information.tsx
2026-08-02T03:06:57.460Z - GET /src/admin/LoginPage.tsx
2026-08-02T03:06:57.461Z - GET /src/admin/AdminLayout.tsx
2026-08-02T03:06:57.462Z - GET /src/admin/Users.tsx
2026-08-02T03:06:57.464Z - GET /components/GlobalSearch.tsx
2026-08-02T03:06:57.465Z - GET /constants.tsx
2026-08-02T03:06:57.466Z - GET /pages/Careers.tsx
2026-08-02T03:06:57.467Z - GET /components/SocialFollowerIcon.tsx
2026-08-02T03:06:57.468Z - GET /components/NewsletterPopup.tsx
2026-08-02T03:06:57.469Z - GET /pages/EventDetail.tsx
2026-08-02T03:06:57.471Z - GET /pages/PlayerProfile.tsx
2026-08-02T03:06:57.499Z - GET /components/ui/ArenaButton.tsx
2026-08-02T03:06:57.500Z - GET /components/SEOMeta.tsx
2026-08-02T03:06:57.502Z - GET /components/Breadcrumbs.tsx
2026-08-02T03:06:57.512Z - GET /src/components/ImageUploader.tsx
2026-08-02T03:06:57.524Z - GET /src/lib/firebase.ts
2026-08-02T03:06:57.609Z - GET /firebase-applet-config.json?import
2026-08-02T03:06:57.699Z - GET /assets/Gk%20Logo.png
2026-08-02T03:06:57.725Z - GET /api/health
2026-08-02T03:06:57.729Z - GET /api/stats
2026-08-02T03:06:57.745Z - GET /api/activity
2026-08-02T03:06:57.800Z - GET /api/health
2026-08-02T03:06:58.396Z - GET /api/activity
2026-08-02T03:07:00.072Z - GET /api/stats
2026-08-02T03:07:07.061Z - GET /assets/Breezi.png
2026-08-02T03:07:07.063Z - GET /assets/NO%20PHOTO.png
2026-08-02T03:07:07.065Z - GET /assets/Jorhdys.png
2026-08-02T16:17:41.599Z - GET /assets/Pacbull.png
2026-08-02T16:17:41.601Z - GET /assets/Rexhun.png
2026-08-02T16:17:41.603Z - GET /assets/AsK.png
2026-08-02T16:17:41.605Z - GET /assets/Murarz.png
2026-08-02T16:17:41.607Z - GET /assets/Sarks.png
2026-08-02T16:17:41.775Z - GET /assets/Hungry.png
2026-08-02T16:17:41.778Z - GET /assets/ShepparD.png
2026-08-02T16:17:44.099Z - GET /assets/Hungry.png
2026-08-02T16:17:44.104Z - GET /assets/ShepparD.png
2026-08-02T16:17:44.108Z - GET /assets/AsK.png
2026-08-02T16:17:44.111Z - GET /assets/Sarks.png
2026-08-02T16:17:44.118Z - GET /assets/Rexhun.png
2026-08-02T16:18:32.110Z - GET /assets/mouse.png
2026-08-02T16:18:32.111Z - GET /assets/bag.png
2026-08-02T16:18:32.114Z - GET /assets/mat.png
2026-08-02T16:18:32.158Z - GET /assets/frame.png
2026-08-02T16:18:32.301Z - GET /assets/jearsy.png
2026-08-02T16:18:35.926Z - GET /
2026-08-02T16:18:36.023Z - GET /@vite/client
2026-08-02T16:18:36.025Z - GET /index.tsx
2026-08-02T16:18:36.033Z - GET /@react-refresh
2026-08-02T16:18:36.183Z - GET /node_modules/vite/dist/client/env.mjs
2026-08-02T16:18:36.230Z - GET /App.tsx
2026-08-02T16:18:36.393Z - GET /pages/Home.tsx
2026-08-02T16:18:36.414Z - GET /pages/Information.tsx
2026-08-02T16:18:36.415Z - GET /src/admin/LoginPage.tsx
2026-08-02T16:18:36.418Z - GET /src/admin/Dashboard.tsx
2026-08-02T16:18:36.420Z - GET /pages/JobDetail.tsx
2026-08-02T16:18:36.421Z - GET /pages/About.tsx
2026-08-02T16:18:36.426Z - GET /src/admin/AdminLayout.tsx
2026-08-02T16:18:36.430Z - GET /pages/News.tsx
2026-08-02T16:18:36.432Z - GET /src/admin/News.tsx
2026-08-02T16:18:36.434Z - GET /src/admin/Jobs.tsx
2026-08-02T16:18:36.435Z - GET /pages/EventDetail.tsx
2026-08-02T16:18:36.436Z - GET /src/admin/Users.tsx
2026-08-02T16:18:36.438Z - GET /pages/Careers.tsx
2026-08-02T16:18:36.439Z - GET /pages/NewsDetail.tsx
2026-08-02T16:18:36.440Z - GET /src/admin/Subscribers.tsx
2026-08-02T16:18:36.442Z - GET /pages/Schedule.tsx
2026-08-02T16:18:36.443Z - GET /pages/PlayerProfile.tsx
2026-08-02T16:18:36.445Z - GET /pages/Socials.tsx
2026-08-02T16:18:36.447Z - GET /components/GlobalSearch.tsx
2026-08-02T16:18:36.448Z - GET /constants.tsx
2026-08-02T16:18:36.449Z - GET /components/SocialFollowerIcon.tsx
2026-08-02T16:18:36.450Z - GET /src/admin/Teams.tsx
2026-08-02T16:18:36.452Z - GET /src/admin/Schedule.tsx
2026-08-02T16:18:36.453Z - GET /pages/Teams.tsx
2026-08-02T16:18:36.455Z - GET /src/admin/Leadership.tsx
2026-08-02T16:18:36.456Z - GET /src/admin/Settings.tsx
2026-08-02T16:18:36.458Z - GET /src/admin/Gallery.tsx
2026-08-02T16:18:36.460Z - GET /src/admin/Creators.tsx
2026-08-02T16:18:36.475Z - GET /components/NewsletterPopup.tsx
2026-08-02T16:18:36.484Z - GET /components/ui/ArenaButton.tsx
2026-08-02T16:18:36.495Z - GET /components/SEOMeta.tsx
2026-08-02T16:18:36.497Z - GET /src/lib/firebase.ts
2026-08-02T16:18:36.513Z - GET /components/Breadcrumbs.tsx
2026-08-02T16:18:36.517Z - GET /src/components/ImageUploader.tsx
2026-08-02T16:18:36.573Z - GET /firebase-applet-config.json?import
2026-08-02T16:18:36.702Z - GET /assets/Gk%20Logo.png
2026-08-02T16:18:44.044Z - GET /
2026-08-02T16:18:44.142Z - GET /@vite/client
2026-08-02T16:18:44.144Z - GET /index.tsx
2026-08-02T16:18:44.176Z - GET /@react-refresh
2026-08-02T16:18:44.280Z - GET /node_modules/vite/dist/client/env.mjs
2026-08-02T16:18:44.305Z - GET /App.tsx
2026-08-02T16:18:44.406Z - GET /pages/Home.tsx
2026-08-02T16:18:44.408Z - GET /pages/Information.tsx
2026-08-02T16:18:44.409Z - GET /src/admin/AdminLayout.tsx
2026-08-02T16:18:44.412Z - GET /src/admin/Dashboard.tsx
2026-08-02T16:18:44.415Z - GET /pages/Careers.tsx
2026-08-02T16:18:44.416Z - GET /pages/About.tsx
2026-08-02T16:18:44.417Z - GET /pages/Schedule.tsx
2026-08-02T16:18:44.420Z - GET /pages/PlayerProfile.tsx
2026-08-02T16:18:44.422Z - GET /pages/EventDetail.tsx
2026-08-02T16:18:44.424Z - GET /pages/JobDetail.tsx
2026-08-02T16:18:44.425Z - GET /src/admin/Subscribers.tsx
2026-08-02T16:18:44.427Z - GET /pages/Socials.tsx
2026-08-02T16:18:44.428Z - GET /src/admin/Leadership.tsx
2026-08-02T16:18:44.430Z - GET /src/admin/Settings.tsx
2026-08-02T16:18:44.432Z - GET /pages/News.tsx
2026-08-02T16:18:44.433Z - GET /src/admin/Schedule.tsx
2026-08-02T16:18:44.434Z - GET /src/admin/Jobs.tsx
2026-08-02T16:18:44.435Z - GET /src/admin/Gallery.tsx
2026-08-02T16:18:44.436Z - GET /src/admin/Teams.tsx
2026-08-02T16:18:44.437Z - GET /components/SocialFollowerIcon.tsx
2026-08-02T16:18:44.438Z - GET /constants.tsx
2026-08-02T16:18:44.439Z - GET /pages/Teams.tsx
2026-08-02T16:18:44.441Z - GET /pages/NewsDetail.tsx
2026-08-02T16:18:44.442Z - GET /src/admin/News.tsx
2026-08-02T16:18:44.443Z - GET /src/admin/Users.tsx
2026-08-02T16:18:44.444Z - GET /src/admin/LoginPage.tsx
2026-08-02T16:18:44.445Z - GET /src/admin/Creators.tsx
2026-08-02T16:18:44.447Z - GET /components/NewsletterPopup.tsx
2026-08-02T16:18:44.448Z - GET /components/GlobalSearch.tsx
2026-08-02T16:18:44.486Z - GET /components/Breadcrumbs.tsx
2026-08-02T16:18:44.486Z - GET /components/SEOMeta.tsx
2026-08-02T16:18:44.487Z - GET /components/ui/ArenaButton.tsx
2026-08-02T16:18:44.489Z - GET /src/lib/firebase.ts
2026-08-02T16:18:44.513Z - GET /src/components/ImageUploader.tsx
2026-08-02T16:18:44.565Z - GET /firebase-applet-config.json?import
2026-08-02T16:18:44.653Z - GET /assets/Gk%20Logo.png
2026-08-02T16:18:44.685Z - GET /api/stats
2026-08-02T16:18:44.688Z - GET /api/health
2026-08-02T16:18:44.689Z - GET /api/activity
2026-08-02T16:18:44.763Z - GET /api/health
2026-08-02T16:18:45.919Z - GET /api/activity
2026-08-02T16:18:47.681Z - GET /api/stats
2026-08-02T16:18:50.549Z - GET /api/events
2026-08-02T16:18:50.819Z - GET /api/events
2026-08-02T16:18:56.372Z - GET /api/leadership
2026-08-02T16:18:56.619Z - GET /api/leadership
2026-08-02T16:18:58.140Z - GET /api/teams
2026-08-02T16:18:58.376Z - GET /api/teams
2026-08-02T16:20:04.417Z - POST /api/upload
2026-08-02T16:20:12.068Z - POST /api/upload
2026-08-02T16:20:50.188Z - POST /api/teams
2026-08-02T16:20:50.796Z - GET /api/teams
2026-08-02T16:20:57.281Z - GET /api/teams/1/players
2026-08-02T16:21:01.895Z - GET /
2026-08-02T16:21:01.990Z - GET /@vite/client
2026-08-02T16:21:01.991Z - GET /index.tsx
2026-08-02T16:21:02.013Z - GET /@react-refresh
2026-08-02T16:21:02.194Z - GET /node_modules/vite/dist/client/env.mjs
2026-08-02T16:21:02.198Z - GET /App.tsx
2026-08-02T16:21:02.284Z - GET /pages/Home.tsx
2026-08-02T16:21:02.290Z - GET /pages/Schedule.tsx
2026-08-02T16:21:02.292Z - GET /pages/About.tsx
2026-08-02T16:21:02.294Z - GET /pages/EventDetail.tsx
2026-08-02T16:21:02.295Z - GET /src/admin/News.tsx
2026-08-02T16:21:02.296Z - GET /pages/NewsDetail.tsx
2026-08-02T16:21:02.299Z - GET /src/admin/Settings.tsx
2026-08-02T16:21:02.300Z - GET /src/admin/Users.tsx
2026-08-02T16:21:02.302Z - GET /pages/PlayerProfile.tsx
2026-08-02T16:21:02.303Z - GET /src/admin/Leadership.tsx
2026-08-02T16:21:02.304Z - GET /src/admin/Creators.tsx
2026-08-02T16:21:02.305Z - GET /src/admin/Jobs.tsx
2026-08-02T16:21:02.307Z - GET /src/admin/Teams.tsx
2026-08-02T16:21:02.308Z - GET /pages/Socials.tsx
2026-08-02T16:21:02.309Z - GET /src/admin/Subscribers.tsx
2026-08-02T16:21:02.310Z - GET /src/admin/Schedule.tsx
2026-08-02T16:21:02.312Z - GET /src/admin/Gallery.tsx
2026-08-02T16:21:02.313Z - GET /pages/News.tsx
2026-08-02T16:21:02.314Z - GET /src/admin/AdminLayout.tsx
2026-08-02T16:21:02.315Z - GET /pages/Information.tsx
2026-08-02T16:21:02.316Z - GET /components/SocialFollowerIcon.tsx
2026-08-02T16:21:02.318Z - GET /pages/Careers.tsx
2026-08-02T16:21:02.319Z - GET /src/admin/LoginPage.tsx
2026-08-02T16:21:02.320Z - GET /pages/Teams.tsx
2026-08-02T16:21:02.321Z - GET /components/GlobalSearch.tsx
2026-08-02T16:21:02.322Z - GET /src/admin/Dashboard.tsx
2026-08-02T16:21:02.324Z - GET /components/NewsletterPopup.tsx
2026-08-02T16:21:02.325Z - GET /constants.tsx
2026-08-02T16:21:02.326Z - GET /pages/JobDetail.tsx
2026-08-02T16:21:02.396Z - GET /components/Breadcrumbs.tsx
2026-08-02T16:21:02.397Z - GET /src/components/ImageUploader.tsx
2026-08-02T16:21:02.398Z - GET /src/lib/firebase.ts
2026-08-02T16:21:02.400Z - GET /components/ui/ArenaButton.tsx
2026-08-02T16:21:02.401Z - GET /components/SEOMeta.tsx
2026-08-02T16:21:02.472Z - GET /firebase-applet-config.json?import
2026-08-02T16:21:02.564Z - GET /assets/Gk%20Logo.png
2026-08-02T16:21:02.587Z - GET /api/stats
2026-08-02T16:21:02.590Z - GET /api/activity
2026-08-02T16:21:02.592Z - GET /api/health
2026-08-02T16:21:02.667Z - GET /api/health
2026-08-02T16:21:02.840Z - GET /api/activity
2026-08-02T16:21:04.461Z - GET /api/stats
2026-08-02T16:21:07.101Z - GET /api/teams
2026-08-02T16:21:07.424Z - GET /api/teams
2026-08-02T16:23:00.544Z - GET /
2026-08-02T16:23:05.933Z - GET /
2026-08-02T16:23:06.438Z - GET /@vite/client
2026-08-02T16:23:06.440Z - GET /index.tsx
2026-08-02T16:23:06.441Z - GET /@react-refresh
2026-08-02T16:23:06.645Z - GET /App.tsx
2026-08-02T16:23:06.646Z - GET /node_modules/vite/dist/client/env.mjs
2026-08-02T16:23:07.649Z - GET /pages/Home.tsx
2026-08-02T16:23:07.651Z - GET /pages/About.tsx
2026-08-02T16:23:07.657Z - GET /pages/Careers.tsx
2026-08-02T16:23:07.697Z - GET /pages/Schedule.tsx
2026-08-02T16:23:07.724Z - GET /pages/Teams.tsx
2026-08-02T16:23:07.750Z - GET /constants.tsx
2026-08-02T16:23:07.752Z - GET /src/admin/Settings.tsx
2026-08-02T16:23:07.755Z - GET /components/SocialFollowerIcon.tsx
2026-08-02T16:23:07.757Z - GET /pages/News.tsx
2026-08-02T16:23:07.758Z - GET /src/admin/News.tsx
2026-08-02T16:23:07.760Z - GET /src/admin/Gallery.tsx
2026-08-02T16:23:07.762Z - GET /src/admin/Subscribers.tsx
2026-08-02T16:23:07.763Z - GET /pages/Socials.tsx
2026-08-02T16:23:07.764Z - GET /pages/EventDetail.tsx
2026-08-02T16:23:07.766Z - GET /components/GlobalSearch.tsx
2026-08-02T16:23:07.767Z - GET /src/admin/Leadership.tsx
2026-08-02T16:23:07.768Z - GET /src/admin/Creators.tsx
2026-08-02T16:23:07.769Z - GET /src/admin/LoginPage.tsx
2026-08-02T16:23:07.771Z - GET /src/admin/Dashboard.tsx
2026-08-02T16:23:07.773Z - GET /src/admin/Schedule.tsx
2026-08-02T16:23:07.774Z - GET /src/admin/AdminLayout.tsx
2026-08-02T16:23:07.775Z - GET /src/admin/Jobs.tsx
2026-08-02T16:23:07.776Z - GET /pages/Information.tsx
2026-08-02T16:23:07.777Z - GET /pages/JobDetail.tsx
2026-08-02T16:23:07.779Z - GET /src/admin/Teams.tsx
2026-08-02T16:23:07.780Z - GET /src/admin/Users.tsx
2026-08-02T16:23:07.781Z - GET /components/NewsletterPopup.tsx
2026-08-02T16:23:07.783Z - GET /pages/NewsDetail.tsx
2026-08-02T16:23:07.784Z - GET /pages/PlayerProfile.tsx
2026-08-02T16:23:07.785Z - GET /components/Breadcrumbs.tsx
2026-08-02T16:23:07.786Z - GET /components/SEOMeta.tsx
2026-08-02T16:23:07.787Z - GET /components/ui/ArenaButton.tsx
2026-08-02T16:23:07.840Z - GET /src/lib/firebase.ts
2026-08-02T16:23:07.841Z - GET /src/components/ImageUploader.tsx
2026-08-02T16:23:07.916Z - GET /firebase-applet-config.json?import
2026-08-02T16:23:08.006Z - GET /assets/Gk%20Logo.png
2026-08-02T16:23:08.032Z - GET /assets/mouse.png
2026-08-02T16:23:08.033Z - GET /assets/bag.png
2026-08-02T16:23:08.034Z - GET /assets/mat.png
2026-08-02T16:23:08.035Z - GET /assets/jearsy.png
2026-08-02T16:23:08.036Z - GET /assets/frame.png
2026-08-02T16:24:35.456Z - GET /%D8%B4%D9%8A%D8%A9%D9%87%D9%89
2026-08-02T16:24:35.570Z - GET /@vite/client
2026-08-02T16:24:35.573Z - GET /index.tsx
2026-08-02T16:24:35.595Z - GET /@react-refresh
2026-08-02T16:24:35.745Z - GET /App.tsx
2026-08-02T16:24:35.747Z - GET /node_modules/vite/dist/client/env.mjs
2026-08-02T16:24:35.850Z - GET /pages/Schedule.tsx
2026-08-02T16:24:35.854Z - GET /pages/Home.tsx
2026-08-02T16:24:35.857Z - GET /components/NewsletterPopup.tsx
2026-08-02T16:24:35.858Z - GET /pages/News.tsx
2026-08-02T16:24:35.859Z - GET /components/SocialFollowerIcon.tsx
2026-08-02T16:24:35.862Z - GET /pages/PlayerProfile.tsx
2026-08-02T16:24:35.864Z - GET /pages/Socials.tsx
2026-08-02T16:24:35.865Z - GET /src/admin/Settings.tsx
2026-08-02T16:24:35.867Z - GET /src/admin/Jobs.tsx
2026-08-02T16:24:35.870Z - GET /pages/NewsDetail.tsx
2026-08-02T16:24:35.872Z - GET /src/admin/Users.tsx
2026-08-02T16:24:35.874Z - GET /src/admin/News.tsx
2026-08-02T16:24:35.876Z - GET /pages/EventDetail.tsx
2026-08-02T16:24:35.877Z - GET /src/admin/Leadership.tsx
2026-08-02T16:24:35.879Z - GET /src/admin/Subscribers.tsx
2026-08-02T16:24:35.882Z - GET /src/admin/Creators.tsx
2026-08-02T16:24:35.884Z - GET /src/admin/Schedule.tsx
2026-08-02T16:24:35.885Z - GET /src/admin/LoginPage.tsx
2026-08-02T16:24:35.887Z - GET /pages/About.tsx
2026-08-02T16:24:35.889Z - GET /pages/Information.tsx
2026-08-02T16:24:35.890Z - GET /pages/Teams.tsx
2026-08-02T16:24:35.892Z - GET /components/GlobalSearch.tsx
2026-08-02T16:24:35.894Z - GET /src/admin/Dashboard.tsx
2026-08-02T16:24:35.895Z - GET /src/admin/Gallery.tsx
2026-08-02T16:24:35.897Z - GET /src/admin/Teams.tsx
2026-08-02T16:24:35.898Z - GET /pages/JobDetail.tsx
2026-08-02T16:24:35.900Z - GET /src/admin/AdminLayout.tsx
2026-08-02T16:24:35.901Z - GET /constants.tsx
2026-08-02T16:24:35.903Z - GET /pages/Careers.tsx
2026-08-02T16:24:35.944Z - GET /components/Breadcrumbs.tsx
2026-08-02T16:24:35.945Z - GET /src/lib/firebase.ts
2026-08-02T16:24:35.946Z - GET /components/ui/ArenaButton.tsx
2026-08-02T16:24:35.948Z - GET /components/SEOMeta.tsx
2026-08-02T16:24:35.951Z - GET /src/components/ImageUploader.tsx
2026-08-02T16:24:36.038Z - GET /firebase-applet-config.json?import
2026-08-02T16:24:36.141Z - GET /assets/Gk%20Logo.png
2026-08-02T16:24:36.153Z - GET /assets/bag.png
2026-08-02T16:24:36.155Z - GET /assets/mouse.png
2026-08-02T16:24:36.157Z - GET /assets/mat.png
2026-08-02T16:24:36.158Z - GET /assets/jearsy.png
2026-08-02T16:24:36.169Z - GET /assets/frame.png
2026-08-02T16:24:40.416Z - GET /%D8%B4%D9%8A%D8%A9%D9%87%D9%89
2026-08-02T16:24:40.512Z - GET /index.tsx
2026-08-02T16:24:40.525Z - GET /@vite/client
2026-08-02T16:24:40.534Z - GET /@react-refresh
2026-08-02T16:24:40.636Z - GET /node_modules/vite/dist/client/env.mjs
2026-08-02T16:24:40.638Z - GET /App.tsx
2026-08-02T16:24:40.739Z - GET /src/admin/Dashboard.tsx
2026-08-02T16:24:40.754Z - GET /pages/Information.tsx
2026-08-02T16:24:40.769Z - GET /src/admin/AdminLayout.tsx
2026-08-02T16:24:40.771Z - GET /pages/About.tsx
2026-08-02T16:24:40.772Z - GET /pages/Careers.tsx
2026-08-02T16:24:40.772Z - GET /pages/JobDetail.tsx
2026-08-02T16:24:40.773Z - GET /pages/Teams.tsx
2026-08-02T16:24:40.774Z - GET /pages/Schedule.tsx
2026-08-02T16:24:40.775Z - GET /src/admin/Schedule.tsx
2026-08-02T16:24:40.775Z - GET /pages/Home.tsx
2026-08-02T16:24:40.779Z - GET /src/admin/Creators.tsx
2026-08-02T16:24:40.787Z - GET /src/admin/LoginPage.tsx
2026-08-02T16:24:40.789Z - GET /components/SocialFollowerIcon.tsx
2026-08-02T16:24:40.790Z - GET /components/NewsletterPopup.tsx
2026-08-02T16:24:40.792Z - GET /src/admin/Teams.tsx
2026-08-02T16:24:40.801Z - GET /pages/EventDetail.tsx
2026-08-02T16:24:40.802Z - GET /src/admin/News.tsx
2026-08-02T16:24:40.803Z - GET /src/admin/Gallery.tsx
2026-08-02T16:24:40.804Z - GET /src/admin/Jobs.tsx
2026-08-02T16:24:40.805Z - GET /src/admin/Settings.tsx
2026-08-02T16:24:40.805Z - GET /pages/News.tsx
2026-08-02T16:24:40.806Z - GET /src/admin/Users.tsx
2026-08-02T16:24:40.807Z - GET /constants.tsx
2026-08-02T16:24:40.809Z - GET /pages/PlayerProfile.tsx
2026-08-02T16:24:40.811Z - GET /src/admin/Subscribers.tsx
2026-08-02T16:24:40.813Z - GET /components/GlobalSearch.tsx
2026-08-02T16:24:40.815Z - GET /pages/Socials.tsx
2026-08-02T16:24:40.817Z - GET /src/admin/Leadership.tsx
2026-08-02T16:24:40.819Z - GET /pages/NewsDetail.tsx
2026-08-02T16:24:40.840Z - GET /components/SEOMeta.tsx
2026-08-02T16:24:40.846Z - GET /components/Breadcrumbs.tsx
2026-08-02T16:24:40.853Z - GET /src/components/ImageUploader.tsx
2026-08-02T16:24:40.855Z - GET /src/lib/firebase.ts
2026-08-02T16:24:40.856Z - GET /components/ui/ArenaButton.tsx
2026-08-02T16:24:40.945Z - GET /firebase-applet-config.json?import
2026-08-02T16:24:41.037Z - GET /assets/Gk%20Logo.png
2026-08-02T16:24:41.052Z - GET /assets/mouse.png
2026-08-02T16:24:41.055Z - GET /assets/frame.png
2026-08-02T16:24:41.057Z - GET /assets/mat.png
2026-08-02T16:24:41.059Z - GET /assets/bag.png
2026-08-02T16:24:41.061Z - GET /assets/jearsy.png
2026-08-02T16:24:49.591Z - GET /admin
2026-08-02T16:24:49.698Z - GET /@vite/client
2026-08-02T16:24:49.702Z - GET /index.tsx
2026-08-02T16:24:49.717Z - GET /@react-refresh
2026-08-02T16:24:49.856Z - GET /App.tsx
2026-08-02T16:24:49.857Z - GET /node_modules/vite/dist/client/env.mjs
2026-08-02T16:24:49.959Z - GET /pages/Teams.tsx
2026-08-02T16:24:49.962Z - GET /pages/About.tsx
2026-08-02T16:24:49.965Z - GET /pages/Schedule.tsx
2026-08-02T16:24:49.967Z - GET /pages/EventDetail.tsx
2026-08-02T16:24:49.969Z - GET /components/NewsletterPopup.tsx
2026-08-02T16:24:49.970Z - GET /pages/Home.tsx
2026-08-02T16:24:49.972Z - GET /components/SocialFollowerIcon.tsx
2026-08-02T16:24:49.974Z - GET /src/admin/Leadership.tsx
2026-08-02T16:24:49.976Z - GET /pages/Socials.tsx
2026-08-02T16:24:49.978Z - GET /src/admin/Schedule.tsx
2026-08-02T16:24:49.980Z - GET /src/admin/News.tsx
2026-08-02T16:24:49.981Z - GET /src/admin/Creators.tsx
2026-08-02T16:24:49.982Z - GET /pages/News.tsx
2026-08-02T16:24:49.984Z - GET /src/admin/Users.tsx
2026-08-02T16:24:49.986Z - GET /src/admin/Teams.tsx
2026-08-02T16:24:49.987Z - GET /pages/PlayerProfile.tsx
2026-08-02T16:24:49.988Z - GET /src/admin/Jobs.tsx
2026-08-02T16:24:49.990Z - GET /pages/NewsDetail.tsx
2026-08-02T16:24:49.991Z - GET /src/admin/Settings.tsx
2026-08-02T16:24:49.992Z - GET /pages/Information.tsx
2026-08-02T16:24:49.993Z - GET /src/admin/LoginPage.tsx
2026-08-02T16:24:49.995Z - GET /src/admin/Subscribers.tsx
2026-08-02T16:24:49.996Z - GET /pages/JobDetail.tsx
2026-08-02T16:24:49.998Z - GET /src/admin/Dashboard.tsx
2026-08-02T16:24:49.999Z - GET /src/admin/Gallery.tsx
2026-08-02T16:24:50.001Z - GET /components/GlobalSearch.tsx
2026-08-02T16:24:50.002Z - GET /pages/Careers.tsx
2026-08-02T16:24:50.004Z - GET /src/admin/AdminLayout.tsx
2026-08-02T16:24:50.006Z - GET /constants.tsx
2026-08-02T16:24:50.043Z - GET /components/Breadcrumbs.tsx
2026-08-02T16:24:50.044Z - GET /components/SEOMeta.tsx
2026-08-02T16:24:50.050Z - GET /src/lib/firebase.ts
2026-08-02T16:24:50.053Z - GET /components/ui/ArenaButton.tsx
2026-08-02T16:24:50.055Z - GET /src/components/ImageUploader.tsx
2026-08-02T16:24:50.128Z - GET /firebase-applet-config.json?import
2026-08-02T16:24:50.233Z - GET /assets/Gk%20Logo.png
2026-08-02T16:24:50.253Z - GET /assets/frame.png
2026-08-02T16:24:50.254Z - GET /assets/mouse.png
2026-08-02T16:24:50.259Z - GET /assets/mat.png
2026-08-02T16:24:50.260Z - GET /assets/bag.png
2026-08-02T16:24:50.272Z - GET /assets/jearsy.png
2026-08-02T16:25:00.488Z - GET /admin
2026-08-02T16:25:00.577Z - GET /@vite/client
2026-08-02T16:25:00.578Z - GET /index.tsx
2026-08-02T16:25:00.595Z - GET /@react-refresh
2026-08-02T16:25:00.752Z - GET /App.tsx
2026-08-02T16:25:00.754Z - GET /node_modules/vite/dist/client/env.mjs
2026-08-02T16:25:00.856Z - GET /components/NewsletterPopup.tsx
2026-08-02T16:25:00.857Z - GET /pages/PlayerProfile.tsx
2026-08-02T16:25:00.858Z - GET /components/SocialFollowerIcon.tsx
2026-08-02T16:25:00.866Z - GET /src/admin/News.tsx
2026-08-02T16:25:00.868Z - GET /src/admin/Schedule.tsx
2026-08-02T16:25:00.869Z - GET /pages/Information.tsx
2026-08-02T16:25:00.871Z - GET /pages/News.tsx
2026-08-02T16:25:00.874Z - GET /src/admin/Settings.tsx
2026-08-02T16:25:00.875Z - GET /src/admin/Subscribers.tsx
2026-08-02T16:25:00.877Z - GET /src/admin/Users.tsx
2026-08-02T16:25:00.878Z - GET /pages/About.tsx
2026-08-02T16:25:00.879Z - GET /pages/NewsDetail.tsx
2026-08-02T16:25:00.881Z - GET /src/admin/Gallery.tsx
2026-08-02T16:25:00.882Z - GET /pages/Teams.tsx
2026-08-02T16:25:00.883Z - GET /pages/Schedule.tsx
2026-08-02T16:25:00.884Z - GET /src/admin/Jobs.tsx
2026-08-02T16:25:00.885Z - GET /components/GlobalSearch.tsx
2026-08-02T16:25:00.886Z - GET /src/admin/Creators.tsx
2026-08-02T16:25:00.888Z - GET /src/admin/LoginPage.tsx
2026-08-02T16:25:00.889Z - GET /pages/Home.tsx
2026-08-02T16:25:00.890Z - GET /pages/Careers.tsx
2026-08-02T16:25:00.891Z - GET /src/admin/Dashboard.tsx
2026-08-02T16:25:00.892Z - GET /pages/EventDetail.tsx
2026-08-02T16:25:00.894Z - GET /src/admin/AdminLayout.tsx
2026-08-02T16:25:00.896Z - GET /pages/Socials.tsx
2026-08-02T16:25:00.898Z - GET /pages/JobDetail.tsx
2026-08-02T16:25:00.900Z - GET /src/admin/Teams.tsx
2026-08-02T16:25:00.902Z - GET /constants.tsx
2026-08-02T16:25:00.903Z - GET /src/admin/Leadership.tsx
2026-08-02T16:25:00.937Z - GET /src/lib/firebase.ts
2026-08-02T16:25:00.941Z - GET /components/ui/ArenaButton.tsx
2026-08-02T16:25:00.944Z - GET /components/SEOMeta.tsx
2026-08-02T16:25:00.946Z - GET /components/Breadcrumbs.tsx
2026-08-02T16:25:00.952Z - GET /src/components/ImageUploader.tsx
2026-08-02T16:25:01.038Z - GET /firebase-applet-config.json?import
2026-08-02T16:25:01.132Z - GET /assets/Gk%20Logo.png
2026-08-02T16:25:01.146Z - GET /assets/mat.png
2026-08-02T16:25:01.147Z - GET /assets/mouse.png
2026-08-02T16:25:01.149Z - GET /assets/bag.png
2026-08-02T16:25:01.151Z - GET /assets/jearsy.png
2026-08-02T16:25:01.153Z - GET /assets/frame.png
2026-08-02T16:26:02.304Z - GET /admindx
2026-08-02T16:26:02.398Z - GET /index.tsx
2026-08-02T16:26:02.399Z - GET /@vite/client
2026-08-02T16:26:02.421Z - GET /@react-refresh
2026-08-02T16:26:02.583Z - GET /App.tsx
2026-08-02T16:26:02.585Z - GET /node_modules/vite/dist/client/env.mjs
2026-08-02T16:26:02.683Z - GET /pages/Information.tsx
2026-08-02T16:26:02.685Z - GET /pages/Teams.tsx
2026-08-02T16:26:02.686Z - GET /pages/JobDetail.tsx
2026-08-02T16:26:02.692Z - GET /pages/Careers.tsx
2026-08-02T16:26:02.693Z - GET /pages/About.tsx
2026-08-02T16:26:02.694Z - GET /pages/Home.tsx
2026-08-02T16:26:02.695Z - GET /components/SocialFollowerIcon.tsx
2026-08-02T16:26:02.697Z - GET /pages/Schedule.tsx
2026-08-02T16:26:02.705Z - GET /pages/NewsDetail.tsx
2026-08-02T16:26:02.707Z - GET /constants.tsx
2026-08-02T16:26:02.709Z - GET /pages/EventDetail.tsx
2026-08-02T16:26:02.710Z - GET /src/admin/Dashboard.tsx
2026-08-02T16:26:02.712Z - GET /src/admin/Gallery.tsx
2026-08-02T16:26:02.713Z - GET /pages/PlayerProfile.tsx
2026-08-02T16:26:02.714Z - GET /src/admin/LoginPage.tsx
2026-08-02T16:26:02.716Z - GET /pages/Socials.tsx
2026-08-02T16:26:02.717Z - GET /src/admin/AdminLayout.tsx
2026-08-02T16:26:02.718Z - GET /src/admin/Creators.tsx
2026-08-02T16:26:02.719Z - GET /src/admin/Teams.tsx
2026-08-02T16:26:02.720Z - GET /components/GlobalSearch.tsx
2026-08-02T16:26:02.721Z - GET /src/admin/News.tsx
2026-08-02T16:26:02.722Z - GET /src/admin/Jobs.tsx
2026-08-02T16:26:02.723Z - GET /src/admin/Leadership.tsx
2026-08-02T16:26:02.724Z - GET /src/admin/Users.tsx
2026-08-02T16:26:02.725Z - GET /pages/News.tsx
2026-08-02T16:26:02.726Z - GET /components/NewsletterPopup.tsx
2026-08-02T16:26:02.727Z - GET /src/admin/Schedule.tsx
2026-08-02T16:26:02.728Z - GET /src/admin/Settings.tsx
2026-08-02T16:26:02.729Z - GET /src/admin/Subscribers.tsx
2026-08-02T16:26:02.769Z - GET /components/Breadcrumbs.tsx
2026-08-02T16:26:02.771Z - GET /components/SEOMeta.tsx
2026-08-02T16:26:02.772Z - GET /components/ui/ArenaButton.tsx
2026-08-02T16:26:02.787Z - GET /src/components/ImageUploader.tsx
2026-08-02T16:26:02.790Z - GET /src/lib/firebase.ts
2026-08-02T16:26:02.870Z - GET /firebase-applet-config.json?import
2026-08-02T16:26:02.965Z - GET /assets/Gk%20Logo.png
2026-08-02T16:26:02.975Z - GET /assets/mat.png
2026-08-02T16:26:02.976Z - GET /assets/frame.png
2026-08-02T16:26:02.977Z - GET /assets/bag.png
2026-08-02T16:26:02.978Z - GET /assets/jearsy.png
2026-08-02T16:26:02.979Z - GET /assets/mouse.png
2026-08-02T16:26:05.302Z - GET /admin
2026-08-02T16:26:05.412Z - GET /@vite/client
2026-08-02T16:26:05.413Z - GET /index.tsx
2026-08-02T16:26:05.415Z - GET /@react-refresh
2026-08-02T16:26:05.520Z - GET /App.tsx
2026-08-02T16:26:05.521Z - GET /node_modules/vite/dist/client/env.mjs
2026-08-02T16:26:05.604Z - GET /pages/Home.tsx
2026-08-02T16:26:05.606Z - GET /pages/Teams.tsx
2026-08-02T16:26:05.608Z - GET /pages/About.tsx
2026-08-02T16:26:05.616Z - GET /pages/Careers.tsx
2026-08-02T16:26:05.617Z - GET /pages/Information.tsx
2026-08-02T16:26:05.619Z - GET /pages/NewsDetail.tsx
2026-08-02T16:26:05.621Z - GET /pages/Socials.tsx
2026-08-02T16:26:05.622Z - GET /pages/Schedule.tsx
2026-08-02T16:26:05.625Z - GET /pages/PlayerProfile.tsx
2026-08-02T16:26:05.628Z - GET /components/GlobalSearch.tsx
2026-08-02T16:26:05.629Z - GET /src/admin/Subscribers.tsx
2026-08-02T16:26:05.630Z - GET /src/admin/Teams.tsx
2026-08-02T16:26:05.632Z - GET /components/SocialFollowerIcon.tsx
2026-08-02T16:26:05.634Z - GET /src/admin/Gallery.tsx
2026-08-02T16:26:05.635Z - GET /src/admin/Schedule.tsx
2026-08-02T16:26:05.636Z - GET /src/admin/Users.tsx
2026-08-02T16:26:05.637Z - GET /src/admin/Creators.tsx
2026-08-02T16:26:05.638Z - GET /src/admin/Dashboard.tsx
2026-08-02T16:26:05.640Z - GET /components/NewsletterPopup.tsx
2026-08-02T16:26:05.641Z - GET /src/admin/Leadership.tsx
2026-08-02T16:26:05.642Z - GET /pages/EventDetail.tsx
2026-08-02T16:26:05.643Z - GET /src/admin/Jobs.tsx
2026-08-02T16:26:05.645Z - GET /src/admin/Settings.tsx
2026-08-02T16:26:05.645Z - GET /pages/JobDetail.tsx
2026-08-02T16:26:05.648Z - GET /src/admin/AdminLayout.tsx
2026-08-02T16:26:05.649Z - GET /src/admin/LoginPage.tsx
2026-08-02T16:26:05.650Z - GET /src/admin/News.tsx
2026-08-02T16:26:05.651Z - GET /pages/News.tsx
2026-08-02T16:26:05.652Z - GET /constants.tsx
2026-08-02T16:26:05.684Z - GET /components/SEOMeta.tsx
2026-08-02T16:26:05.685Z - GET /components/ui/ArenaButton.tsx
2026-08-02T16:26:05.687Z - GET /components/Breadcrumbs.tsx
2026-08-02T16:26:05.706Z - GET /src/lib/firebase.ts
2026-08-02T16:26:05.710Z - GET /src/components/ImageUploader.tsx
2026-08-02T16:26:05.784Z - GET /firebase-applet-config.json?import
2026-08-02T16:26:05.878Z - GET /assets/Gk%20Logo.png
2026-08-02T16:26:05.887Z - GET /assets/frame.png
2026-08-02T16:26:05.888Z - GET /assets/mouse.png
2026-08-02T16:26:05.889Z - GET /assets/mat.png
2026-08-02T16:26:05.891Z - GET /assets/jearsy.png
2026-08-02T16:26:05.892Z - GET /assets/bag.png
2026-08-02T16:26:09.919Z - GET /assets/jearsy.png
2026-08-02T16:26:15.739Z - GET /
2026-08-02T16:26:15.824Z - GET /@vite/client
2026-08-02T16:26:15.830Z - GET /@react-refresh
2026-08-02T16:26:15.848Z - GET /index.tsx
2026-08-02T16:26:15.984Z - GET /node_modules/vite/dist/client/env.mjs
2026-08-02T16:26:15.986Z - GET /App.tsx
2026-08-02T16:26:16.062Z - GET /pages/Home.tsx
2026-08-02T16:26:16.064Z - GET /pages/Schedule.tsx
2026-08-02T16:26:16.067Z - GET /pages/Teams.tsx
2026-08-02T16:26:16.075Z - GET /pages/About.tsx
2026-08-02T16:26:16.076Z - GET /pages/Careers.tsx
2026-08-02T16:26:16.078Z - GET /pages/News.tsx
2026-08-02T16:26:16.079Z - GET /pages/EventDetail.tsx
2026-08-02T16:26:16.080Z - GET /src/admin/Settings.tsx
2026-08-02T16:26:16.085Z - GET /pages/PlayerProfile.tsx
2026-08-02T16:26:16.090Z - GET /src/admin/Gallery.tsx
2026-08-02T16:26:16.092Z - GET /pages/JobDetail.tsx
2026-08-02T16:26:16.093Z - GET /src/admin/Teams.tsx
2026-08-02T16:26:16.094Z - GET /src/admin/News.tsx
2026-08-02T16:26:16.094Z - GET /src/admin/Schedule.tsx
2026-08-02T16:26:16.095Z - GET /src/admin/Leadership.tsx
2026-08-02T16:26:16.096Z - GET /components/SocialFollowerIcon.tsx
2026-08-02T16:26:16.097Z - GET /src/admin/LoginPage.tsx
2026-08-02T16:26:16.098Z - GET /constants.tsx
2026-08-02T16:26:16.099Z - GET /src/admin/Subscribers.tsx
2026-08-02T16:26:16.100Z - GET /components/NewsletterPopup.tsx
2026-08-02T16:26:16.100Z - GET /src/admin/Jobs.tsx
2026-08-02T16:26:16.101Z - GET /src/admin/AdminLayout.tsx
2026-08-02T16:26:16.103Z - GET /pages/NewsDetail.tsx
2026-08-02T16:26:16.104Z - GET /src/admin/Users.tsx
2026-08-02T16:26:16.105Z - GET /src/admin/Creators.tsx
2026-08-02T16:26:16.106Z - GET /pages/Information.tsx
2026-08-02T16:26:16.107Z - GET /components/GlobalSearch.tsx
2026-08-02T16:26:16.108Z - GET /pages/Socials.tsx
2026-08-02T16:26:16.109Z - GET /src/admin/Dashboard.tsx
2026-08-02T16:26:16.141Z - GET /components/Breadcrumbs.tsx
2026-08-02T16:26:16.145Z - GET /components/SEOMeta.tsx
2026-08-02T16:26:16.146Z - GET /components/ui/ArenaButton.tsx
2026-08-02T16:26:16.165Z - GET /src/components/ImageUploader.tsx
2026-08-02T16:26:16.180Z - GET /src/lib/firebase.ts
2026-08-02T16:26:16.256Z - GET /firebase-applet-config.json?import
2026-08-02T16:26:16.394Z - GET /assets/Gk%20Logo.png
2026-08-02T16:26:16.506Z - GET /api/activity
2026-08-02T16:26:16.520Z - GET /api/health
2026-08-02T16:26:16.524Z - GET /api/stats
2026-08-02T16:26:16.596Z - GET /api/health
2026-08-02T16:26:17.330Z - GET /api/activity
2026-08-02T16:26:18.155Z - GET /api/stats
2026-08-02T16:26:19.783Z - GET /api/leadership
2026-08-02T16:26:20.037Z - GET /api/leadership
2026-08-02T16:26:21.560Z - GET /api/teams
2026-08-02T16:26:22.065Z - GET /api/teams
2026-08-02T16:26:24.407Z - GET /api/creators
2026-08-02T16:26:24.627Z - GET /api/creators
2026-08-02T16:26:25.939Z - GET /api/events
2026-08-02T16:26:26.167Z - GET /api/events
2026-08-02T16:26:26.814Z - GET /api/gallery
2026-08-02T16:26:27.038Z - GET /api/gallery
2026-08-02T16:26:27.264Z - GET /api/jobs
2026-08-02T16:26:27.491Z - GET /api/jobs
2026-08-02T16:26:27.802Z - GET /api/news
2026-08-02T16:26:28.043Z - GET /api/news
2026-08-02T16:27:37.111Z - GET /api/leadership
2026-08-02T16:27:37.504Z - GET /api/leadership
2026-08-02T16:28:04.653Z - GET /api/teams
2026-08-02T16:28:04.912Z - GET /api/teams
2026-08-02T16:28:21.478Z - POST /api/teams
2026-08-02T16:28:21.746Z - GET /api/teams
2026-08-02T16:29:36.415Z - GET /
2026-08-02T16:29:40.834Z - GET /
2026-08-02T16:29:41.343Z - GET /@vite/client
2026-08-02T16:29:41.346Z - GET /index.tsx
2026-08-02T16:29:41.348Z - GET /@react-refresh
2026-08-02T16:29:41.566Z - GET /App.tsx
2026-08-02T16:29:41.598Z - GET /node_modules/vite/dist/client/env.mjs
2026-08-02T16:29:42.431Z - GET /pages/Schedule.tsx
2026-08-02T16:29:42.464Z - GET /pages/About.tsx
2026-08-02T16:29:42.480Z - GET /pages/Home.tsx
2026-08-02T16:29:42.509Z - GET /pages/Teams.tsx
2026-08-02T16:29:42.569Z - GET /pages/Careers.tsx
2026-08-02T16:29:42.587Z - GET /pages/Socials.tsx
2026-08-02T16:29:42.600Z - GET /pages/News.tsx
2026-08-02T16:29:42.625Z - GET /src/admin/LoginPage.tsx
2026-08-02T16:29:42.627Z - GET /src/admin/Leadership.tsx
2026-08-02T16:29:42.653Z - GET /components/GlobalSearch.tsx
2026-08-02T16:29:42.656Z - GET /pages/EventDetail.tsx
2026-08-02T16:29:42.658Z - GET /pages/PlayerProfile.tsx
2026-08-02T16:29:42.660Z - GET /src/admin/Dashboard.tsx
2026-08-02T16:29:42.662Z - GET /pages/JobDetail.tsx
2026-08-02T16:29:42.663Z - GET /src/admin/Subscribers.tsx
2026-08-02T16:29:42.664Z - GET /pages/Information.tsx
2026-08-02T16:29:42.668Z - GET /constants.tsx
2026-08-02T16:29:42.669Z - GET /src/admin/Users.tsx
2026-08-02T16:29:42.671Z - GET /src/admin/Creators.tsx
2026-08-02T16:29:42.673Z - GET /src/admin/Gallery.tsx
2026-08-02T16:29:42.674Z - GET /src/admin/Teams.tsx
2026-08-02T16:29:42.676Z - GET /src/admin/AdminLayout.tsx
2026-08-02T16:29:42.677Z - GET /src/admin/Settings.tsx
2026-08-02T16:29:42.679Z - GET /src/admin/News.tsx
2026-08-02T16:29:42.681Z - GET /src/admin/Schedule.tsx
2026-08-02T16:29:42.684Z - GET /pages/NewsDetail.tsx
2026-08-02T16:29:42.685Z - GET /components/SocialFollowerIcon.tsx
2026-08-02T16:29:42.687Z - GET /src/admin/Jobs.tsx
2026-08-02T16:29:42.688Z - GET /components/NewsletterPopup.tsx
2026-08-02T16:29:42.690Z - GET /components/SEOMeta.tsx
2026-08-02T16:29:42.692Z - GET /components/Breadcrumbs.tsx
2026-08-02T16:29:42.693Z - GET /components/ui/ArenaButton.tsx
2026-08-02T16:29:42.702Z - GET /src/lib/firebase.ts
2026-08-02T16:29:42.705Z - GET /src/components/ImageUploader.tsx
2026-08-02T16:29:42.778Z - GET /firebase-applet-config.json?import
2026-08-02T16:29:42.884Z - GET /assets/Gk%20Logo.png
2026-08-02T16:29:42.899Z - GET /assets/jearsy.png
2026-08-02T16:29:42.903Z - GET /assets/frame.png
2026-08-02T16:29:42.904Z - GET /assets/bag.png
2026-08-02T16:29:42.904Z - GET /assets/mouse.png
2026-08-02T16:29:42.905Z - GET /assets/mat.png
2026-08-02T16:34:56.062Z - GET /
2026-08-02T16:34:56.166Z - GET /@vite/client
2026-08-02T16:34:56.168Z - GET /index.tsx
2026-08-02T16:34:56.192Z - GET /@react-refresh
2026-08-02T16:34:56.388Z - GET /node_modules/vite/dist/client/env.mjs
2026-08-02T16:34:56.389Z - GET /App.tsx
2026-08-02T16:34:56.476Z - GET /pages/Home.tsx
2026-08-02T16:34:56.477Z - GET /pages/Teams.tsx
2026-08-02T16:34:56.479Z - GET /pages/Schedule.tsx
2026-08-02T16:34:56.481Z - GET /pages/About.tsx
2026-08-02T16:34:56.482Z - GET /src/admin/LoginPage.tsx
2026-08-02T16:34:56.485Z - GET /src/admin/Dashboard.tsx
2026-08-02T16:34:56.486Z - GET /pages/Careers.tsx
2026-08-02T16:34:56.487Z - GET /src/admin/AdminLayout.tsx
2026-08-02T16:34:56.489Z - GET /pages/Information.tsx
2026-08-02T16:34:56.491Z - GET /pages/JobDetail.tsx
2026-08-02T16:34:56.492Z - GET /src/admin/Teams.tsx
2026-08-02T16:34:56.495Z - GET /src/admin/Settings.tsx
2026-08-02T16:34:56.499Z - GET /src/admin/Schedule.tsx
2026-08-02T16:34:56.500Z - GET /pages/News.tsx
2026-08-02T16:34:56.504Z - GET /src/admin/Gallery.tsx
2026-08-02T16:34:56.506Z - GET /pages/PlayerProfile.tsx
2026-08-02T16:34:56.507Z - GET /src/admin/Users.tsx
2026-08-02T16:34:56.509Z - GET /constants.tsx
2026-08-02T16:34:56.510Z - GET /components/SocialFollowerIcon.tsx
2026-08-02T16:34:56.511Z - GET /pages/Socials.tsx
2026-08-02T16:34:56.513Z - GET /pages/EventDetail.tsx
2026-08-02T16:34:56.514Z - GET /src/admin/Leadership.tsx
2026-08-02T16:34:56.515Z - GET /src/admin/News.tsx
2026-08-02T16:34:56.517Z - GET /src/admin/Creators.tsx
2026-08-02T16:34:56.518Z - GET /components/GlobalSearch.tsx
2026-08-02T16:34:56.520Z - GET /src/admin/Jobs.tsx
2026-08-02T16:34:56.521Z - GET /src/admin/Subscribers.tsx
2026-08-02T16:34:56.522Z - GET /pages/NewsDetail.tsx
2026-08-02T16:34:56.523Z - GET /components/NewsletterPopup.tsx
2026-08-02T16:34:56.554Z - GET /components/Breadcrumbs.tsx
2026-08-02T16:34:56.557Z - GET /components/SEOMeta.tsx
2026-08-02T16:34:56.559Z - GET /components/ui/ArenaButton.tsx
2026-08-02T16:34:56.561Z - GET /src/lib/firebase.ts
2026-08-02T16:34:56.569Z - GET /src/components/ImageUploader.tsx
2026-08-02T16:34:56.652Z - GET /firebase-applet-config.json?import
2026-08-02T16:34:56.754Z - GET /assets/Gk%20Logo.png
2026-08-02T16:34:56.778Z - GET /api/activity
2026-08-02T16:34:56.793Z - GET /api/health
2026-08-02T16:34:56.796Z - GET /api/stats
2026-08-02T16:34:56.866Z - GET /api/health
2026-08-02T16:34:57.388Z - GET /api/activity
2026-08-02T16:34:58.304Z - GET /api/stats
2026-08-02T16:35:01.485Z - GET /api/health
2026-08-02T16:35:03.476Z - GET /api/health
2026-08-02T16:35:07.510Z - GET /api/leadership
2026-08-02T16:35:08.030Z - GET /api/leadership
2026-08-02T16:35:08.680Z - GET /api/teams
2026-08-02T16:35:08.912Z - GET /api/teams
2026-08-02T16:35:21.822Z - POST /api/upload
2026-08-02T16:35:25.394Z - POST /api/upload
2026-08-02T16:35:38.011Z - POST /api/teams
2026-08-02T16:35:38.519Z - GET /api/teams
2026-08-02T16:35:42.394Z - GET /api/leadership
2026-08-02T16:35:42.620Z - GET /api/leadership
2026-08-02T16:35:50.785Z - POST /api/upload
2026-08-02T16:36:05.472Z - POST /api/leadership
2026-08-02T16:36:06.133Z - GET /api/leadership
2026-08-02T16:36:16.677Z - GET /
2026-08-02T16:36:16.772Z - GET /index.tsx
2026-08-02T16:36:16.774Z - GET /@vite/client
2026-08-02T16:36:16.792Z - GET /@react-refresh
2026-08-02T16:36:16.949Z - GET /App.tsx
2026-08-02T16:36:16.950Z - GET /node_modules/vite/dist/client/env.mjs
2026-08-02T16:36:17.046Z - GET /pages/PlayerProfile.tsx
2026-08-02T16:36:17.047Z - GET /src/admin/Users.tsx
2026-08-02T16:36:17.049Z - GET /src/admin/News.tsx
2026-08-02T16:36:17.051Z - GET /pages/News.tsx
2026-08-02T16:36:17.053Z - GET /src/admin/Leadership.tsx
2026-08-02T16:36:17.055Z - GET /pages/NewsDetail.tsx
2026-08-02T16:36:17.059Z - GET /src/admin/LoginPage.tsx
2026-08-02T16:36:17.061Z - GET /pages/Teams.tsx
2026-08-02T16:36:17.062Z - GET /pages/Socials.tsx
2026-08-02T16:36:17.064Z - GET /pages/Information.tsx
2026-08-02T16:36:17.065Z - GET /pages/Careers.tsx
2026-08-02T16:36:17.066Z - GET /components/GlobalSearch.tsx
2026-08-02T16:36:17.068Z - GET /pages/Schedule.tsx
2026-08-02T16:36:17.070Z - GET /components/NewsletterPopup.tsx
2026-08-02T16:36:17.071Z - GET /src/admin/AdminLayout.tsx
2026-08-02T16:36:17.073Z - GET /src/admin/Subscribers.tsx
2026-08-02T16:36:17.075Z - GET /src/admin/Schedule.tsx
2026-08-02T16:36:17.076Z - GET /pages/Home.tsx
2026-08-02T16:36:17.077Z - GET /pages/About.tsx
2026-08-02T16:36:17.079Z - GET /src/admin/Teams.tsx
2026-08-02T16:36:17.080Z - GET /src/admin/Dashboard.tsx
2026-08-02T16:36:17.083Z - GET /src/admin/Settings.tsx
2026-08-02T16:36:17.084Z - GET /src/admin/Creators.tsx
2026-08-02T16:36:17.086Z - GET /pages/JobDetail.tsx
2026-08-02T16:36:17.087Z - GET /pages/EventDetail.tsx
2026-08-02T16:36:17.088Z - GET /src/admin/Jobs.tsx
2026-08-02T16:36:17.089Z - GET /src/admin/Gallery.tsx
2026-08-02T16:36:17.091Z - GET /components/SocialFollowerIcon.tsx
2026-08-02T16:36:17.092Z - GET /constants.tsx
2026-08-02T16:36:17.127Z - GET /src/components/ImageUploader.tsx
2026-08-02T16:36:17.128Z - GET /components/ui/ArenaButton.tsx
2026-08-02T16:36:17.132Z - GET /components/SEOMeta.tsx
2026-08-02T16:36:17.134Z - GET /components/Breadcrumbs.tsx
2026-08-02T16:36:17.136Z - GET /src/lib/firebase.ts
2026-08-02T16:36:17.211Z - GET /firebase-applet-config.json?import
2026-08-02T16:36:17.301Z - GET /assets/Gk%20Logo.png
2026-08-02T16:36:32.685Z - GET /
2026-08-02T16:36:32.772Z - GET /index.tsx
2026-08-02T16:36:32.774Z - GET /@vite/client
2026-08-02T16:36:32.796Z - GET /@react-refresh
2026-08-02T16:36:32.946Z - GET /node_modules/vite/dist/client/env.mjs
2026-08-02T16:36:32.947Z - GET /App.tsx
2026-08-02T16:36:33.023Z - GET /pages/Home.tsx
2026-08-02T16:36:33.038Z - GET /pages/Schedule.tsx
2026-08-02T16:36:33.043Z - GET /pages/PlayerProfile.tsx
2026-08-02T16:36:33.044Z - GET /pages/EventDetail.tsx
2026-08-02T16:36:33.045Z - GET /components/SocialFollowerIcon.tsx
2026-08-02T16:36:33.048Z - GET /src/admin/Jobs.tsx
2026-08-02T16:36:33.049Z - GET /src/admin/Teams.tsx
2026-08-02T16:36:33.053Z - GET /pages/NewsDetail.tsx
2026-08-02T16:36:33.055Z - GET /src/admin/Subscribers.tsx
2026-08-02T16:36:33.057Z - GET /pages/Information.tsx
2026-08-02T16:36:33.059Z - GET /src/admin/LoginPage.tsx
2026-08-02T16:36:33.060Z - GET /src/admin/Users.tsx
2026-08-02T16:36:33.062Z - GET /src/admin/Settings.tsx
2026-08-02T16:36:33.064Z - GET /components/GlobalSearch.tsx
2026-08-02T16:36:33.066Z - GET /pages/Careers.tsx
2026-08-02T16:36:33.067Z - GET /components/NewsletterPopup.tsx
2026-08-02T16:36:33.068Z - GET /pages/Socials.tsx
2026-08-02T16:36:33.070Z - GET /src/admin/Dashboard.tsx
2026-08-02T16:36:33.071Z - GET /constants.tsx
2026-08-02T16:36:33.074Z - GET /src/admin/Gallery.tsx
2026-08-02T16:36:33.076Z - GET /pages/About.tsx
2026-08-02T16:36:33.078Z - GET /src/admin/News.tsx
2026-08-02T16:36:33.080Z - GET /pages/News.tsx
2026-08-02T16:36:33.083Z - GET /src/admin/Leadership.tsx
2026-08-02T16:36:33.084Z - GET /src/admin/AdminLayout.tsx
2026-08-02T16:36:33.085Z - GET /pages/Teams.tsx
2026-08-02T16:36:33.087Z - GET /pages/JobDetail.tsx
2026-08-02T16:36:33.089Z - GET /src/admin/Creators.tsx
2026-08-02T16:36:33.090Z - GET /src/admin/Schedule.tsx
2026-08-02T16:36:33.103Z - GET /components/ui/ArenaButton.tsx
2026-08-02T16:36:33.104Z - GET /components/SEOMeta.tsx
2026-08-02T16:36:33.114Z - GET /components/Breadcrumbs.tsx
2026-08-02T16:36:33.123Z - GET /src/components/ImageUploader.tsx
2026-08-02T16:36:33.129Z - GET /src/lib/firebase.ts
2026-08-02T16:36:33.206Z - GET /firebase-applet-config.json?import
2026-08-02T16:36:33.310Z - GET /assets/Gk%20Logo.png
2026-08-02T16:36:33.317Z - GET /api/health
2026-08-02T16:36:33.320Z - GET /api/stats
2026-08-02T16:36:33.322Z - GET /api/activity
2026-08-02T16:36:33.420Z - GET /api/health
2026-08-02T16:36:33.564Z - GET /api/activity
2026-08-02T16:36:34.618Z - GET /api/stats
2026-08-02T16:36:35.479Z - GET /api/leadership
2026-08-02T16:36:35.725Z - GET /api/leadership
2026-08-02T16:36:37.038Z - GET /api/teams
2026-08-02T16:36:37.307Z - GET /api/teams
2026-08-02T16:36:45.145Z - POST /api/upload
2026-08-02T16:37:03.259Z - POST /api/players
2026-08-02T16:37:03.508Z - GET /api/teams/1/players
2026-08-02T16:37:11.418Z - GET /api/creators
2026-08-02T16:37:11.948Z - GET /api/creators
2026-08-02T16:37:20.559Z - POST /api/upload
2026-08-02T16:37:34.101Z - POST /api/creators
2026-08-02T16:37:34.392Z - GET /api/creators
2026-08-02T16:37:39.667Z - GET /
2026-08-02T16:37:39.760Z - GET /@vite/client
2026-08-02T16:37:39.763Z - GET /index.tsx
2026-08-02T16:37:39.784Z - GET /@react-refresh
2026-08-02T16:37:39.944Z - GET /node_modules/vite/dist/client/env.mjs
2026-08-02T16:37:39.945Z - GET /App.tsx
2026-08-02T16:37:40.022Z - GET /pages/Home.tsx
2026-08-02T16:37:40.025Z - GET /pages/Schedule.tsx
2026-08-02T16:37:40.045Z - GET /pages/JobDetail.tsx
2026-08-02T16:37:40.049Z - GET /pages/Teams.tsx
2026-08-02T16:37:40.052Z - GET /src/admin/AdminLayout.tsx
2026-08-02T16:37:40.054Z - GET /pages/About.tsx
2026-08-02T16:37:40.056Z - GET /src/admin/Jobs.tsx
2026-08-02T16:37:40.059Z - GET /pages/NewsDetail.tsx
2026-08-02T16:37:40.060Z - GET /src/admin/Leadership.tsx
2026-08-02T16:37:40.062Z - GET /src/admin/Creators.tsx
2026-08-02T16:37:40.064Z - GET /src/admin/Subscribers.tsx
2026-08-02T16:37:40.065Z - GET /src/admin/Settings.tsx
2026-08-02T16:37:40.066Z - GET /pages/Socials.tsx
2026-08-02T16:37:40.068Z - GET /pages/News.tsx
2026-08-02T16:37:40.069Z - GET /pages/PlayerProfile.tsx
2026-08-02T16:37:40.070Z - GET /pages/Information.tsx
2026-08-02T16:37:40.071Z - GET /src/admin/Teams.tsx
2026-08-02T16:37:40.074Z - GET /src/admin/Gallery.tsx
2026-08-02T16:37:40.077Z - GET /components/NewsletterPopup.tsx
2026-08-02T16:37:40.079Z - GET /src/admin/Users.tsx
2026-08-02T16:37:40.080Z - GET /src/admin/LoginPage.tsx
2026-08-02T16:37:40.083Z - GET /components/GlobalSearch.tsx
2026-08-02T16:37:40.084Z - GET /pages/Careers.tsx
2026-08-02T16:37:40.087Z - GET /components/SocialFollowerIcon.tsx
2026-08-02T16:37:40.088Z - GET /src/admin/Schedule.tsx
2026-08-02T16:37:40.089Z - GET /src/admin/Dashboard.tsx
2026-08-02T16:37:40.091Z - GET /src/admin/News.tsx
2026-08-02T16:37:40.094Z - GET /constants.tsx
2026-08-02T16:37:40.096Z - GET /pages/EventDetail.tsx
2026-08-02T16:37:40.109Z - GET /components/ui/ArenaButton.tsx
2026-08-02T16:37:40.110Z - GET /components/Breadcrumbs.tsx
2026-08-02T16:37:40.112Z - GET /components/SEOMeta.tsx
2026-08-02T16:37:40.127Z - GET /src/lib/firebase.ts
2026-08-02T16:37:40.135Z - GET /src/components/ImageUploader.tsx
2026-08-02T16:37:40.204Z - GET /firebase-applet-config.json?import
2026-08-02T16:37:40.390Z - GET /api/health
2026-08-02T16:37:40.392Z - GET /assets/Gk%20Logo.png
2026-08-02T16:37:40.394Z - GET /api/stats
2026-08-02T16:37:40.397Z - GET /api/activity
2026-08-02T16:37:40.467Z - GET /api/health
2026-08-02T16:37:40.641Z - GET /api/activity
2026-08-02T16:37:41.395Z - GET /api/stats
2026-08-02T16:37:44.156Z - GET /api/leadership
2026-08-02T16:37:44.392Z - GET /api/leadership
2026-08-02T16:37:45.097Z - GET /api/teams
2026-08-02T16:37:45.316Z - GET /api/teams
2026-08-02T16:37:45.891Z - GET /api/creators
2026-08-02T16:37:46.108Z - GET /api/creators
2026-08-02T16:37:47.481Z - GET /api/events
2026-08-02T16:37:47.714Z - GET /api/events
2026-08-02T16:38:52.883Z - POST /api/upload
2026-08-02T16:39:16.401Z - POST /api/events
2026-08-02T16:39:16.844Z - GET /api/events
2026-08-02T16:39:30.805Z - GET /
2026-08-02T16:39:30.899Z - GET /@vite/client
2026-08-02T16:39:30.900Z - GET /index.tsx
2026-08-02T16:39:30.927Z - GET /@react-refresh
2026-08-02T16:39:31.075Z - GET /App.tsx
2026-08-02T16:39:31.077Z - GET /node_modules/vite/dist/client/env.mjs
2026-08-02T16:39:31.171Z - GET /pages/Schedule.tsx
2026-08-02T16:39:31.172Z - GET /pages/Home.tsx
2026-08-02T16:39:31.175Z - GET /pages/NewsDetail.tsx
2026-08-02T16:39:31.176Z - GET /src/admin/News.tsx
2026-08-02T16:39:31.177Z - GET /pages/PlayerProfile.tsx
2026-08-02T16:39:31.181Z - GET /pages/News.tsx
2026-08-02T16:39:31.183Z - GET /src/admin/LoginPage.tsx
2026-08-02T16:39:31.185Z - GET /pages/Teams.tsx
2026-08-02T16:39:31.187Z - GET /src/admin/Schedule.tsx
2026-08-02T16:39:31.188Z - GET /src/admin/Dashboard.tsx
2026-08-02T16:39:31.189Z - GET /src/admin/Settings.tsx
2026-08-02T16:39:31.190Z - GET /src/admin/Users.tsx
2026-08-02T16:39:31.193Z - GET /src/admin/Leadership.tsx
2026-08-02T16:39:31.194Z - GET /src/admin/Jobs.tsx
2026-08-02T16:39:31.195Z - GET /pages/Careers.tsx
2026-08-02T16:39:31.196Z - GET /src/admin/Teams.tsx
2026-08-02T16:39:31.198Z - GET /pages/Information.tsx
2026-08-02T16:39:31.199Z - GET /pages/JobDetail.tsx
2026-08-02T16:39:31.201Z - GET /pages/EventDetail.tsx
2026-08-02T16:39:31.201Z - GET /src/admin/Subscribers.tsx
2026-08-02T16:39:31.203Z - GET /components/GlobalSearch.tsx
2026-08-02T16:39:31.204Z - GET /pages/About.tsx
2026-08-02T16:39:31.206Z - GET /pages/Socials.tsx
2026-08-02T16:39:31.208Z - GET /src/admin/Gallery.tsx
2026-08-02T16:39:31.209Z - GET /components/NewsletterPopup.tsx
2026-08-02T16:39:31.210Z - GET /constants.tsx
2026-08-02T16:39:31.212Z - GET /src/admin/AdminLayout.tsx
2026-08-02T16:39:31.214Z - GET /components/SocialFollowerIcon.tsx
2026-08-02T16:39:31.263Z - GET /components/SEOMeta.tsx
2026-08-02T16:39:31.264Z - GET /components/Breadcrumbs.tsx
2026-08-02T16:39:31.267Z - GET /components/ui/ArenaButton.tsx
2026-08-02T16:39:31.269Z - GET /src/components/ImageUploader.tsx
2026-08-02T16:39:31.273Z - GET /src/lib/firebase.ts
2026-08-02T16:39:31.294Z - GET /src/admin/Creators.tsx
2026-08-02T16:39:31.455Z - GET /firebase-applet-config.json?import
2026-08-02T16:39:31.551Z - GET /assets/Gk%20Logo.png
2026-08-02T16:39:49.712Z - GET /
2026-08-02T16:39:49.802Z - GET /@vite/client
2026-08-02T16:39:49.804Z - GET /index.tsx
2026-08-02T16:39:49.826Z - GET /@react-refresh
2026-08-02T16:39:49.977Z - GET /App.tsx
2026-08-02T16:39:49.979Z - GET /node_modules/vite/dist/client/env.mjs
2026-08-02T16:39:50.091Z - GET /components/GlobalSearch.tsx
2026-08-02T16:39:50.093Z - GET /pages/EventDetail.tsx
2026-08-02T16:39:50.093Z - GET /components/NewsletterPopup.tsx
2026-08-02T16:39:50.103Z - GET /components/SocialFollowerIcon.tsx
2026-08-02T16:39:50.106Z - GET /src/admin/Users.tsx
2026-08-02T16:39:50.108Z - GET /src/admin/Schedule.tsx
2026-08-02T16:39:50.110Z - GET /src/admin/LoginPage.tsx
2026-08-02T16:39:50.112Z - GET /pages/Information.tsx
2026-08-02T16:39:50.113Z - GET /src/admin/AdminLayout.tsx
2026-08-02T16:39:50.115Z - GET /src/admin/News.tsx
2026-08-02T16:39:50.116Z - GET /pages/PlayerProfile.tsx
2026-08-02T16:39:50.118Z - GET /pages/Careers.tsx
2026-08-02T16:39:50.119Z - GET /src/admin/Jobs.tsx
2026-08-02T16:39:50.122Z - GET /src/admin/Settings.tsx
2026-08-02T16:39:50.123Z - GET /pages/About.tsx
2026-08-02T16:39:50.124Z - GET /pages/Schedule.tsx
2026-08-02T16:39:50.128Z - GET /src/admin/Creators.tsx
2026-08-02T16:39:50.130Z - GET /src/admin/Subscribers.tsx
2026-08-02T16:39:50.131Z - GET /pages/NewsDetail.tsx
2026-08-02T16:39:50.132Z - GET /pages/Home.tsx
2026-08-02T16:39:50.134Z - GET /src/admin/Dashboard.tsx
2026-08-02T16:39:50.136Z - GET /src/admin/Teams.tsx
2026-08-02T16:39:50.137Z - GET /pages/Socials.tsx
2026-08-02T16:39:50.138Z - GET /pages/Teams.tsx
2026-08-02T16:39:50.140Z - GET /src/admin/Leadership.tsx
2026-08-02T16:39:50.142Z - GET /pages/JobDetail.tsx
2026-08-02T16:39:50.144Z - GET /pages/News.tsx
2026-08-02T16:39:50.146Z - GET /src/admin/Gallery.tsx
2026-08-02T16:39:50.148Z - GET /constants.tsx
2026-08-02T16:39:50.173Z - GET /src/lib/firebase.ts
2026-08-02T16:39:50.178Z - GET /components/Breadcrumbs.tsx
2026-08-02T16:39:50.179Z - GET /components/SEOMeta.tsx
2026-08-02T16:39:50.189Z - GET /components/ui/ArenaButton.tsx
2026-08-02T16:39:50.192Z - GET /src/components/ImageUploader.tsx
2026-08-02T16:39:50.252Z - GET /firebase-applet-config.json?import
2026-08-02T16:39:50.380Z - GET /api/events
2026-08-02T16:39:50.384Z - GET /assets/Gk%20Logo.png
2026-08-02T16:39:50.642Z - GET /api/events
2026-08-02T16:39:52.894Z - GET /api/gallery
2026-08-02T16:39:53.111Z - GET /api/gallery
2026-08-02T16:47:52.350Z - GET /
2026-08-02T16:47:55.370Z - GET /
2026-08-02T16:48:00.189Z - GET /
2026-08-02T16:48:00.699Z - GET /@vite/client
2026-08-02T16:48:00.702Z - GET /index.tsx
2026-08-02T16:48:00.703Z - GET /@react-refresh
2026-08-02T16:48:00.910Z - GET /node_modules/vite/dist/client/env.mjs
2026-08-02T16:48:00.916Z - GET /App.tsx
2026-08-02T16:48:01.964Z - GET /pages/Careers.tsx
2026-08-02T16:48:01.970Z - GET /pages/Teams.tsx
2026-08-02T16:48:01.977Z - GET /pages/Home.tsx
2026-08-02T16:48:02.025Z - GET /pages/News.tsx
2026-08-02T16:48:02.054Z - GET /pages/Schedule.tsx
2026-08-02T16:48:02.061Z - GET /pages/Socials.tsx
2026-08-02T16:48:02.086Z - GET /src/admin/Teams.tsx
2026-08-02T16:48:02.090Z - GET /pages/About.tsx
2026-08-02T16:48:02.094Z - GET /src/admin/Jobs.tsx
2026-08-02T16:48:02.096Z - GET /src/admin/Subscribers.tsx
2026-08-02T16:48:02.097Z - GET /src/admin/Gallery.tsx
2026-08-02T16:48:02.099Z - GET /components/GlobalSearch.tsx
2026-08-02T16:48:02.100Z - GET /src/admin/News.tsx
2026-08-02T16:48:02.103Z - GET /src/admin/Settings.tsx
2026-08-02T16:48:02.104Z - GET /src/admin/Users.tsx
2026-08-02T16:48:02.107Z - GET /pages/PlayerProfile.tsx
2026-08-02T16:48:02.108Z - GET /src/admin/Dashboard.tsx
2026-08-02T16:48:02.110Z - GET /src/admin/Creators.tsx
2026-08-02T16:48:02.112Z - GET /pages/JobDetail.tsx
2026-08-02T16:48:02.114Z - GET /components/SocialFollowerIcon.tsx
2026-08-02T16:48:02.115Z - GET /src/admin/AdminLayout.tsx
2026-08-02T16:48:02.118Z - GET /src/admin/LoginPage.tsx
2026-08-02T16:48:02.119Z - GET /pages/EventDetail.tsx
2026-08-02T16:48:02.122Z - GET /src/admin/Leadership.tsx
2026-08-02T16:48:02.123Z - GET /pages/NewsDetail.tsx
2026-08-02T16:48:02.125Z - GET /src/admin/Schedule.tsx
2026-08-02T16:48:02.126Z - GET /pages/Information.tsx
2026-08-02T16:48:02.128Z - GET /components/NewsletterPopup.tsx
2026-08-02T16:48:02.130Z - GET /constants.tsx
2026-08-02T16:48:02.132Z - GET /components/Breadcrumbs.tsx
2026-08-02T16:48:02.134Z - GET /components/ui/ArenaButton.tsx
2026-08-02T16:48:02.136Z - GET /components/SEOMeta.tsx
2026-08-02T16:48:02.167Z - GET /src/components/ImageUploader.tsx
2026-08-02T16:48:02.171Z - GET /src/lib/firebase.ts
2026-08-02T16:48:02.250Z - GET /firebase-applet-config.json?import
2026-08-02T16:48:02.384Z - GET /assets/mouse.png
2026-08-02T16:48:02.386Z - GET /assets/mat.png
2026-08-02T16:48:02.389Z - GET /assets/Gk%20Logo.png
2026-08-02T16:48:02.391Z - GET /assets/jearsy.png
2026-08-02T16:48:02.393Z - GET /assets/bag.png
2026-08-02T16:48:02.581Z - GET /assets/frame.png
2026-08-02T16:52:41.694Z - GET /admin
2026-08-02T16:52:41.799Z - GET /@vite/client
2026-08-02T16:52:41.811Z - GET /index.tsx
2026-08-02T16:52:41.831Z - GET /@react-refresh
2026-08-02T16:52:42.006Z - GET /node_modules/vite/dist/client/env.mjs
2026-08-02T16:52:42.011Z - GET /App.tsx
2026-08-02T16:52:42.120Z - GET /pages/NewsDetail.tsx
2026-08-02T16:52:42.123Z - GET /pages/PlayerProfile.tsx
2026-08-02T16:52:42.126Z - GET /src/admin/Subscribers.tsx
2026-08-02T16:52:42.131Z - GET /pages/EventDetail.tsx
2026-08-02T16:52:42.133Z - GET /src/admin/Teams.tsx
2026-08-02T16:52:42.135Z - GET /src/admin/Schedule.tsx
2026-08-02T16:52:42.137Z - GET /src/admin/Jobs.tsx
2026-08-02T16:52:42.139Z - GET /pages/Careers.tsx
2026-08-02T16:52:42.140Z - GET /pages/Socials.tsx
2026-08-02T16:52:42.142Z - GET /pages/News.tsx
2026-08-02T16:52:42.144Z - GET /src/admin/Leadership.tsx
2026-08-02T16:52:42.146Z - GET /pages/JobDetail.tsx
2026-08-02T16:52:42.148Z - GET /pages/Information.tsx
2026-08-02T16:52:42.151Z - GET /src/admin/LoginPage.tsx
2026-08-02T16:52:42.153Z - GET /components/GlobalSearch.tsx
2026-08-02T16:52:42.154Z - GET /src/admin/Settings.tsx
2026-08-02T16:52:42.156Z - GET /src/admin/Users.tsx
2026-08-02T16:52:42.158Z - GET /src/admin/Dashboard.tsx
2026-08-02T16:52:42.159Z - GET /pages/Schedule.tsx
2026-08-02T16:52:42.161Z - GET /src/admin/News.tsx
2026-08-02T16:52:42.162Z - GET /constants.tsx
2026-08-02T16:52:42.165Z - GET /pages/About.tsx
2026-08-02T16:52:42.168Z - GET /pages/Home.tsx
2026-08-02T16:52:42.169Z - GET /src/admin/Creators.tsx
2026-08-02T16:52:42.171Z - GET /src/admin/AdminLayout.tsx
2026-08-02T16:52:42.173Z - GET /components/SocialFollowerIcon.tsx
2026-08-02T16:52:42.175Z - GET /pages/Teams.tsx
2026-08-02T16:52:42.178Z - GET /components/NewsletterPopup.tsx
2026-08-02T16:52:42.180Z - GET /src/admin/Gallery.tsx
2026-08-02T16:52:42.203Z - GET /components/SEOMeta.tsx
2026-08-02T16:52:42.204Z - GET /components/ui/ArenaButton.tsx
2026-08-02T16:52:42.206Z - GET /components/Breadcrumbs.tsx
2026-08-02T16:52:42.210Z - GET /src/lib/firebase.ts
2026-08-02T16:52:42.215Z - GET /src/components/ImageUploader.tsx
2026-08-02T16:52:42.376Z - GET /firebase-applet-config.json?import
2026-08-02T16:52:42.477Z - GET /assets/Gk%20Logo.png
2026-08-02T16:52:42.497Z - GET /assets/mat.png
2026-08-02T16:52:42.498Z - GET /assets/mouse.png
2026-08-02T16:52:42.499Z - GET /assets/frame.png
2026-08-02T16:52:42.502Z - GET /assets/jearsy.png
2026-08-02T16:52:42.505Z - GET /assets/bag.png
2026-08-02T16:52:52.898Z - GET /
2026-08-02T16:52:52.987Z - GET /@vite/client
2026-08-02T16:52:52.990Z - GET /index.tsx
2026-08-02T16:52:52.992Z - GET /@react-refresh
2026-08-02T16:52:53.144Z - GET /App.tsx
2026-08-02T16:52:53.146Z - GET /node_modules/vite/dist/client/env.mjs
2026-08-02T16:52:53.227Z - GET /pages/Schedule.tsx
2026-08-02T16:52:53.228Z - GET /pages/Home.tsx
2026-08-02T16:52:53.248Z - GET /pages/Information.tsx
2026-08-02T16:52:53.250Z - GET /pages/Teams.tsx
2026-08-02T16:52:53.253Z - GET /src/admin/AdminLayout.tsx
2026-08-02T16:52:53.255Z - GET /pages/Careers.tsx
2026-08-02T16:52:53.257Z - GET /pages/About.tsx
2026-08-02T16:52:53.259Z - GET /pages/PlayerProfile.tsx
2026-08-02T16:52:53.262Z - GET /src/admin/Jobs.tsx
2026-08-02T16:52:53.264Z - GET /pages/JobDetail.tsx
2026-08-02T16:52:53.266Z - GET /pages/News.tsx
2026-08-02T16:52:53.267Z - GET /pages/Socials.tsx
2026-08-02T16:52:53.270Z - GET /src/admin/Settings.tsx
2026-08-02T16:52:53.272Z - GET /src/admin/Users.tsx
2026-08-02T16:52:53.274Z - GET /src/admin/LoginPage.tsx
2026-08-02T16:52:53.276Z - GET /constants.tsx
2026-08-02T16:52:53.277Z - GET /pages/NewsDetail.tsx
2026-08-02T16:52:53.279Z - GET /components/SocialFollowerIcon.tsx
2026-08-02T16:52:53.280Z - GET /src/admin/Gallery.tsx
2026-08-02T16:52:53.282Z - GET /src/admin/Subscribers.tsx
2026-08-02T16:52:53.284Z - GET /src/admin/Schedule.tsx
2026-08-02T16:52:53.286Z - GET /src/admin/News.tsx
2026-08-02T16:52:53.287Z - GET /pages/EventDetail.tsx
2026-08-02T16:52:53.289Z - GET /src/admin/Dashboard.tsx
2026-08-02T16:52:53.290Z - GET /src/admin/Leadership.tsx
2026-08-02T16:52:53.293Z - GET /components/NewsletterPopup.tsx
2026-08-02T16:52:53.295Z - GET /src/admin/Teams.tsx
2026-08-02T16:52:53.297Z - GET /components/GlobalSearch.tsx
2026-08-02T16:52:53.299Z - GET /src/admin/Creators.tsx
2026-08-02T16:52:53.421Z - GET /components/SEOMeta.tsx
2026-08-02T16:52:53.422Z - GET /components/Breadcrumbs.tsx
2026-08-02T16:52:53.424Z - GET /src/lib/firebase.ts
2026-08-02T16:52:53.425Z - GET /components/ui/ArenaButton.tsx
2026-08-02T16:52:53.426Z - GET /src/components/ImageUploader.tsx
2026-08-02T16:52:53.502Z - GET /firebase-applet-config.json?import
2026-08-02T16:52:53.597Z - GET /assets/Gk%20Logo.png
2026-08-02T16:52:53.734Z - GET /api/activity
2026-08-02T16:52:53.748Z - GET /api/health
2026-08-02T16:52:53.752Z - GET /api/stats
2026-08-02T16:52:53.823Z - GET /api/health
2026-08-02T16:52:54.516Z - GET /api/activity
2026-08-02T16:52:56.109Z - GET /api/stats
2026-08-02T16:52:57.260Z - GET /api/leadership
2026-08-02T16:52:57.501Z - GET /api/leadership
2026-08-02T16:53:00.154Z - GET /api/gallery
2026-08-02T16:53:00.375Z - GET /api/gallery
2026-08-02T16:53:05.924Z - POST /api/upload
2026-08-02T16:53:15.036Z - POST /api/gallery
2026-08-02T16:53:15.446Z - GET /api/gallery
2026-08-02T16:53:18.412Z - GET /api/events
2026-08-02T16:53:18.634Z - GET /api/events
2026-08-02T16:53:19.731Z - GET /api/creators
2026-08-02T16:53:19.950Z - GET /api/creators
2026-08-02T16:53:36.429Z - POST /api/upload
2026-08-02T16:53:42.174Z - POST /api/creators
2026-08-02T16:53:42.671Z - GET /api/creators
2026-08-02T16:53:45.452Z - GET /api/gallery
2026-08-02T16:53:45.671Z - GET /api/gallery
2026-08-02T16:53:46.894Z - GET /api/jobs
2026-08-02T16:53:47.121Z - GET /api/jobs
2026-08-02T16:54:27.600Z - POST /api/jobs
2026-08-02T16:54:28.035Z - GET /api/jobs
2026-08-02T16:54:37.115Z - GET /careers/ni
2026-08-02T16:54:37.230Z - GET /@vite/client
2026-08-02T16:54:37.234Z - GET /@react-refresh
2026-08-02T16:54:37.236Z - GET /index.tsx
2026-08-02T16:54:37.527Z - GET /node_modules/vite/dist/client/env.mjs
2026-08-02T16:54:37.530Z - GET /node_modules/.vite/deps/react_jsx-dev-runtime.js?v=75771476
2026-08-02T16:54:37.531Z - GET /App.tsx
2026-08-02T16:54:37.534Z - GET /node_modules/.vite/deps/react-dom_client.js?v=75771476
2026-08-02T16:54:37.537Z - GET /node_modules/.vite/deps/react.js?v=75771476
2026-08-02T16:54:37.612Z - GET /node_modules/.vite/deps/chunk-V5LT2MCF.js?v=75771476
2026-08-02T16:54:37.620Z - GET /node_modules/.vite/deps/chunk-GHX6QOSA.js?v=75771476
2026-08-02T16:54:37.621Z - GET /node_modules/.vite/deps/chunk-2GTGKKMZ.js?v=75771476
2026-08-02T16:54:37.640Z - GET /node_modules/.vite/deps/react-router-dom.js?v=75771476
2026-08-02T16:54:37.665Z - GET /components/NewsletterPopup.tsx
2026-08-02T16:54:37.667Z - GET /components/GlobalSearch.tsx
2026-08-02T16:54:37.669Z - GET /components/SocialFollowerIcon.tsx
2026-08-02T16:54:37.671Z - GET /src/admin/Leadership.tsx
2026-08-02T16:54:37.672Z - GET /pages/NewsDetail.tsx
2026-08-02T16:54:37.675Z - GET /src/admin/News.tsx
2026-08-02T16:54:37.677Z - GET /src/admin/Schedule.tsx
2026-08-02T16:54:37.680Z - GET /pages/PlayerProfile.tsx
2026-08-02T16:54:37.684Z - GET /pages/EventDetail.tsx
2026-08-02T16:54:37.687Z - GET /src/admin/Settings.tsx
2026-08-02T16:54:37.689Z - GET /src/admin/Subscribers.tsx
2026-08-02T16:54:37.691Z - GET /pages/Socials.tsx
2026-08-02T16:54:37.695Z - GET /src/admin/Jobs.tsx
2026-08-02T16:54:37.696Z - GET /src/admin/Users.tsx
2026-08-02T16:54:37.699Z - GET /src/admin/Creators.tsx
2026-08-02T16:54:37.700Z - GET /pages/News.tsx
2026-08-02T16:54:37.703Z - GET /pages/Careers.tsx
2026-08-02T16:54:37.705Z - GET /src/admin/AdminLayout.tsx
2026-08-02T16:54:37.707Z - GET /pages/JobDetail.tsx
2026-08-02T16:54:37.709Z - GET /src/admin/Gallery.tsx
2026-08-02T16:54:37.711Z - GET /src/admin/Dashboard.tsx
2026-08-02T16:54:37.713Z - GET /src/admin/Teams.tsx
2026-08-02T16:54:37.716Z - GET /pages/About.tsx
2026-08-02T16:54:37.721Z - GET /pages/Teams.tsx
2026-08-02T16:54:37.725Z - GET /pages/Information.tsx
2026-08-02T16:54:37.729Z - GET /src/admin/LoginPage.tsx
2026-08-02T16:54:37.732Z - GET /pages/Home.tsx
2026-08-02T16:54:37.738Z - GET /node_modules/.vite/deps/framer-motion.js?v=75771476
2026-08-02T16:54:37.740Z - GET /node_modules/.vite/deps/lucide-react.js?v=75771476
2026-08-02T16:54:37.748Z - GET /constants.tsx
2026-08-02T16:54:37.753Z - GET /pages/Schedule.tsx
2026-08-02T16:54:37.869Z - GET /src/lib/firebase.ts
2026-08-02T16:54:37.872Z - GET /node_modules/.vite/deps/firebase_firestore.js?v=75771476
2026-08-02T16:54:37.886Z - GET /src/components/ImageUploader.tsx
2026-08-02T16:54:37.893Z - GET /components/SEOMeta.tsx
2026-08-02T16:54:37.897Z - GET /components/ui/ArenaButton.tsx
2026-08-02T16:54:37.899Z - GET /components/Breadcrumbs.tsx
2026-08-02T16:54:37.901Z - GET /node_modules/.vite/deps/xlsx.js?v=75771476
2026-08-02T16:54:37.909Z - GET /node_modules/.vite/deps/firebase_auth.js?v=75771476
2026-08-02T16:54:37.967Z - GET /firebase-applet-config.json?import
2026-08-02T16:54:37.968Z - GET /node_modules/.vite/deps/firebase_app.js?v=75771476
2026-08-02T16:54:38.007Z - GET /node_modules/.vite/deps/chunk-CCHYV7MY.js?v=75771476
2026-08-02T16:54:38.150Z - GET /assets/Gk%20Logo.png
2026-08-02T16:54:38.156Z - GET /assets/bag.png
2026-08-02T16:54:38.158Z - GET /assets/jearsy.png
2026-08-02T16:54:38.162Z - GET /assets/mouse.png
2026-08-02T16:54:38.165Z - GET /assets/mat.png
2026-08-02T16:54:38.167Z - GET /assets/frame.png
2026-08-02T16:54:38.236Z - GET /favicon.ico
2026-08-02T16:55:19.913Z - GET /api/news
2026-08-02T16:55:20.456Z - GET /api/news
2026-08-02T16:55:55.802Z - POST /api/news
2026-08-02T16:55:56.058Z - GET /api/news
2026-08-02T16:56:32.964Z - GET /api/settings
2026-08-02T16:56:33.251Z - GET /api/settings
2026-08-02T16:57:02.917Z - GET /api/stats
2026-08-02T16:57:02.921Z - GET /api/activity
2026-08-02T16:57:02.924Z - GET /api/health
2026-08-02T16:57:03.004Z - GET /api/health
2026-08-02T16:57:03.426Z - GET /api/activity
2026-08-02T16:57:04.514Z - GET /api/stats
2026-08-02T16:57:14.134Z - GET /api/leadership
2026-08-02T16:57:14.372Z - GET /api/leadership
2026-08-02T16:58:44.402Z - GET /api/teams
2026-08-02T16:58:44.656Z - GET /api/teams
2026-08-02T16:58:54.844Z - POST /api/upload
2026-08-02T16:58:57.196Z - POST /api/players
2026-08-02T16:58:57.484Z - GET /api/teams/1/players
2026-08-02T16:59:15.014Z - GET /api/creators
2026-08-02T16:59:15.278Z - GET /api/creators
2026-08-02T16:59:37.638Z - GET /api/events
2026-08-02T16:59:37.877Z - GET /api/events
2026-08-02T16:59:58.629Z - GET /api/gallery
2026-08-02T16:59:59.142Z - GET /api/gallery
2026-08-02T17:00:04.560Z - GET /api/jobs
2026-08-02T17:00:04.798Z - GET /api/jobs
2026-08-02T17:00:49.436Z - GET /api/news
2026-08-02T17:00:49.992Z - GET /api/news
2026-08-02T17:12:25.325Z - GET /
2026-08-02T17:12:34.437Z - GET /
2026-08-02T17:12:35.005Z - GET /@vite/client
2026-08-02T17:12:35.009Z - GET /index.tsx
2026-08-02T17:12:35.012Z - GET /@react-refresh
2026-08-02T17:12:35.230Z - GET /App.tsx
2026-08-02T17:12:35.232Z - GET /node_modules/vite/dist/client/env.mjs
2026-08-02T17:12:36.273Z - GET /pages/Schedule.tsx
2026-08-02T17:12:36.276Z - GET /pages/Home.tsx
2026-08-02T17:12:36.277Z - GET /pages/EventDetail.tsx
2026-08-02T17:12:36.278Z - GET /pages/News.tsx
2026-08-02T17:12:36.279Z - GET /pages/NewsDetail.tsx
2026-08-02T17:12:36.280Z - GET /src/admin/Subscribers.tsx
2026-08-02T17:12:36.281Z - GET /src/admin/Settings.tsx
2026-08-02T17:12:36.282Z - GET /src/admin/Leadership.tsx
2026-08-02T17:12:36.283Z - GET /pages/Socials.tsx
2026-08-02T17:12:36.290Z - GET /src/admin/News.tsx
2026-08-02T17:12:36.291Z - GET /src/admin/Jobs.tsx
2026-08-02T17:12:36.292Z - GET /src/admin/Users.tsx
2026-08-02T17:12:36.338Z - GET /src/admin/Gallery.tsx
2026-08-02T17:12:36.365Z - GET /src/admin/LoginPage.tsx
2026-08-02T17:12:36.389Z - GET /pages/Information.tsx
2026-08-02T17:12:36.391Z - GET /src/admin/AdminLayout.tsx
2026-08-02T17:12:36.394Z - GET /src/admin/Schedule.tsx
2026-08-02T17:12:36.397Z - GET /src/admin/Creators.tsx
2026-08-02T17:12:36.398Z - GET /src/admin/Dashboard.tsx
2026-08-02T17:12:36.399Z - GET /components/NewsletterPopup.tsx
2026-08-02T17:12:36.401Z - GET /src/admin/Teams.tsx
2026-08-02T17:12:36.403Z - GET /pages/Careers.tsx
2026-08-02T17:12:36.405Z - GET /pages/About.tsx
2026-08-02T17:12:36.408Z - GET /pages/Teams.tsx
2026-08-02T17:12:36.412Z - GET /components/SocialFollowerIcon.tsx
2026-08-02T17:12:36.413Z - GET /pages/PlayerProfile.tsx
2026-08-02T17:12:36.419Z - GET /pages/JobDetail.tsx
2026-08-02T17:12:36.422Z - GET /constants.tsx
2026-08-02T17:12:36.424Z - GET /components/GlobalSearch.tsx
2026-08-02T17:12:36.426Z - GET /src/lib/firebase.ts
2026-08-02T17:12:36.429Z - GET /components/SEOMeta.tsx
2026-08-02T17:12:36.430Z - GET /components/Breadcrumbs.tsx
2026-08-02T17:12:36.432Z - GET /components/ui/ArenaButton.tsx
2026-08-02T17:12:36.435Z - GET /src/components/ImageUploader.tsx
2026-08-02T17:12:36.542Z - GET /firebase-applet-config.json?import
2026-08-02T17:12:36.650Z - GET /assets/Gk%20Logo.png
2026-08-02T17:12:36.675Z - GET /assets/frame.png
2026-08-02T17:12:36.677Z - GET /assets/mat.png
2026-08-02T17:12:36.682Z - GET /assets/bag.png
2026-08-02T17:12:36.684Z - GET /assets/jearsy.png
2026-08-02T17:12:36.687Z - GET /assets/mouse.png
2026-08-02T18:17:59.093Z - GET /api/teams
2026-08-02T18:17:59.112Z - GET /api/creators
2026-08-02T18:17:59.115Z - GET /assets/Breezi.png
2026-08-02T18:17:59.117Z - GET /assets/Jorhdys.png
2026-08-02T18:17:59.119Z - GET /assets/NO%20PHOTO.png
2026-08-02T18:18:00.179Z - GET /api/creators
2026-08-02T18:18:00.206Z - GET /api/teams
2026-08-02T18:18:00.700Z - GET /api/teams/1/players
2026-08-02T18:18:05.475Z - GET /api/leadership
2026-08-02T18:18:05.990Z - GET /api/leadership
2026-08-02T18:18:14.417Z - GET /assets/mat.png
2026-08-02T18:18:14.418Z - GET /assets/jearsy.png
2026-08-02T18:18:14.420Z - GET /assets/frame.png
2026-08-02T18:18:14.422Z - GET /assets/mouse.png
2026-08-02T18:18:14.441Z - GET /assets/bag.png
2026-08-02T18:18:15.657Z - GET /api/leadership
2026-08-02T18:18:16.151Z - GET /api/leadership
2026-08-02T18:18:21.990Z - GET /assets/Breezi.png
2026-08-02T18:18:21.993Z - GET /api/creators
2026-08-02T18:18:21.997Z - GET /assets/Jorhdys.png
2026-08-02T18:18:21.999Z - GET /assets/NO%20PHOTO.png
2026-08-02T18:18:22.013Z - GET /api/teams
2026-08-02T18:18:22.484Z - GET /api/creators
2026-08-02T18:18:22.553Z - GET /api/teams
2026-08-02T18:18:22.794Z - GET /api/teams/1/players
2026-08-02T18:18:36.005Z - GET /api/teams
2026-08-02T18:18:36.303Z - GET /api/teams
2026-08-02T18:18:36.545Z - GET /api/teams/1/players
2026-08-02T18:18:57.215Z - GET /
2026-08-02T18:18:57.398Z - GET /index.tsx
2026-08-02T18:18:57.399Z - GET /@react-refresh
2026-08-02T18:18:57.409Z - GET /@vite/client
2026-08-02T18:18:57.496Z - GET /node_modules/vite/dist/client/env.mjs
2026-08-02T18:18:57.497Z - GET /App.tsx
2026-08-02T18:18:57.583Z - GET /pages/Schedule.tsx
2026-08-02T18:18:57.585Z - GET /pages/Home.tsx
2026-08-02T18:18:57.596Z - GET /pages/Careers.tsx
2026-08-02T18:18:57.598Z - GET /src/admin/AdminLayout.tsx
2026-08-02T18:18:57.600Z - GET /pages/JobDetail.tsx
2026-08-02T18:18:57.602Z - GET /pages/Teams.tsx
2026-08-02T18:18:57.603Z - GET /pages/About.tsx
2026-08-02T18:18:57.605Z - GET /src/admin/Subscribers.tsx
2026-08-02T18:18:57.607Z - GET /src/admin/News.tsx
2026-08-02T18:18:57.609Z - GET /src/admin/LoginPage.tsx
2026-08-02T18:18:57.611Z - GET /pages/Information.tsx
2026-08-02T18:18:57.613Z - GET /src/admin/Dashboard.tsx
2026-08-02T18:18:57.614Z - GET /pages/EventDetail.tsx
2026-08-02T18:18:57.616Z - GET /src/admin/Teams.tsx
2026-08-02T18:18:57.618Z - GET /components/GlobalSearch.tsx
2026-08-02T18:18:57.619Z - GET /pages/Socials.tsx
2026-08-02T18:18:57.621Z - GET /src/admin/Schedule.tsx
2026-08-02T18:18:57.624Z - GET /components/SocialFollowerIcon.tsx
2026-08-02T18:18:57.626Z - GET /constants.tsx
2026-08-02T18:18:57.628Z - GET /components/NewsletterPopup.tsx
2026-08-02T18:18:57.630Z - GET /src/admin/Settings.tsx
2026-08-02T18:18:57.632Z - GET /pages/News.tsx
2026-08-02T18:18:57.634Z - GET /pages/PlayerProfile.tsx
2026-08-02T18:18:57.635Z - GET /src/admin/Gallery.tsx
2026-08-02T18:18:57.637Z - GET /src/admin/Creators.tsx
2026-08-02T18:18:57.639Z - GET /pages/NewsDetail.tsx
2026-08-02T18:18:57.641Z - GET /src/admin/Leadership.tsx
2026-08-02T18:18:57.643Z - GET /src/admin/Users.tsx
2026-08-02T18:18:57.644Z - GET /src/admin/Jobs.tsx
2026-08-02T18:18:57.663Z - GET /components/Breadcrumbs.tsx
2026-08-02T18:18:57.664Z - GET /components/SEOMeta.tsx
2026-08-02T18:18:57.670Z - GET /components/ui/ArenaButton.tsx
2026-08-02T18:18:57.676Z - GET /src/lib/firebase.ts
2026-08-02T18:18:57.690Z - GET /src/components/ImageUploader.tsx
2026-08-02T18:18:57.761Z - GET /firebase-applet-config.json?import
2026-08-02T18:18:57.883Z - GET /assets/jearsy.png
2026-08-02T18:18:57.887Z - GET /assets/mat.png
2026-08-02T18:18:57.889Z - GET /assets/Gk%20Logo.png
2026-08-02T18:18:57.890Z - GET /assets/bag.png
2026-08-02T18:18:57.891Z - GET /assets/mouse.png
2026-08-02T18:18:57.919Z - GET /assets/frame.png
2026-08-02T18:19:07.055Z - GET /
2026-08-02T18:19:07.176Z - GET /@vite/client
2026-08-02T18:19:07.177Z - GET /index.tsx
2026-08-02T18:19:07.181Z - GET /@react-refresh
2026-08-02T18:19:07.338Z - GET /node_modules/vite/dist/client/env.mjs
2026-08-02T18:19:07.342Z - GET /App.tsx
2026-08-02T18:19:07.468Z - GET /pages/Home.tsx
2026-08-02T18:19:07.470Z - GET /pages/Schedule.tsx
2026-08-02T18:19:07.471Z - GET /pages/About.tsx
2026-08-02T18:19:07.480Z - GET /pages/Information.tsx
2026-08-02T18:19:07.481Z - GET /src/admin/AdminLayout.tsx
2026-08-02T18:19:07.484Z - GET /components/SocialFollowerIcon.tsx
2026-08-02T18:19:07.485Z - GET /pages/News.tsx
2026-08-02T18:19:07.490Z - GET /src/admin/Schedule.tsx
2026-08-02T18:19:07.492Z - GET /src/admin/News.tsx
2026-08-02T18:19:07.496Z - GET /pages/NewsDetail.tsx
2026-08-02T18:19:07.497Z - GET /src/admin/Jobs.tsx
2026-08-02T18:19:07.498Z - GET /pages/JobDetail.tsx
2026-08-02T18:19:07.500Z - GET /src/admin/Subscribers.tsx
2026-08-02T18:19:07.501Z - GET /src/admin/Gallery.tsx
2026-08-02T18:19:07.503Z - GET /components/NewsletterPopup.tsx
2026-08-02T18:19:07.504Z - GET /src/admin/Teams.tsx
2026-08-02T18:19:07.506Z - GET /src/admin/Dashboard.tsx
2026-08-02T18:19:07.508Z - GET /src/admin/Users.tsx
2026-08-02T18:19:07.509Z - GET /src/admin/Leadership.tsx
2026-08-02T18:19:07.511Z - GET /constants.tsx
2026-08-02T18:19:07.512Z - GET /pages/PlayerProfile.tsx
2026-08-02T18:19:07.513Z - GET /pages/Careers.tsx
2026-08-02T18:19:07.514Z - GET /src/admin/LoginPage.tsx
2026-08-02T18:19:07.516Z - GET /pages/Socials.tsx
2026-08-02T18:19:07.518Z - GET /components/GlobalSearch.tsx
2026-08-02T18:19:07.519Z - GET /src/admin/Creators.tsx
2026-08-02T18:19:07.520Z - GET /pages/Teams.tsx
2026-08-02T18:19:07.521Z - GET /pages/EventDetail.tsx
2026-08-02T18:19:07.522Z - GET /src/admin/Settings.tsx
2026-08-02T18:19:07.549Z - GET /components/Breadcrumbs.tsx
2026-08-02T18:19:07.551Z - GET /components/ui/ArenaButton.tsx
2026-08-02T18:19:07.553Z - GET /components/SEOMeta.tsx
2026-08-02T18:19:07.558Z - GET /src/lib/firebase.ts
2026-08-02T18:19:07.568Z - GET /src/components/ImageUploader.tsx
2026-08-02T18:19:07.633Z - GET /firebase-applet-config.json?import
2026-08-02T18:19:07.742Z - GET /assets/frame.png
2026-08-02T18:19:07.743Z - GET /assets/jearsy.png
2026-08-02T18:19:07.745Z - GET /assets/mat.png
2026-08-02T18:19:07.747Z - GET /assets/mouse.png
2026-08-02T18:19:07.747Z - GET /assets/bag.png
2026-08-02T18:19:07.751Z - GET /assets/Gk%20Logo.png
2026-08-02T18:19:09.186Z - GET /api/leadership
2026-08-02T18:19:09.713Z - GET /api/leadership
2026-08-02T18:19:11.926Z - GET /api/events
2026-08-02T18:19:12.427Z - GET /api/events
2026-08-02T18:19:29.742Z - GET /api/news
2026-08-02T18:19:30.009Z - GET /api/news
2026-08-02T18:19:51.133Z - GET /api/gallery
2026-08-02T18:19:51.637Z - GET /api/gallery
2026-08-02T18:20:41.605Z - GET /
2026-08-02T18:20:45.620Z - GET /
2026-08-02T18:20:46.124Z - GET /@vite/client
2026-08-02T18:20:46.128Z - GET /index.tsx
2026-08-02T18:20:46.130Z - GET /@react-refresh
2026-08-02T18:20:46.340Z - GET /node_modules/vite/dist/client/env.mjs
2026-08-02T18:20:46.347Z - GET /App.tsx
2026-08-02T18:20:47.406Z - GET /pages/Home.tsx
2026-08-02T18:20:47.409Z - GET /pages/About.tsx
2026-08-02T18:20:47.417Z - GET /pages/Teams.tsx
2026-08-02T18:20:47.467Z - GET /pages/Schedule.tsx
2026-08-02T18:20:47.498Z - GET /src/admin/News.tsx
2026-08-02T18:20:47.524Z - GET /src/admin/Subscribers.tsx
2026-08-02T18:20:47.526Z - GET /src/admin/Settings.tsx
2026-08-02T18:20:47.531Z - GET /pages/Socials.tsx
2026-08-02T18:20:47.535Z - GET /src/admin/AdminLayout.tsx
2026-08-02T18:20:47.536Z - GET /src/admin/Schedule.tsx
2026-08-02T18:20:47.538Z - GET /src/admin/Teams.tsx
2026-08-02T18:20:47.540Z - GET /pages/JobDetail.tsx
2026-08-02T18:20:47.542Z - GET /src/admin/Jobs.tsx
2026-08-02T18:20:47.544Z - GET /src/admin/Gallery.tsx
2026-08-02T18:20:47.545Z - GET /src/admin/Users.tsx
2026-08-02T18:20:47.547Z - GET /src/admin/Creators.tsx
2026-08-02T18:20:47.548Z - GET /pages/Information.tsx
2026-08-02T18:20:47.550Z - GET /pages/Careers.tsx
2026-08-02T18:20:47.552Z - GET /src/admin/Dashboard.tsx
2026-08-02T18:20:47.554Z - GET /src/admin/LoginPage.tsx
2026-08-02T18:20:47.555Z - GET /src/admin/Leadership.tsx
2026-08-02T18:20:47.558Z - GET /pages/PlayerProfile.tsx
2026-08-02T18:20:47.565Z - GET /components/SocialFollowerIcon.tsx
2026-08-02T18:20:47.567Z - GET /components/GlobalSearch.tsx
2026-08-02T18:20:47.569Z - GET /components/NewsletterPopup.tsx
2026-08-02T18:20:47.571Z - GET /pages/News.tsx
2026-08-02T18:20:47.573Z - GET /constants.tsx
2026-08-02T18:20:47.575Z - GET /pages/EventDetail.tsx
2026-08-02T18:20:47.577Z - GET /pages/NewsDetail.tsx
2026-08-02T18:20:47.579Z - GET /
2026-08-02T18:20:47.581Z - GET /components/SEOMeta.tsx
2026-08-02T18:20:47.583Z - GET /components/ui/ArenaButton.tsx
2026-08-02T18:20:47.584Z - GET /components/Breadcrumbs.tsx
2026-08-02T18:20:47.596Z - GET /src/components/ImageUploader.tsx
2026-08-02T18:20:47.609Z - GET /src/lib/firebase.ts
2026-08-02T18:20:47.685Z - GET /@vite/client
2026-08-02T18:20:47.687Z - GET /index.tsx
2026-08-02T18:20:47.712Z - GET /@react-refresh
2026-08-02T18:20:47.713Z - GET /firebase-applet-config.json?import
2026-08-02T18:20:47.818Z - GET /node_modules/vite/dist/client/env.mjs
2026-08-02T18:20:47.819Z - GET /App.tsx
2026-08-02T18:20:47.848Z - GET /assets/frame.png
2026-08-02T18:20:47.852Z - GET /assets/mouse.png
2026-08-02T18:20:47.853Z - GET /assets/mat.png
2026-08-02T18:20:47.855Z - GET /assets/jearsy.png
2026-08-02T18:20:47.857Z - GET /assets/Gk%20Logo.png
2026-08-02T18:20:47.859Z - GET /assets/bag.png
2026-08-02T18:20:47.935Z - GET /pages/JobDetail.tsx
2026-08-02T18:20:47.936Z - GET /pages/Teams.tsx
2026-08-02T18:20:47.937Z - GET /pages/PlayerProfile.tsx
2026-08-02T18:20:47.939Z - GET /pages/Careers.tsx
2026-08-02T18:20:47.941Z - GET /pages/Socials.tsx
2026-08-02T18:20:47.943Z - GET /components/SocialFollowerIcon.tsx
2026-08-02T18:20:47.945Z - GET /pages/News.tsx
2026-08-02T18:20:47.950Z - GET /src/admin/Schedule.tsx
2026-08-02T18:20:47.952Z - GET /src/admin/Teams.tsx
2026-08-02T18:20:47.955Z - GET /components/GlobalSearch.tsx
2026-08-02T18:20:47.958Z - GET /pages/About.tsx
2026-08-02T18:20:47.960Z - GET /src/admin/Subscribers.tsx
2026-08-02T18:20:47.962Z - GET /src/admin/Jobs.tsx
2026-08-02T18:20:47.963Z - GET /src/admin/Leadership.tsx
2026-08-02T18:20:47.965Z - GET /pages/Home.tsx
2026-08-02T18:20:47.966Z - GET /src/admin/AdminLayout.tsx
2026-08-02T18:20:47.967Z - GET /src/admin/News.tsx
2026-08-02T18:20:47.969Z - GET /constants.tsx
2026-08-02T18:20:47.972Z - GET /pages/Schedule.tsx
2026-08-02T18:20:47.974Z - GET /src/admin/Gallery.tsx
2026-08-02T18:20:47.975Z - GET /src/admin/LoginPage.tsx
2026-08-02T18:20:47.976Z - GET /src/admin/Users.tsx
2026-08-02T18:20:47.977Z - GET /pages/Information.tsx
2026-08-02T18:20:47.979Z - GET /pages/EventDetail.tsx
2026-08-02T18:20:47.981Z - GET /src/admin/Settings.tsx
2026-08-02T18:20:47.982Z - GET /src/admin/Creators.tsx
2026-08-02T18:20:47.983Z - GET /components/NewsletterPopup.tsx
2026-08-02T18:20:47.985Z - GET /src/admin/Dashboard.tsx
2026-08-02T18:20:47.986Z - GET /pages/NewsDetail.tsx
2026-08-02T18:20:48.031Z - GET /components/ui/ArenaButton.tsx
2026-08-02T18:20:48.033Z - GET /components/Breadcrumbs.tsx
2026-08-02T18:20:48.034Z - GET /components/SEOMeta.tsx
2026-08-02T18:20:48.046Z - GET /src/components/ImageUploader.tsx
2026-08-02T18:20:48.053Z - GET /src/lib/firebase.ts
2026-08-02T18:20:48.138Z - GET /firebase-applet-config.json?import
2026-08-02T18:20:48.316Z - GET /assets/jearsy.png
2026-08-02T18:20:48.320Z - GET /assets/bag.png
2026-08-02T18:20:48.321Z - GET /assets/frame.png
2026-08-02T18:20:48.322Z - GET /assets/mat.png
2026-08-02T18:20:48.324Z - GET /assets/Gk%20Logo.png
2026-08-02T18:20:48.325Z - GET /assets/mouse.png
2026-08-02T18:20:56.060Z - GET /api/teams
2026-08-02T18:20:56.076Z - GET /assets/NO%20PHOTO.png
2026-08-02T18:20:56.078Z - GET /assets/Breezi.png
2026-08-02T18:20:56.079Z - GET /api/creators
2026-08-02T18:20:56.082Z - GET /assets/Jorhdys.png
2026-08-02T18:20:56.351Z - GET /api/teams
2026-08-02T18:20:56.359Z - GET /api/creators
2026-08-02T18:20:56.595Z - GET /api/teams/1/players
2026-08-02T18:20:59.242Z - GET /api/teams
2026-08-02T18:20:59.469Z - GET /api/teams
2026-08-02T18:20:59.685Z - GET /api/teams/1/players
2026-08-02T18:22:10.284Z - GET /
2026-08-02T18:22:14.349Z - GET /
2026-08-02T18:22:14.831Z - GET /@vite/client
2026-08-02T18:22:14.833Z - GET /index.tsx
2026-08-02T18:22:14.834Z - GET /@react-refresh
2026-08-02T18:22:15.035Z - GET /App.tsx
2026-08-02T18:22:15.039Z - GET /node_modules/vite/dist/client/env.mjs
2026-08-02T18:22:16.006Z - GET /pages/JobDetail.tsx
2026-08-02T18:22:16.022Z - GET /pages/Teams.tsx
2026-08-02T18:22:16.048Z - GET /pages/About.tsx
2026-08-02T18:22:16.095Z - GET /pages/Home.tsx
2026-08-02T18:22:16.127Z - GET /pages/Schedule.tsx
2026-08-02T18:22:16.130Z - GET /pages/Careers.tsx
2026-08-02T18:22:16.154Z - GET /pages/EventDetail.tsx
2026-08-02T18:22:16.158Z - GET /src/admin/Creators.tsx
2026-08-02T18:22:16.160Z - GET /src/admin/Subscribers.tsx
2026-08-02T18:22:16.162Z - GET /src/admin/Leadership.tsx
2026-08-02T18:22:16.164Z - GET /src/admin/LoginPage.tsx
2026-08-02T18:22:16.165Z - GET /pages/PlayerProfile.tsx
2026-08-02T18:22:16.169Z - GET /components/SocialFollowerIcon.tsx
2026-08-02T18:22:16.171Z - GET /pages/Information.tsx
2026-08-02T18:22:16.173Z - GET /pages/NewsDetail.tsx
2026-08-02T18:22:16.175Z - GET /components/GlobalSearch.tsx
2026-08-02T18:22:16.176Z - GET /src/admin/Jobs.tsx
2026-08-02T18:22:16.177Z - GET /constants.tsx
2026-08-02T18:22:16.178Z - GET /src/admin/AdminLayout.tsx
2026-08-02T18:22:16.180Z - GET /src/admin/Teams.tsx
2026-08-02T18:22:16.181Z - GET /components/NewsletterPopup.tsx
2026-08-02T18:22:16.183Z - GET /pages/Socials.tsx
2026-08-02T18:22:16.185Z - GET /src/admin/Users.tsx
2026-08-02T18:22:16.187Z - GET /src/admin/Settings.tsx
2026-08-02T18:22:16.188Z - GET /pages/News.tsx
2026-08-02T18:22:16.190Z - GET /src/admin/News.tsx
2026-08-02T18:22:16.191Z - GET /src/admin/Gallery.tsx
2026-08-02T18:22:16.193Z - GET /src/admin/Schedule.tsx
2026-08-02T18:22:16.195Z - GET /src/admin/Dashboard.tsx
2026-08-02T18:22:16.197Z - GET /components/SEOMeta.tsx
2026-08-02T18:22:16.199Z - GET /components/Breadcrumbs.tsx
2026-08-02T18:22:16.201Z - GET /components/ui/ArenaButton.tsx
2026-08-02T18:22:16.280Z - GET /src/lib/firebase.ts
2026-08-02T18:22:16.282Z - GET /src/components/ImageUploader.tsx
2026-08-02T18:22:16.378Z - GET /firebase-applet-config.json?import
2026-08-02T18:22:16.496Z - GET /assets/mouse.png
2026-08-02T18:22:16.497Z - GET /assets/mat.png
2026-08-02T18:22:16.498Z - GET /assets/bag.png
2026-08-02T18:22:16.501Z - GET /assets/Gk%20Logo.png
2026-08-02T18:22:16.502Z - GET /assets/frame.png
2026-08-02T18:22:16.686Z - GET /assets/jearsy.png
2026-08-02T18:37:53.053Z - GET /api/teams
2026-08-02T18:37:53.068Z - GET /assets/Breezi.png
2026-08-02T18:37:53.069Z - GET /assets/NO%20PHOTO.png
2026-08-02T18:37:53.072Z - GET /api/creators
2026-08-02T18:37:53.075Z - GET /assets/Jorhdys.png
2026-08-02T18:37:53.952Z - GET /api/creators
2026-08-02T18:37:53.955Z - GET /api/teams
2026-08-02T18:37:54.437Z - GET /api/teams/1/players
2026-08-02T18:37:58.625Z - GET /api/teams
2026-08-02T18:37:58.863Z - GET /api/teams
2026-08-02T18:37:59.093Z - GET /api/teams/1/players
2026-08-02T18:38:11.214Z - GET /api/jobs
2026-08-02T18:38:11.730Z - GET /api/jobs
2026-08-02T18:38:15.614Z - GET /api/jobs
2026-08-02T18:38:16.132Z - GET /api/jobs
2026-08-02T18:38:20.720Z - GET /api/events
2026-08-02T18:38:21.219Z - GET /api/events
2026-08-02T18:41:21.832Z - GET /
2026-08-02T18:41:28.951Z - GET /
2026-08-02T18:41:29.447Z - GET /index.tsx
2026-08-02T18:41:29.449Z - GET /@vite/client
2026-08-02T18:41:29.452Z - GET /@react-refresh
2026-08-02T18:41:29.653Z - GET /App.tsx
2026-08-02T18:41:30.660Z - GET /node_modules/vite/dist/client/env.mjs
2026-08-02T18:41:30.663Z - GET /pages/Home.tsx
2026-08-02T18:41:30.669Z - GET /components/NewsletterPopup.tsx
2026-08-02T18:41:30.713Z - GET /components/GlobalSearch.tsx
2026-08-02T18:41:30.740Z - GET /pages/EventDetail.tsx
2026-08-02T18:41:30.764Z - GET /components/SocialFollowerIcon.tsx
2026-08-02T18:41:30.767Z - GET /pages/PlayerProfile.tsx
2026-08-02T18:41:30.775Z - GET /pages/Information.tsx
2026-08-02T18:41:30.778Z - GET /src/admin/Users.tsx
2026-08-02T18:41:30.780Z - GET /pages/Careers.tsx
2026-08-02T18:41:30.782Z - GET /src/admin/Jobs.tsx
2026-08-02T18:41:30.785Z - GET /pages/About.tsx
2026-08-02T18:41:30.786Z - GET /src/admin/Gallery.tsx
2026-08-02T18:41:30.789Z - GET /pages/NewsDetail.tsx
2026-08-02T18:41:30.791Z - GET /src/admin/Leadership.tsx
2026-08-02T18:41:30.793Z - GET /pages/Schedule.tsx
2026-08-02T18:41:30.796Z - GET /src/admin/Creators.tsx
2026-08-02T18:41:30.797Z - GET /pages/News.tsx
2026-08-02T18:41:30.799Z - GET /src/admin/News.tsx
2026-08-02T18:41:30.800Z - GET /src/admin/Dashboard.tsx
2026-08-02T18:41:30.802Z - GET /pages/Socials.tsx
2026-08-02T18:41:30.804Z - GET /pages/JobDetail.tsx
2026-08-02T18:41:30.806Z - GET /src/admin/Teams.tsx
2026-08-02T18:41:30.809Z - GET /src/admin/LoginPage.tsx
2026-08-02T18:41:30.811Z - GET /src/admin/Settings.tsx
2026-08-02T18:41:30.812Z - GET /src/admin/AdminLayout.tsx
2026-08-02T18:41:30.814Z - GET /src/admin/Schedule.tsx
2026-08-02T18:41:30.815Z - GET /constants.tsx
2026-08-02T18:41:30.816Z - GET /src/admin/Subscribers.tsx
2026-08-02T18:41:30.817Z - GET /pages/Teams.tsx
2026-08-02T18:41:30.821Z - GET /components/ui/ArenaButton.tsx
2026-08-02T18:41:30.822Z - GET /components/SEOMeta.tsx
2026-08-02T18:41:30.823Z - GET /src/lib/firebase.ts
2026-08-02T18:41:30.872Z - GET /components/Breadcrumbs.tsx
2026-08-02T18:41:30.941Z - GET /src/components/ImageUploader.tsx
2026-08-02T18:41:30.960Z - GET /src/utils/json.ts
2026-08-02T18:41:30.992Z - GET /firebase-applet-config.json?import
2026-08-02T18:41:31.097Z - GET /assets/Gk%20Logo.png
2026-08-02T18:41:31.140Z - GET /assets/jearsy.png
2026-08-02T18:41:31.142Z - GET /assets/bag.png
2026-08-02T18:41:31.144Z - GET /assets/mouse.png
2026-08-02T18:41:31.146Z - GET /assets/frame.png
2026-08-02T18:41:31.147Z - GET /assets/mat.png
2026-08-02T18:43:48.565Z - GET /api/events
2026-08-02T18:43:49.168Z - GET /api/events
2026-08-02T18:44:00.274Z - GET /api/events
2026-08-02T18:44:00.790Z - GET /api/events
2026-08-02T18:44:12.875Z - GET /api/teams
2026-08-02T18:44:12.879Z - GET /assets/Breezi.png
2026-08-02T18:44:12.881Z - GET /api/creators
2026-08-02T18:44:12.884Z - GET /assets/NO%20PHOTO.png
2026-08-02T18:44:12.885Z - GET /assets/Jorhdys.png
2026-08-02T18:44:13.447Z - GET /api/creators
2026-08-02T18:44:13.449Z - GET /api/teams
2026-08-02T18:44:13.961Z - GET /api/teams/1/players
2026-08-02T18:44:19.455Z - GET /api/leadership
2026-08-02T18:44:19.972Z - GET /api/leadership
2026-08-02T18:44:31.332Z - GET /assets/Jorhdys.png
2026-08-02T18:44:31.336Z - GET /api/teams
2026-08-02T18:44:31.341Z - GET /assets/NO%20PHOTO.png
2026-08-02T18:44:31.344Z - GET /api/creators
2026-08-02T18:44:31.420Z - GET /assets/Breezi.png
2026-08-02T18:44:31.579Z - GET /api/creators
2026-08-02T18:44:31.862Z - GET /api/teams
2026-08-02T18:44:32.356Z - GET /api/teams/1/players
2026-08-02T18:44:34.553Z - GET /api/events
2026-08-02T18:44:34.774Z - GET /api/events
2026-08-02T18:44:39.220Z - GET /api/news
2026-08-02T18:44:39.469Z - GET /api/news
2026-08-02T18:44:49.292Z - GET /
2026-08-02T18:44:49.395Z - GET /index.tsx
2026-08-02T18:44:49.397Z - GET /@vite/client
2026-08-02T18:44:49.417Z - GET /@react-refresh
2026-08-02T18:44:49.568Z - GET /node_modules/vite/dist/client/env.mjs
2026-08-02T18:44:49.569Z - GET /App.tsx
2026-08-02T18:44:49.661Z - GET /pages/Schedule.tsx
2026-08-02T18:44:49.664Z - GET /pages/Home.tsx
2026-08-02T18:44:49.666Z - GET /pages/About.tsx
2026-08-02T18:44:49.672Z - GET /pages/Teams.tsx
2026-08-02T18:44:49.678Z - GET /pages/Careers.tsx
2026-08-02T18:44:49.686Z - GET /pages/PlayerProfile.tsx
2026-08-02T18:44:49.687Z - GET /pages/News.tsx
2026-08-02T18:44:49.687Z - GET /src/admin/Leadership.tsx
2026-08-02T18:44:49.690Z - GET /pages/NewsDetail.tsx
2026-08-02T18:44:49.693Z - GET /src/admin/LoginPage.tsx
2026-08-02T18:44:49.696Z - GET /src/admin/Users.tsx
2026-08-02T18:44:49.699Z - GET /src/admin/Subscribers.tsx
2026-08-02T18:44:49.700Z - GET /src/admin/Schedule.tsx
2026-08-02T18:44:49.702Z - GET /components/GlobalSearch.tsx
2026-08-02T18:44:49.704Z - GET /pages/EventDetail.tsx
2026-08-02T18:44:49.705Z - GET /src/admin/Dashboard.tsx
2026-08-02T18:44:49.708Z - GET /src/admin/Teams.tsx
2026-08-02T18:44:49.709Z - GET /src/admin/Gallery.tsx
2026-08-02T18:44:49.710Z - GET /components/SocialFollowerIcon.tsx
2026-08-02T18:44:49.711Z - GET /src/admin/News.tsx
2026-08-02T18:44:49.713Z - GET /constants.tsx
2026-08-02T18:44:49.715Z - GET /pages/JobDetail.tsx
2026-08-02T18:44:49.716Z - GET /src/admin/Jobs.tsx
2026-08-02T18:44:49.717Z - GET /src/admin/AdminLayout.tsx
2026-08-02T18:44:49.719Z - GET /src/admin/Creators.tsx
2026-08-02T18:44:49.720Z - GET /src/admin/Settings.tsx
2026-08-02T18:44:49.721Z - GET /pages/Information.tsx
2026-08-02T18:44:49.723Z - GET /components/NewsletterPopup.tsx
2026-08-02T18:44:49.724Z - GET /pages/Socials.tsx
2026-08-02T18:44:49.749Z - GET /src/utils/json.ts
2026-08-02T18:44:49.750Z - GET /components/Breadcrumbs.tsx
2026-08-02T18:44:49.754Z - GET /components/SEOMeta.tsx
2026-08-02T18:44:49.755Z - GET /components/ui/ArenaButton.tsx
2026-08-02T18:44:49.764Z - GET /src/components/ImageUploader.tsx
2026-08-02T18:44:49.768Z - GET /src/lib/firebase.ts
2026-08-02T18:44:49.843Z - GET /firebase-applet-config.json?import
2026-08-02T18:44:49.938Z - GET /assets/Gk%20Logo.png
2026-08-02T18:44:49.961Z - GET /api/health
2026-08-02T18:44:49.963Z - GET /api/stats
2026-08-02T18:44:49.966Z - GET /api/activity
2026-08-02T18:44:50.036Z - GET /api/health
2026-08-02T18:44:50.484Z - GET /api/activity
2026-08-02T18:44:51.351Z - GET /api/stats
2026-08-02T18:44:55.207Z - GET /api/news
2026-08-02T18:44:55.443Z - GET /api/news
2026-08-02T18:45:32.990Z - POST /api/news
2026-08-02T18:45:33.277Z - GET /api/news
2026-08-02T18:45:47.212Z - POST /api/news
2026-08-02T18:45:47.472Z - GET /api/news
2026-08-02T18:46:16.787Z - GET /api/settings
2026-08-02T18:46:17.043Z - GET /api/settings
2026-08-02T18:47:02.295Z - GET /careers/ni
2026-08-02T18:47:02.395Z - GET /@vite/client
2026-08-02T18:47:02.399Z - GET /index.tsx
2026-08-02T18:47:02.402Z - GET /@react-refresh
2026-08-02T18:47:02.588Z - GET /node_modules/vite/dist/client/env.mjs
2026-08-02T18:47:02.589Z - GET /App.tsx
2026-08-02T18:47:02.699Z - GET /pages/News.tsx
2026-08-02T18:47:02.700Z - GET /pages/EventDetail.tsx
2026-08-02T18:47:02.701Z - GET /pages/NewsDetail.tsx
2026-08-02T18:47:02.705Z - GET /src/admin/Settings.tsx
2026-08-02T18:47:02.706Z - GET /pages/JobDetail.tsx
2026-08-02T18:47:02.710Z - GET /src/admin/Teams.tsx
2026-08-02T18:47:02.712Z - GET /src/admin/Schedule.tsx
2026-08-02T18:47:02.713Z - GET /pages/Teams.tsx
2026-08-02T18:47:02.717Z - GET /pages/Careers.tsx
2026-08-02T18:47:02.719Z - GET /src/admin/Gallery.tsx
2026-08-02T18:47:02.720Z - GET /pages/Home.tsx
2026-08-02T18:47:02.721Z - GET /src/admin/Jobs.tsx
2026-08-02T18:47:02.724Z - GET /src/admin/Dashboard.tsx
2026-08-02T18:47:02.725Z - GET /pages/Socials.tsx
2026-08-02T18:47:02.729Z - GET /src/admin/Creators.tsx
2026-08-02T18:47:02.730Z - GET /src/admin/News.tsx
2026-08-02T18:47:02.732Z - GET /pages/Schedule.tsx
2026-08-02T18:47:02.734Z - GET /constants.tsx
2026-08-02T18:47:02.736Z - GET /src/admin/Subscribers.tsx
2026-08-02T18:47:02.738Z - GET /components/SocialFollowerIcon.tsx
2026-08-02T18:47:02.739Z - GET /pages/About.tsx
2026-08-02T18:47:02.741Z - GET /src/admin/Leadership.tsx
2026-08-02T18:47:02.743Z - GET /pages/Information.tsx
2026-08-02T18:47:02.744Z - GET /src/admin/AdminLayout.tsx
2026-08-02T18:47:02.745Z - GET /src/admin/LoginPage.tsx
2026-08-02T18:47:02.746Z - GET /src/admin/Users.tsx
2026-08-02T18:47:02.747Z - GET /components/NewsletterPopup.tsx
2026-08-02T18:47:02.749Z - GET /pages/PlayerProfile.tsx
2026-08-02T18:47:02.752Z - GET /components/GlobalSearch.tsx
2026-08-02T18:47:02.888Z - GET /components/SEOMeta.tsx
2026-08-02T18:47:02.889Z - GET /components/Breadcrumbs.tsx
2026-08-02T18:47:02.890Z - GET /components/ui/ArenaButton.tsx
2026-08-02T18:47:02.892Z - GET /src/components/ImageUploader.tsx
2026-08-02T18:47:02.894Z - GET /src/utils/json.ts
2026-08-02T18:47:02.903Z - GET /src/lib/firebase.ts
2026-08-02T18:47:02.984Z - GET /firebase-applet-config.json?import
2026-08-02T18:47:03.123Z - GET /assets/Gk%20Logo.png
2026-08-02T18:47:03.187Z - GET /api/gallery
2026-08-02T18:47:03.445Z - GET /api/gallery
2026-08-02T18:47:08.321Z - GET /api/teams
2026-08-02T18:47:08.325Z - GET /api/creators
2026-08-02T18:47:08.330Z - GET /assets/NO%20PHOTO.png
2026-08-02T18:47:08.331Z - GET /assets/Jorhdys.png
2026-08-02T18:47:08.333Z - GET /assets/Breezi.png
2026-08-02T18:47:08.566Z - GET /api/creators
2026-08-02T18:47:08.576Z - GET /api/teams
2026-08-02T18:47:08.800Z - GET /api/teams/1/players
2026-08-02T18:47:59.815Z - GET /api/news
2026-08-02T18:48:00.355Z - GET /api/news
2026-08-02T18:48:05.928Z - GET /api/creators
2026-08-02T18:48:06.172Z - GET /api/creators
2026-08-02T18:48:14.118Z - POST /api/upload
2026-08-02T18:48:18.122Z - POST /api/creators
2026-08-02T18:48:18.351Z - GET /api/creators
2026-08-02T18:49:01.357Z - GET /api/gallery
2026-08-02T18:49:01.633Z - GET /api/gallery
2026-08-02T18:49:02.045Z - GET /api/events
2026-08-02T18:49:02.306Z - GET /api/events
2026-08-02T18:49:02.310Z - GET /api/gallery
2026-08-02T18:49:02.551Z - GET /api/gallery
2026-08-02T18:49:03.587Z - GET /api/events
2026-08-02T18:49:03.819Z - GET /api/events
2026-08-02T18:49:05.842Z - GET /api/creators
2026-08-02T18:49:06.072Z - GET /api/creators
2026-08-02T18:49:06.503Z - GET /api/teams
2026-08-02T18:49:06.748Z - GET /api/teams
2026-08-02T18:49:27.832Z - POST /api/upload
2026-08-02T18:49:36.260Z - POST /api/upload
2026-08-02T18:49:39.960Z - POST /api/teams
2026-08-02T18:49:40.272Z - GET /api/teams
2026-08-02T18:49:43.926Z - GET /
2026-08-02T18:49:44.015Z - GET /index.tsx
2026-08-02T18:49:44.018Z - GET /@vite/client
2026-08-02T18:49:44.048Z - GET /@react-refresh
2026-08-02T18:49:44.253Z - GET /node_modules/vite/dist/client/env.mjs
2026-08-02T18:49:44.254Z - GET /App.tsx
2026-08-02T18:49:44.341Z - GET /pages/Home.tsx
2026-08-02T18:49:44.359Z - GET /pages/About.tsx
2026-08-02T18:49:44.361Z - GET /pages/Schedule.tsx
2026-08-02T18:49:44.364Z - GET /pages/Careers.tsx
2026-08-02T18:49:44.366Z - GET /pages/Teams.tsx
2026-08-02T18:49:44.369Z - GET /pages/PlayerProfile.tsx
2026-08-02T18:49:44.373Z - GET /src/admin/Gallery.tsx
2026-08-02T18:49:44.374Z - GET /pages/NewsDetail.tsx
2026-08-02T18:49:44.376Z - GET /src/admin/News.tsx
2026-08-02T18:49:44.377Z - GET /src/admin/LoginPage.tsx
2026-08-02T18:49:44.379Z - GET /src/admin/Creators.tsx
2026-08-02T18:49:44.380Z - GET /src/admin/Subscribers.tsx
2026-08-02T18:49:44.381Z - GET /src/admin/Dashboard.tsx
2026-08-02T18:49:44.383Z - GET /src/admin/Settings.tsx
2026-08-02T18:49:44.385Z - GET /constants.tsx
2026-08-02T18:49:44.386Z - GET /src/admin/Users.tsx
2026-08-02T18:49:44.387Z - GET /src/admin/Jobs.tsx
2026-08-02T18:49:44.388Z - GET /pages/Socials.tsx
2026-08-02T18:49:44.390Z - GET /src/admin/Leadership.tsx
2026-08-02T18:49:44.391Z - GET /components/SocialFollowerIcon.tsx
2026-08-02T18:49:44.392Z - GET /pages/News.tsx
2026-08-02T18:49:44.393Z - GET /src/admin/Schedule.tsx
2026-08-02T18:49:44.395Z - GET /pages/Information.tsx
2026-08-02T18:49:44.396Z - GET /pages/JobDetail.tsx
2026-08-02T18:49:44.397Z - GET /src/admin/Teams.tsx
2026-08-02T18:49:44.398Z - GET /pages/EventDetail.tsx
2026-08-02T18:49:44.399Z - GET /components/NewsletterPopup.tsx
2026-08-02T18:49:44.400Z - GET /components/GlobalSearch.tsx
2026-08-02T18:49:44.402Z - GET /src/admin/AdminLayout.tsx
2026-08-02T18:49:44.429Z - GET /components/ui/ArenaButton.tsx
2026-08-02T18:49:44.430Z - GET /components/SEOMeta.tsx
2026-08-02T18:49:44.438Z - GET /src/utils/json.ts
2026-08-02T18:49:44.439Z - GET /components/Breadcrumbs.tsx
2026-08-02T18:49:44.448Z - GET /src/components/ImageUploader.tsx
2026-08-02T18:49:44.453Z - GET /src/lib/firebase.ts
2026-08-02T18:49:44.529Z - GET /firebase-applet-config.json?import
2026-08-02T18:49:44.630Z - GET /assets/Gk%20Logo.png
2026-08-02T18:49:44.648Z - GET /api/stats
2026-08-02T18:49:44.651Z - GET /api/health
2026-08-02T18:49:44.653Z - GET /api/activity
2026-08-02T18:49:44.725Z - GET /api/health
2026-08-02T18:49:44.909Z - GET /api/activity
2026-08-02T18:49:45.973Z - GET /api/stats
2026-08-02T18:49:47.315Z - GET /api/leadership
2026-08-02T18:49:47.550Z - GET /api/leadership
2026-08-02T18:49:47.650Z - GET /api/teams
2026-08-02T18:49:47.890Z - GET /api/teams
2026-08-02T18:49:48.514Z - GET /api/leadership
2026-08-02T18:49:48.736Z - GET /api/leadership
2026-08-02T18:49:54.470Z - POST /api/upload
2026-08-02T18:49:56.314Z - POST /api/leadership
2026-08-02T18:49:56.956Z - GET /api/leadership
2026-08-02T18:49:59.528Z - GET /api/creators
2026-08-02T18:49:59.747Z - GET /api/creators
2026-08-02T18:50:04.820Z - GET /api/teams
2026-08-02T18:50:05.067Z - GET /api/teams
2026-08-02T18:50:11.726Z - POST /api/upload
2026-08-02T18:50:17.855Z - POST /api/players
2026-08-02T18:50:18.093Z - GET /api/teams/1/players
2026-08-02T19:00:45.922Z - GET /
2026-08-02T19:00:53.053Z - GET /
2026-08-02T19:00:53.533Z - GET /@react-refresh
2026-08-02T19:00:53.539Z - GET /index.tsx
2026-08-02T19:00:53.541Z - GET /@vite/client
2026-08-02T19:00:53.808Z - GET /App.tsx
2026-08-02T19:00:53.813Z - GET /node_modules/vite/dist/client/env.mjs
2026-08-02T19:00:54.807Z - GET /pages/Home.tsx
2026-08-02T19:00:54.821Z - GET /pages/Careers.tsx
2026-08-02T19:00:54.828Z - GET /pages/About.tsx
2026-08-02T19:00:54.875Z - GET /pages/Schedule.tsx
2026-08-02T19:00:54.881Z - GET /pages/Teams.tsx
2026-08-02T19:00:54.882Z - GET /components/SocialFollowerIcon.tsx
2026-08-02T19:00:54.884Z - GET /src/admin/Users.tsx
2026-08-02T19:00:54.884Z - GET /pages/Socials.tsx
2026-08-02T19:00:54.885Z - GET /pages/NewsDetail.tsx
2026-08-02T19:00:54.886Z - GET /src/admin/Dashboard.tsx
2026-08-02T19:00:54.887Z - GET /src/admin/Schedule.tsx
2026-08-02T19:00:54.887Z - GET /pages/News.tsx
2026-08-02T19:00:54.888Z - GET /src/admin/Subscribers.tsx
2026-08-02T19:00:54.889Z - GET /src/admin/Leadership.tsx
2026-08-02T19:00:54.889Z - GET /src/admin/Gallery.tsx
2026-08-02T19:00:54.890Z - GET /pages/Information.tsx
2026-08-02T19:00:54.911Z - GET /src/admin/Teams.tsx
2026-08-02T19:00:54.913Z - GET /components/NewsletterPopup.tsx
2026-08-02T19:00:54.938Z - GET /pages/JobDetail.tsx
2026-08-02T19:00:54.941Z - GET /components/GlobalSearch.tsx
2026-08-02T19:00:54.942Z - GET /pages/EventDetail.tsx
2026-08-02T19:00:54.944Z - GET /src/admin/Creators.tsx
2026-08-02T19:00:54.947Z - GET /src/admin/News.tsx
2026-08-02T19:00:54.951Z - GET /src/admin/Settings.tsx
2026-08-02T19:00:54.952Z - GET /pages/PlayerProfile.tsx
2026-08-02T19:00:54.953Z - GET /src/admin/LoginPage.tsx
2026-08-02T19:00:54.955Z - GET /src/admin/Jobs.tsx
2026-08-02T19:00:54.957Z - GET /constants.tsx
2026-08-02T19:00:54.958Z - GET /src/admin/AdminLayout.tsx
2026-08-02T19:00:54.960Z - GET /components/ui/ArenaButton.tsx
2026-08-02T19:00:54.962Z - GET /components/SEOMeta.tsx
2026-08-02T19:00:54.963Z - GET /src/utils/json.ts
2026-08-02T19:00:54.965Z - GET /components/Breadcrumbs.tsx
2026-08-02T19:00:54.994Z - GET /src/lib/firebase.ts
2026-08-02T19:00:54.995Z - GET /src/components/ImageUploader.tsx
2026-08-02T19:00:55.102Z - GET /firebase-applet-config.json?import
2026-08-02T19:00:55.300Z - GET /assets/Gk%20Logo.png
2026-08-02T19:00:55.305Z - GET /assets/mat.png
2026-08-02T19:00:55.307Z - GET /assets/mouse.png
2026-08-02T19:00:55.310Z - GET /assets/bag.png
2026-08-02T19:00:55.312Z - GET /assets/jearsy.png
2026-08-02T19:00:55.314Z - GET /assets/frame.png
2026-08-02T19:17:37.336Z - GET /api/news
2026-08-02T19:17:50.045Z - GET /
2026-08-02T19:17:50.173Z - GET /@vite/client
2026-08-02T19:17:50.176Z - GET /index.tsx
2026-08-02T19:17:50.200Z - GET /@react-refresh
2026-08-02T19:17:50.352Z - GET /App.tsx
2026-08-02T19:17:50.357Z - GET /node_modules/vite/dist/client/env.mjs
2026-08-02T19:17:50.435Z - GET /pages/Home.tsx
2026-08-02T19:17:50.438Z - GET /pages/Teams.tsx
2026-08-02T19:17:50.441Z - GET /pages/Schedule.tsx
2026-08-02T19:17:50.443Z - GET /pages/About.tsx
2026-08-02T19:17:50.447Z - GET /src/admin/AdminLayout.tsx
2026-08-02T19:17:50.448Z - GET /src/admin/Dashboard.tsx
2026-08-02T19:17:50.453Z - GET /pages/Careers.tsx
2026-08-02T19:17:50.456Z - GET /src/admin/Settings.tsx
2026-08-02T19:17:50.458Z - GET /pages/JobDetail.tsx
2026-08-02T19:17:50.461Z - GET /src/admin/Leadership.tsx
2026-08-02T19:17:50.464Z - GET /src/admin/Subscribers.tsx
2026-08-02T19:17:50.466Z - GET /pages/Information.tsx
2026-08-02T19:17:50.468Z - GET /components/GlobalSearch.tsx
2026-08-02T19:17:50.470Z - GET /src/admin/Jobs.tsx
2026-08-02T19:17:50.473Z - GET /src/admin/Gallery.tsx
2026-08-02T19:17:50.475Z - GET /pages/News.tsx
2026-08-02T19:17:50.478Z - GET /src/admin/Schedule.tsx
2026-08-02T19:17:50.480Z - GET /src/admin/Teams.tsx
2026-08-02T19:17:50.482Z - GET /constants.tsx
2026-08-02T19:17:50.484Z - GET /components/SocialFollowerIcon.tsx
2026-08-02T19:17:50.486Z - GET /components/NewsletterPopup.tsx
2026-08-02T19:17:50.489Z - GET /src/admin/Creators.tsx
2026-08-02T19:17:50.491Z - GET /pages/Socials.tsx
2026-08-02T19:17:50.494Z - GET /pages/EventDetail.tsx
2026-08-02T19:17:50.495Z - GET /src/admin/LoginPage.tsx
2026-08-02T19:17:50.497Z - GET /src/admin/Users.tsx
2026-08-02T19:17:50.499Z - GET /src/admin/News.tsx
2026-08-02T19:17:50.501Z - GET /pages/NewsDetail.tsx
2026-08-02T19:17:50.503Z - GET /pages/PlayerProfile.tsx
2026-08-02T19:17:50.526Z - GET /components/Breadcrumbs.tsx
2026-08-02T19:17:50.530Z - GET /src/utils/json.ts
2026-08-02T19:17:50.531Z - GET /components/ui/ArenaButton.tsx
2026-08-02T19:17:50.532Z - GET /components/SEOMeta.tsx
2026-08-02T19:17:50.536Z - GET /src/lib/firebase.ts
2026-08-02T19:17:50.541Z - GET /src/components/ImageUploader.tsx
2026-08-02T19:17:50.611Z - GET /firebase-applet-config.json?import
2026-08-02T19:17:50.720Z - GET /assets/Gk%20Logo.png
2026-08-02T19:17:57.298Z - GET /
2026-08-02T19:17:57.389Z - GET /index.tsx
2026-08-02T19:17:57.391Z - GET /@vite/client
2026-08-02T19:17:57.420Z - GET /@react-refresh
2026-08-02T19:17:57.569Z - GET /App.tsx
2026-08-02T19:17:57.570Z - GET /node_modules/vite/dist/client/env.mjs
2026-08-02T19:17:57.669Z - GET /pages/Teams.tsx
2026-08-02T19:17:57.672Z - GET /pages/Schedule.tsx
2026-08-02T19:17:57.674Z - GET /pages/Home.tsx
2026-08-02T19:17:57.676Z - GET /components/SocialFollowerIcon.tsx
2026-08-02T19:17:57.680Z - GET /pages/NewsDetail.tsx
2026-08-02T19:17:57.682Z - GET /pages/PlayerProfile.tsx
2026-08-02T19:17:57.685Z - GET /src/admin/Settings.tsx
2026-08-02T19:17:57.688Z - GET /pages/News.tsx
2026-08-02T19:17:57.690Z - GET /src/admin/News.tsx
2026-08-02T19:17:57.697Z - GET /src/admin/Users.tsx
2026-08-02T19:17:57.699Z - GET /src/admin/Leadership.tsx
2026-08-02T19:17:57.700Z - GET /src/admin/Schedule.tsx
2026-08-02T19:17:57.702Z - GET /pages/Socials.tsx
2026-08-02T19:17:57.703Z - GET /src/admin/Subscribers.tsx
2026-08-02T19:17:57.708Z - GET /src/admin/Gallery.tsx
2026-08-02T19:17:57.710Z - GET /src/admin/LoginPage.tsx
2026-08-02T19:17:57.712Z - GET /src/admin/Dashboard.tsx
2026-08-02T19:17:57.713Z - GET /src/admin/AdminLayout.tsx
2026-08-02T19:17:57.715Z - GET /src/admin/Teams.tsx
2026-08-02T19:17:57.716Z - GET /components/GlobalSearch.tsx
2026-08-02T19:17:57.718Z - GET /src/admin/Jobs.tsx
2026-08-02T19:17:57.719Z - GET /pages/Information.tsx
2026-08-02T19:17:57.720Z - GET /pages/Careers.tsx
2026-08-02T19:17:57.723Z - GET /pages/EventDetail.tsx
2026-08-02T19:17:57.724Z - GET /src/admin/Creators.tsx
2026-08-02T19:17:57.726Z - GET /constants.tsx
2026-08-02T19:17:57.728Z - GET /pages/JobDetail.tsx
2026-08-02T19:17:57.729Z - GET /pages/About.tsx
2026-08-02T19:17:57.731Z - GET /components/NewsletterPopup.tsx
2026-08-02T19:17:57.748Z - GET /src/utils/json.ts
2026-08-02T19:17:57.749Z - GET /components/SEOMeta.tsx
2026-08-02T19:17:57.752Z - GET /components/Breadcrumbs.tsx
2026-08-02T19:17:57.753Z - GET /components/ui/ArenaButton.tsx
2026-08-02T19:17:57.766Z - GET /src/components/ImageUploader.tsx
2026-08-02T19:17:57.781Z - GET /src/lib/firebase.ts
2026-08-02T19:17:57.857Z - GET /firebase-applet-config.json?import
2026-08-02T19:17:57.951Z - GET /assets/Gk%20Logo.png
2026-08-02T19:17:57.969Z - GET /api/stats
2026-08-02T19:17:57.973Z - GET /api/health
2026-08-02T19:17:57.976Z - GET /api/activity
2026-08-02T19:17:58.048Z - GET /api/health
2026-08-02T19:17:58.303Z - GET /api/activity
2026-08-02T19:18:00.583Z - GET /api/stats
2026-08-02T19:18:10.345Z - GET /api/health
2026-08-02T19:18:12.952Z - GET /api/teams
2026-08-02T19:18:13.479Z - GET /api/teams
2026-08-02T19:18:18.927Z - POST /api/upload
2026-08-02T19:18:22.073Z - POST /api/upload
2026-08-02T19:18:25.570Z - POST /api/teams
2026-08-02T19:18:26.100Z - GET /api/teams
2026-08-02T19:18:32.970Z - GET /
2026-08-02T19:18:33.226Z - GET /index.tsx
2026-08-02T19:18:33.241Z - GET /@react-refresh
2026-08-02T19:18:33.328Z - GET /@vite/client
2026-08-02T19:18:33.330Z - GET /App.tsx
2026-08-02T19:18:33.810Z - GET /node_modules/vite/dist/client/env.mjs
2026-08-02T19:18:33.811Z - GET /pages/Home.tsx
2026-08-02T19:18:33.812Z - GET /pages/EventDetail.tsx?t=1785698308684
2026-08-02T19:18:33.813Z - GET /pages/News.tsx?t=1785698296743
2026-08-02T19:18:33.814Z - GET /src/admin/Schedule.tsx
2026-08-02T19:18:33.814Z - GET /src/admin/Dashboard.tsx
2026-08-02T19:18:33.815Z - GET /pages/Socials.tsx
2026-08-02T19:18:33.816Z - GET /src/admin/Subscribers.tsx
2026-08-02T19:18:33.816Z - GET /src/admin/News.tsx
2026-08-02T19:18:33.817Z - GET /src/admin/Leadership.tsx
2026-08-02T19:18:33.818Z - GET /pages/Information.tsx
2026-08-02T19:18:33.818Z - GET /pages/Careers.tsx
2026-08-02T19:18:33.827Z - GET /pages/About.tsx
2026-08-02T19:18:33.838Z - GET /src/admin/LoginPage.tsx
2026-08-02T19:18:33.903Z - GET /src/admin/AdminLayout.tsx
2026-08-02T19:18:34.037Z - GET /src/admin/Users.tsx
2026-08-02T19:18:34.101Z - GET /src/admin/Gallery.tsx
2026-08-02T19:18:34.122Z - GET /src/admin/Teams.tsx
2026-08-02T19:18:34.128Z - GET /pages/Teams.tsx
2026-08-02T19:18:34.130Z - GET /src/admin/Creators.tsx
2026-08-02T19:18:34.133Z - GET /pages/NewsDetail.tsx?t=1785698303180
2026-08-02T19:18:34.136Z - GET /src/admin/Settings.tsx
2026-08-02T19:18:34.138Z - GET /components/SocialFollowerIcon.tsx
2026-08-02T19:18:34.141Z - GET /pages/JobDetail.tsx
2026-08-02T19:18:34.144Z - GET /pages/PlayerProfile.tsx
2026-08-02T19:18:34.147Z - GET /constants.tsx
2026-08-02T19:18:34.149Z - GET /src/admin/Jobs.tsx
2026-08-02T19:18:34.150Z - GET /components/NewsletterPopup.tsx
2026-08-02T19:18:34.196Z - GET /pages/Schedule.tsx
2026-08-02T19:18:34.198Z - GET /components/GlobalSearch.tsx
2026-08-02T19:18:34.205Z - GET /components/Breadcrumbs.tsx
2026-08-02T19:18:34.208Z - GET /components/SEOMeta.tsx
2026-08-02T19:18:34.209Z - GET /src/utils/json.ts
2026-08-02T19:18:34.211Z - GET /src/lib/firebase.ts
2026-08-02T19:18:34.213Z - GET /components/ui/ArenaButton.tsx
2026-08-02T19:18:34.214Z - GET /src/components/ImageUploader.tsx
2026-08-02T19:18:34.296Z - GET /firebase-applet-config.json?import
2026-08-02T19:18:34.392Z - GET /assets/Gk%20Logo.png
2026-08-02T19:18:34.408Z - GET /api/stats
2026-08-02T19:18:34.413Z - GET /api/health
2026-08-02T19:18:34.417Z - GET /api/activity
2026-08-02T19:18:34.491Z - GET /api/health
2026-08-02T19:18:34.671Z - GET /api/activity
2026-08-02T19:18:35.971Z - GET /api/stats
2026-08-02T19:18:56.317Z - GET /
2026-08-02T19:19:00.801Z - GET /
2026-08-02T19:19:01.326Z - GET /@vite/client
2026-08-02T19:19:01.328Z - GET /@react-refresh
2026-08-02T19:19:01.336Z - GET /index.tsx
2026-08-02T19:19:01.530Z - GET /node_modules/vite/dist/client/env.mjs
2026-08-02T19:19:01.534Z - GET /App.tsx
2026-08-02T19:19:02.596Z - GET /pages/Schedule.tsx
2026-08-02T19:19:02.601Z - GET /pages/Teams.tsx
2026-08-02T19:19:02.605Z - GET /components/SocialFollowerIcon.tsx
2026-08-02T19:19:02.661Z - GET /pages/Home.tsx
2026-08-02T19:19:02.671Z - GET /pages/EventDetail.tsx
2026-08-02T19:19:02.695Z - GET /pages/NewsDetail.tsx
2026-08-02T19:19:02.724Z - GET /src/admin/Settings.tsx
2026-08-02T19:19:02.727Z - GET /src/admin/AdminLayout.tsx
2026-08-02T19:19:02.730Z - GET /src/admin/Gallery.tsx
2026-08-02T19:19:02.731Z - GET /pages/Socials.tsx
2026-08-02T19:19:02.732Z - GET /pages/JobDetail.tsx
2026-08-02T19:19:02.735Z - GET /src/admin/Schedule.tsx
2026-08-02T19:19:02.736Z - GET /src/admin/News.tsx
2026-08-02T19:19:02.737Z - GET /src/admin/Users.tsx
2026-08-02T19:19:02.744Z - GET /pages/Information.tsx
2026-08-02T19:19:02.746Z - GET /pages/News.tsx
2026-08-02T19:19:02.749Z - GET /components/NewsletterPopup.tsx
2026-08-02T19:19:02.750Z - GET /pages/About.tsx
2026-08-02T19:19:02.750Z - GET /src/admin/Creators.tsx
2026-08-02T19:19:02.751Z - GET /src/admin/Jobs.tsx
2026-08-02T19:19:02.752Z - GET /src/admin/Dashboard.tsx
2026-08-02T19:19:02.753Z - GET /src/admin/Leadership.tsx
2026-08-02T19:19:02.754Z - GET /src/admin/Subscribers.tsx
2026-08-02T19:19:02.755Z - GET /src/admin/Teams.tsx
2026-08-02T19:19:02.756Z - GET /pages/Careers.tsx
2026-08-02T19:19:02.756Z - GET /constants.tsx
2026-08-02T19:19:02.757Z - GET /src/admin/LoginPage.tsx
2026-08-02T19:19:02.758Z - GET /pages/PlayerProfile.tsx
2026-08-02T19:19:02.759Z - GET /components/GlobalSearch.tsx
2026-08-02T19:19:02.759Z - GET /components/Breadcrumbs.tsx
2026-08-02T19:19:02.760Z - GET /components/SEOMeta.tsx
2026-08-02T19:19:02.761Z - GET /src/utils/json.ts
2026-08-02T19:19:02.761Z - GET /components/ui/ArenaButton.tsx
2026-08-02T19:19:02.817Z - GET /src/lib/firebase.ts
2026-08-02T19:19:02.820Z - GET /src/components/ImageUploader.tsx
2026-08-02T19:19:02.906Z - GET /firebase-applet-config.json?import
2026-08-02T19:19:03.009Z - GET /assets/Gk%20Logo.png
2026-08-02T19:19:03.024Z - GET /assets/jearsy.png
2026-08-02T19:19:03.030Z - GET /assets/mat.png
2026-08-02T19:19:03.031Z - GET /assets/bag.png
2026-08-02T19:19:03.032Z - GET /assets/frame.png
2026-08-02T19:19:03.033Z - GET /assets/mouse.png
2026-08-02T19:19:20.001Z - GET /
2026-08-02T19:19:20.110Z - GET /index.tsx
2026-08-02T19:19:20.113Z - GET /@vite/client
2026-08-02T19:19:20.127Z - GET /@react-refresh
2026-08-02T19:19:20.284Z - GET /App.tsx
2026-08-02T19:19:20.293Z - GET /node_modules/vite/dist/client/env.mjs
2026-08-02T19:19:20.374Z - GET /pages/Home.tsx
2026-08-02T19:19:20.393Z - GET /components/SocialFollowerIcon.tsx
2026-08-02T19:19:20.395Z - GET /pages/Schedule.tsx
2026-08-02T19:19:20.398Z - GET /pages/EventDetail.tsx
2026-08-02T19:19:20.400Z - GET /pages/News.tsx
2026-08-02T19:19:20.407Z - GET /src/admin/News.tsx
2026-08-02T19:19:20.410Z - GET /pages/NewsDetail.tsx
2026-08-02T19:19:20.410Z - GET /src/admin/Teams.tsx
2026-08-02T19:19:20.413Z - GET /pages/Teams.tsx
2026-08-02T19:19:20.415Z - GET /pages/Socials.tsx
2026-08-02T19:19:20.418Z - GET /constants.tsx
2026-08-02T19:19:20.420Z - GET /src/admin/LoginPage.tsx
2026-08-02T19:19:20.422Z - GET /src/admin/Jobs.tsx
2026-08-02T19:19:20.424Z - GET /src/admin/AdminLayout.tsx
2026-08-02T19:19:20.426Z - GET /src/admin/Users.tsx
2026-08-02T19:19:20.428Z - GET /src/admin/Gallery.tsx
2026-08-02T19:19:20.430Z - GET /pages/JobDetail.tsx
2026-08-02T19:19:20.432Z - GET /pages/Information.tsx
2026-08-02T19:19:20.434Z - GET /components/NewsletterPopup.tsx
2026-08-02T19:19:20.436Z - GET /src/admin/Leadership.tsx
2026-08-02T19:19:20.437Z - GET /src/admin/Creators.tsx
2026-08-02T19:19:20.439Z - GET /src/admin/Settings.tsx
2026-08-02T19:19:20.441Z - GET /pages/PlayerProfile.tsx
2026-08-02T19:19:20.443Z - GET /src/admin/Schedule.tsx
2026-08-02T19:19:20.445Z - GET /src/admin/Dashboard.tsx
2026-08-02T19:19:20.446Z - GET /pages/Careers.tsx
2026-08-02T19:19:20.449Z - GET /components/GlobalSearch.tsx
2026-08-02T19:19:20.450Z - GET /pages/About.tsx
2026-08-02T19:19:20.452Z - GET /src/admin/Subscribers.tsx
2026-08-02T19:19:20.486Z - GET /components/ui/ArenaButton.tsx
2026-08-02T19:19:20.486Z - GET /components/Breadcrumbs.tsx
2026-08-02T19:19:20.489Z - GET /components/SEOMeta.tsx
2026-08-02T19:19:20.492Z - GET /src/utils/json.ts
2026-08-02T19:19:20.496Z - GET /src/components/ImageUploader.tsx
2026-08-02T19:19:20.512Z - GET /src/lib/firebase.ts
2026-08-02T19:19:20.603Z - GET /firebase-applet-config.json?import
2026-08-02T19:19:20.701Z - GET /assets/Gk%20Logo.png
2026-08-02T19:19:20.725Z - GET /api/stats
2026-08-02T19:19:20.742Z - GET /api/health
2026-08-02T19:19:20.747Z - GET /api/activity
2026-08-02T19:19:20.826Z - GET /api/health
2026-08-02T19:19:21.031Z - GET /api/activity
2026-08-02T19:19:21.853Z - GET /api/stats
2026-08-02T19:19:22.237Z - GET /api/teams
2026-08-02T19:19:22.498Z - GET /api/teams
2026-08-02T19:19:26.255Z - POST /api/teams
2026-08-02T19:19:26.521Z - GET /api/teams
2026-08-02T19:20:25.819Z - GET /api/creators
2026-08-02T19:20:26.355Z - GET /api/creators
2026-08-02T19:20:49.947Z - POST /api/creators
2026-08-02T19:20:50.447Z - GET /api/creators
2026-08-02T19:20:56.467Z - GET /api/news
2026-08-02T19:20:56.489Z - GET /api/news_categories
2026-08-02T19:20:56.491Z - GET /api/news_authors
2026-08-02T19:20:56.578Z - GET /api/news_tags
2026-08-02T19:20:56.728Z - GET /api/news
2026-08-02T19:20:56.740Z - GET /api/news_authors
2026-08-02T19:20:57.005Z - GET /api/news_categories
2026-08-02T19:20:57.069Z - GET /api/news_tags
2026-08-02T19:21:21.418Z - POST /api/news
2026-08-02T19:21:21.706Z - GET /api/news
2026-08-02T19:21:21.710Z - GET /api/news_tags
2026-08-02T19:21:21.713Z - GET /api/news_categories
2026-08-02T19:21:21.716Z - GET /api/news_authors
2026-08-02T19:21:29.763Z - POST /api/teams
2026-08-02T19:24:28.082Z - POST /api/teams
2026-08-02T19:24:31.635Z - GET /api/teams
2026-08-02T19:24:41.965Z - GET /api/teams
2026-08-02T19:24:52.614Z - GET /api/teams
2026-08-02T19:24:56.125Z - POST /api/teams
2026-08-02T19:24:59.738Z - GET /api/teams
2026-08-02T19:25:14.796Z - POST /api/teams
2026-08-02T19:25:19.222Z - GET /api/teams
2026-08-02T19:25:22.930Z - PUT /api/teams/10
2026-08-02T19:25:27.482Z - GET /api/teams
2026-08-02T19:25:31.172Z - DELETE /api/teams/10
2026-08-02T19:25:35.278Z - GET /api/teams
2026-08-03T14:27:32.417Z - GET /
2026-08-03T14:27:33.756Z - GET /
2026-08-03T14:27:34.268Z - GET /index.tsx
2026-08-03T14:27:34.269Z - GET /@vite/client
2026-08-03T14:27:34.272Z - GET /@react-refresh
2026-08-03T14:27:34.451Z - GET /node_modules/.vite/deps/react_jsx-dev-runtime.js?v=41a57917
2026-08-03T14:27:34.453Z - GET /node_modules/vite/dist/client/env.mjs
2026-08-03T14:27:34.476Z - GET /node_modules/.vite/deps/react-dom_client.js?v=a889ee38
2026-08-03T14:27:34.483Z - GET /App.tsx
2026-08-03T14:27:34.487Z - GET /node_modules/.vite/deps/react.js?v=41a57917
2026-08-03T14:27:35.415Z - GET /node_modules/.vite/deps/framer-motion.js?v=1716d51e
2026-08-03T14:27:35.417Z - GET /pages/Schedule.tsx
2026-08-03T14:27:35.418Z - GET /node_modules/.vite/deps/react-router-dom.js?v=88eab3a7
2026-08-03T14:27:35.419Z - GET /pages/Home.tsx
2026-08-03T14:27:35.464Z - GET /node_modules/.vite/deps/lucide-react.js?v=daf62b33
2026-08-03T14:27:35.509Z - GET /src/admin/Gallery.tsx
2026-08-03T14:27:35.517Z - GET /pages/Socials.tsx
2026-08-03T14:27:35.521Z - GET /pages/NewsDetail.tsx
2026-08-03T14:27:35.523Z - GET /src/admin/Leadership.tsx
2026-08-03T14:27:35.524Z - GET /pages/Careers.tsx
2026-08-03T14:27:35.525Z - GET /constants.tsx
2026-08-03T14:27:35.526Z - GET /pages/EventDetail.tsx
2026-08-03T14:27:35.533Z - GET /src/admin/AdminLayout.tsx
2026-08-03T14:27:35.536Z - GET /src/admin/Subscribers.tsx
2026-08-03T14:27:35.538Z - GET /pages/Teams.tsx
2026-08-03T14:27:35.541Z - GET /src/admin/Settings.tsx
2026-08-03T14:27:35.543Z - GET /src/admin/News.tsx
2026-08-03T14:27:35.547Z - GET /src/admin/LoginPage.tsx
2026-08-03T14:27:35.549Z - GET /src/admin/Creators.tsx
2026-08-03T14:27:35.552Z - GET /components/GlobalSearch.tsx
2026-08-03T14:27:35.553Z - GET /pages/News.tsx
2026-08-03T14:27:35.557Z - GET /src/admin/Jobs.tsx
2026-08-03T14:27:35.560Z - GET /src/admin/Teams.tsx
2026-08-03T14:27:35.563Z - GET /pages/JobDetail.tsx
2026-08-03T14:27:35.566Z - GET /src/admin/Users.tsx
2026-08-03T14:27:35.568Z - GET /src/admin/Dashboard.tsx
2026-08-03T14:27:35.570Z - GET /pages/Information.tsx
2026-08-03T14:27:35.572Z - GET /components/NewsletterPopup.tsx
2026-08-03T14:27:35.574Z - GET /components/SocialFollowerIcon.tsx
2026-08-03T14:27:35.576Z - GET /pages/PlayerProfile.tsx
2026-08-03T14:27:35.581Z - GET /src/admin/Schedule.tsx
2026-08-03T14:27:35.583Z - GET /pages/About.tsx
2026-08-03T14:27:35.589Z - GET /src/utils/json.ts
2026-08-03T14:27:35.592Z - GET /components/SEOMeta.tsx
2026-08-03T14:27:35.601Z - GET /components/Breadcrumbs.tsx
2026-08-03T14:27:35.668Z - GET /components/ui/ArenaButton.tsx
2026-08-03T14:27:35.709Z - GET /src/components/ImageUploader.tsx
2026-08-03T14:27:35.743Z - GET /src/lib/firebase.ts
2026-08-03T14:27:35.745Z - GET /node_modules/.vite/deps/xlsx.js?v=9a5f4637
2026-08-03T14:27:35.752Z - GET /node_modules/.vite/deps/firebase_auth.js?v=a97e73c3
2026-08-03T14:27:35.753Z - GET /node_modules/.vite/deps/firebase_firestore.js?v=768548ac
2026-08-03T14:27:35.772Z - GET /node_modules/.vite/deps/chunk-GHX6QOSA.js?v=41e6b55c
2026-08-03T14:27:35.778Z - GET /node_modules/.vite/deps/chunk-V5LT2MCF.js?v=41e6b55c
2026-08-03T14:27:35.786Z - GET /node_modules/.vite/deps/chunk-2GTGKKMZ.js?v=41e6b55c
2026-08-03T14:27:35.825Z - GET /node_modules/.vite/deps/firebase_app.js?v=74e1b7d0
2026-08-03T14:27:35.827Z - GET /firebase-applet-config.json?import
2026-08-03T14:27:35.907Z - GET /node_modules/.vite/deps/chunk-CCHYV7MY.js?v=41e6b55c
2026-08-03T14:27:36.131Z - GET /assets/Gk%20Logo.png
2026-08-03T14:27:36.138Z - GET /assets/mouse.png
2026-08-03T14:27:36.139Z - GET /assets/frame.png
2026-08-03T14:27:36.141Z - GET /assets/mat.png
2026-08-03T14:27:36.144Z - GET /assets/bag.png
2026-08-03T14:27:36.147Z - GET /assets/jearsy.png
2026-08-03T14:36:18.311Z - GET /
2026-08-03T14:36:21.606Z - GET /api/health
2026-08-03T14:37:29.556Z - GET /api/health
2026-08-03T14:37:29.574Z - GET /api/teams
2026-08-03T14:37:37.217Z - GET /
2026-08-03T14:37:42.350Z - GET /
2026-08-03T14:37:42.905Z - GET /index.tsx
2026-08-03T14:37:42.907Z - GET /@vite/client
2026-08-03T14:37:42.909Z - GET /@react-refresh
2026-08-03T14:37:43.102Z - GET /node_modules/vite/dist/client/env.mjs
2026-08-03T14:37:43.106Z - GET /App.tsx
2026-08-03T14:37:44.146Z - GET /pages/Schedule.tsx
2026-08-03T14:37:44.162Z - GET /pages/Home.tsx
2026-08-03T14:37:44.171Z - GET /src/admin/Teams.tsx
2026-08-03T14:37:44.259Z - GET /src/admin/Users.tsx
2026-08-03T14:37:44.279Z - GET /src/admin/Creators.tsx
2026-08-03T14:37:44.287Z - GET /src/admin/AdminLayout.tsx
2026-08-03T14:37:44.309Z - GET /pages/PlayerProfile.tsx
2026-08-03T14:37:44.316Z - GET /pages/Teams.tsx
2026-08-03T14:37:44.342Z - GET /src/admin/LoginPage.tsx
2026-08-03T14:37:44.344Z - GET /pages/Careers.tsx
2026-08-03T14:37:44.346Z - GET /pages/News.tsx
2026-08-03T14:37:44.349Z - GET /pages/NewsDetail.tsx
2026-08-03T14:37:44.351Z - GET /src/admin/Subscribers.tsx
2026-08-03T14:37:44.353Z - GET /pages/EventDetail.tsx
2026-08-03T14:37:44.356Z - GET /constants.tsx
2026-08-03T14:37:44.358Z - GET /src/admin/Gallery.tsx
2026-08-03T14:37:44.359Z - GET /pages/Information.tsx
2026-08-03T14:37:44.361Z - GET /src/admin/News.tsx
2026-08-03T14:37:44.366Z - GET /pages/JobDetail.tsx
2026-08-03T14:37:44.369Z - GET /src/admin/Settings.tsx
2026-08-03T14:37:44.371Z - GET /pages/Socials.tsx
2026-08-03T14:37:44.375Z - GET /components/SocialFollowerIcon.tsx
2026-08-03T14:37:44.376Z - GET /components/GlobalSearch.tsx
2026-08-03T14:37:44.379Z - GET /src/admin/Leadership.tsx
2026-08-03T14:37:44.381Z - GET /src/admin/Dashboard.tsx
2026-08-03T14:37:44.383Z - GET /src/admin/Schedule.tsx
2026-08-03T14:37:44.386Z - GET /components/NewsletterPopup.tsx
2026-08-03T14:37:44.388Z - GET /src/admin/Jobs.tsx
2026-08-03T14:37:44.391Z - GET /pages/About.tsx
2026-08-03T14:37:44.395Z - GET /components/Breadcrumbs.tsx
2026-08-03T14:37:44.397Z - GET /components/SEOMeta.tsx
2026-08-03T14:37:44.400Z - GET /src/utils/json.ts
2026-08-03T14:37:44.402Z - GET /src/components/ImageUploader.tsx
2026-08-03T14:37:44.404Z - GET /components/ui/ArenaButton.tsx
2026-08-03T14:37:44.420Z - GET /src/lib/firebase.ts
2026-08-03T14:37:44.548Z - GET /firebase-applet-config.json?import
2026-08-03T14:37:44.679Z - GET /assets/Gk%20Logo.png
2026-08-03T14:37:44.685Z - GET /assets/jearsy.png
2026-08-03T14:37:44.686Z - GET /assets/frame.png
2026-08-03T14:37:44.688Z - GET /assets/mouse.png
2026-08-03T14:37:44.689Z - GET /assets/mat.png
2026-08-03T14:37:44.690Z - GET /assets/bag.png
2026-08-04T00:15:05.354Z - GET /
2026-08-04T00:16:31.306Z - GET /
2026-08-04T00:16:31.870Z - GET /@vite/client
2026-08-04T00:16:31.873Z - GET /index.tsx
2026-08-04T00:16:31.875Z - GET /@react-refresh
2026-08-04T00:16:32.093Z - GET /App.tsx
2026-08-04T00:16:32.097Z - GET /node_modules/vite/dist/client/env.mjs
2026-08-04T00:16:33.049Z - GET /pages/Schedule.tsx
2026-08-04T00:16:33.129Z - GET /pages/Home.tsx
2026-08-04T00:16:33.157Z - GET /pages/Teams.tsx
2026-08-04T00:16:33.165Z - GET /pages/About.tsx
2026-08-04T00:16:33.212Z - GET /pages/Careers.tsx
2026-08-04T00:16:33.218Z - GET /pages/Socials.tsx
2026-08-04T00:16:33.249Z - GET /src/admin/News.tsx
2026-08-04T00:16:33.274Z - GET /src/admin/Schedule.tsx
2026-08-04T00:16:33.279Z - GET /src/admin/Subscribers.tsx
2026-08-04T00:16:33.283Z - GET /src/admin/Gallery.tsx
2026-08-04T00:16:33.285Z - GET /pages/JobDetail.tsx
2026-08-04T00:16:33.287Z - GET /pages/Information.tsx
2026-08-04T00:16:33.289Z - GET /src/admin/Dashboard.tsx
2026-08-04T00:16:33.290Z - GET /src/admin/AdminLayout.tsx
2026-08-04T00:16:33.292Z - GET /src/admin/LoginPage.tsx
2026-08-04T00:16:33.293Z - GET /src/admin/Creators.tsx
2026-08-04T00:16:33.295Z - GET /src/admin/Teams.tsx
2026-08-04T00:16:33.296Z - GET /constants.tsx
2026-08-04T00:16:33.297Z - GET /pages/NewsDetail.tsx
2026-08-04T00:16:33.298Z - GET /components/NewsletterPopup.tsx
2026-08-04T00:16:33.299Z - GET /pages/PlayerProfile.tsx
2026-08-04T00:16:33.300Z - GET /pages/News.tsx
2026-08-04T00:16:33.302Z - GET /components/SocialFollowerIcon.tsx
2026-08-04T00:16:33.303Z - GET /components/GlobalSearch.tsx
2026-08-04T00:16:33.305Z - GET /pages/EventDetail.tsx
2026-08-04T00:16:33.306Z - GET /src/admin/Jobs.tsx
2026-08-04T00:16:33.307Z - GET /src/admin/Leadership.tsx
2026-08-04T00:16:33.309Z - GET /src/admin/Settings.tsx
2026-08-04T00:16:33.310Z - GET /src/admin/Users.tsx
2026-08-04T00:16:33.312Z - GET /components/SEOMeta.tsx
2026-08-04T00:16:33.313Z - GET /components/Breadcrumbs.tsx
2026-08-04T00:16:33.315Z - GET /src/utils/json.ts
2026-08-04T00:16:33.316Z - GET /components/ui/ArenaButton.tsx
2026-08-04T00:16:33.325Z - GET /src/components/ImageUploader.tsx
2026-08-04T00:16:33.376Z - GET /src/lib/firebase.ts
2026-08-04T00:16:33.452Z - GET /firebase-applet-config.json?import
2026-08-04T00:16:33.581Z - GET /assets/Gk%20Logo.png
2026-08-04T00:16:33.752Z - GET /api/activity
2026-08-04T00:16:33.769Z - GET /api/stats
2026-08-04T00:16:33.772Z - GET /api/health
2026-08-04T00:16:33.850Z - GET /api/health
2026-08-04T00:16:34.819Z - GET /api/activity
2026-08-04T00:16:36.400Z - GET /api/stats
2026-08-04T00:16:38.048Z - GET /api/teams
2026-08-04T00:16:38.293Z - GET /api/teams
2026-08-04T00:16:47.872Z - GET /
2026-08-04T00:16:47.968Z - GET /@vite/client
2026-08-04T00:16:47.969Z - GET /index.tsx
2026-08-04T00:16:47.993Z - GET /@react-refresh
2026-08-04T00:16:48.152Z - GET /node_modules/vite/dist/client/env.mjs
2026-08-04T00:16:48.153Z - GET /App.tsx
2026-08-04T00:16:48.226Z - GET /pages/Home.tsx
2026-08-04T00:16:48.232Z - GET /pages/Teams.tsx
2026-08-04T00:16:48.233Z - GET /pages/Schedule.tsx
2026-08-04T00:16:48.234Z - GET /pages/Careers.tsx
2026-08-04T00:16:48.236Z - GET /pages/About.tsx
2026-08-04T00:16:48.238Z - GET /pages/JobDetail.tsx
2026-08-04T00:16:48.241Z - GET /pages/Information.tsx
2026-08-04T00:16:48.244Z - GET /src/admin/LoginPage.tsx
2026-08-04T00:16:48.245Z - GET /src/admin/Schedule.tsx
2026-08-04T00:16:48.246Z - GET /src/admin/Teams.tsx
2026-08-04T00:16:48.248Z - GET /src/admin/Dashboard.tsx
2026-08-04T00:16:48.250Z - GET /src/admin/Creators.tsx
2026-08-04T00:16:48.251Z - GET /src/admin/Gallery.tsx
2026-08-04T00:16:48.252Z - GET /src/admin/News.tsx
2026-08-04T00:16:48.254Z - GET /pages/News.tsx
2026-08-04T00:16:48.255Z - GET /src/admin/Settings.tsx
2026-08-04T00:16:48.256Z - GET /pages/Socials.tsx
2026-08-04T00:16:48.260Z - GET /src/admin/Subscribers.tsx
2026-08-04T00:16:48.262Z - GET /src/admin/Leadership.tsx
2026-08-04T00:16:48.264Z - GET /pages/NewsDetail.tsx
2026-08-04T00:16:48.266Z - GET /components/SocialFollowerIcon.tsx
2026-08-04T00:16:48.270Z - GET /src/admin/Users.tsx
2026-08-04T00:16:48.274Z - GET /src/admin/Jobs.tsx
2026-08-04T00:16:48.276Z - GET /constants.tsx
2026-08-04T00:16:48.278Z - GET /components/GlobalSearch.tsx
2026-08-04T00:16:48.300Z - GET /components/NewsletterPopup.tsx
2026-08-04T00:16:48.306Z - GET /pages/EventDetail.tsx
2026-08-04T00:16:48.307Z - GET /pages/PlayerProfile.tsx
2026-08-04T00:16:48.309Z - GET /src/admin/AdminLayout.tsx
2026-08-04T00:16:48.311Z - GET /components/ui/ArenaButton.tsx
2026-08-04T00:16:48.314Z - GET /src/utils/json.ts
2026-08-04T00:16:48.316Z - GET /components/Breadcrumbs.tsx
2026-08-04T00:16:48.339Z - GET /src/components/ImageUploader.tsx
2026-08-04T00:16:48.340Z - GET /components/SEOMeta.tsx
2026-08-04T00:16:48.342Z - GET /src/lib/firebase.ts
2026-08-04T00:16:48.416Z - GET /firebase-applet-config.json?import
2026-08-04T00:16:48.505Z - GET /assets/Gk%20Logo.png
2026-08-04T00:16:48.523Z - GET /api/health
2026-08-04T00:16:48.526Z - GET /api/stats
2026-08-04T00:16:48.529Z - GET /api/activity
2026-08-04T00:16:48.596Z - GET /api/health
2026-08-04T00:16:48.838Z - GET /api/activity
2026-08-04T00:16:50.346Z - GET /api/stats
2026-08-04T00:16:51.174Z - GET /api/teams
2026-08-04T00:16:51.675Z - GET /api/teams
2026-08-04T00:16:54.214Z - GET /api/teams/3/players
2026-08-04T00:17:07.307Z - PUT /api/players/6
2026-08-04T00:17:09.315Z - GET /api/teams/3/players
2026-08-04T00:17:14.409Z - GET /api/users
2026-08-04T00:17:14.898Z - GET /api/users
2026-08-04T00:17:19.857Z - GET /api/settings
2026-08-04T00:17:19.932Z - GET /api/settings
2026-08-04T00:17:26.212Z - GET /api/news_authors
2026-08-04T00:17:26.214Z - GET /api/news_categories
2026-08-04T00:17:26.217Z - GET /api/news_tags
2026-08-04T00:17:26.219Z - GET /api/news
2026-08-04T00:17:26.446Z - GET /api/news
2026-08-04T00:17:26.467Z - GET /api/news_tags
2026-08-04T00:17:26.469Z - GET /api/news_authors
2026-08-04T00:17:31.819Z - GET /api/jobs
2026-08-04T00:17:39.682Z - GET /
2026-08-04T00:17:46.166Z - GET /
2026-08-04T00:17:46.683Z - GET /@vite/client
2026-08-04T00:17:46.686Z - GET /index.tsx
2026-08-04T00:17:46.688Z - GET /@react-refresh
2026-08-04T00:17:46.889Z - GET /App.tsx
2026-08-04T00:17:46.892Z - GET /node_modules/vite/dist/client/env.mjs
2026-08-04T00:17:47.962Z - GET /pages/About.tsx
2026-08-04T00:17:47.988Z - GET /pages/Teams.tsx
2026-08-04T00:17:48.012Z - GET /pages/Home.tsx
2026-08-04T00:17:48.058Z - GET /pages/Schedule.tsx
2026-08-04T00:17:48.087Z - GET /src/admin/LoginPage.tsx
2026-08-04T00:17:48.090Z - GET /pages/PlayerProfile.tsx
2026-08-04T00:17:48.092Z - GET /pages/NewsDetail.tsx
2026-08-04T00:17:48.118Z - GET /src/admin/News.tsx
2026-08-04T00:17:48.121Z - GET /src/admin/Subscribers.tsx
2026-08-04T00:17:48.123Z - GET /src/admin/Gallery.tsx
2026-08-04T00:17:48.124Z - GET /pages/Socials.tsx
2026-08-04T00:17:48.126Z - GET /src/admin/Leadership.tsx
2026-08-04T00:17:48.127Z - GET /src/admin/Settings.tsx
2026-08-04T00:17:48.129Z - GET /src/admin/Jobs.tsx
2026-08-04T00:17:48.130Z - GET /pages/News.tsx
2026-08-04T00:17:48.132Z - GET /src/admin/Creators.tsx
2026-08-04T00:17:48.134Z - GET /src/admin/Schedule.tsx
2026-08-04T00:17:48.137Z - GET /src/admin/Users.tsx
2026-08-04T00:17:48.139Z - GET /src/admin/Dashboard.tsx
2026-08-04T00:17:48.141Z - GET /pages/Information.tsx
2026-08-04T00:17:48.143Z - GET /src/admin/AdminLayout.tsx
2026-08-04T00:17:48.145Z - GET /constants.tsx
2026-08-04T00:17:48.147Z - GET /pages/JobDetail.tsx
2026-08-04T00:17:48.149Z - GET /src/admin/Teams.tsx
2026-08-04T00:17:48.152Z - GET /pages/Careers.tsx
2026-08-04T00:17:48.154Z - GET /components/NewsletterPopup.tsx
2026-08-04T00:17:48.159Z - GET /components/SocialFollowerIcon.tsx
2026-08-04T00:17:48.161Z - GET /components/GlobalSearch.tsx
2026-08-04T00:17:48.163Z - GET /pages/EventDetail.tsx
2026-08-04T00:17:48.165Z - GET /components/SEOMeta.tsx
2026-08-04T00:17:48.167Z - GET /components/Breadcrumbs.tsx
2026-08-04T00:17:48.168Z - GET /src/utils/json.ts
2026-08-04T00:17:48.169Z - GET /components/ui/ArenaButton.tsx
2026-08-04T00:17:48.171Z - GET /src/lib/firebase.ts
2026-08-04T00:17:48.195Z - GET /src/components/ImageUploader.tsx
2026-08-04T00:17:48.246Z - GET /firebase-applet-config.json?import
2026-08-04T00:17:48.335Z - GET /assets/Gk%20Logo.png
2026-08-04T00:17:48.357Z - GET /assets/bag.png
2026-08-04T00:17:48.358Z - GET /assets/jearsy.png
2026-08-04T00:17:48.359Z - GET /assets/mouse.png
2026-08-04T00:17:48.360Z - GET /assets/frame.png
2026-08-04T00:17:48.361Z - GET /assets/mat.png
2026-08-04T00:17:56.842Z - GET /
2026-08-04T00:17:56.928Z - GET /index.tsx
2026-08-04T00:17:56.932Z - GET /@vite/client
2026-08-04T00:17:56.948Z - GET /@react-refresh
2026-08-04T00:17:57.112Z - GET /node_modules/vite/dist/client/env.mjs
2026-08-04T00:17:57.114Z - GET /App.tsx
2026-08-04T00:17:57.193Z - GET /pages/Schedule.tsx
2026-08-04T00:17:57.195Z - GET /pages/Home.tsx
2026-08-04T00:17:57.199Z - GET /pages/Teams.tsx
2026-08-04T00:17:57.201Z - GET /pages/About.tsx
2026-08-04T00:17:57.203Z - GET /pages/Careers.tsx
2026-08-04T00:17:57.204Z - GET /pages/Socials.tsx
2026-08-04T00:17:57.207Z - GET /pages/News.tsx
2026-08-04T00:17:57.209Z - GET /pages/NewsDetail.tsx
2026-08-04T00:17:57.211Z - GET /src/admin/Users.tsx
2026-08-04T00:17:57.213Z - GET /src/admin/Subscribers.tsx
2026-08-04T00:17:57.216Z - GET /src/admin/Leadership.tsx
2026-08-04T00:17:57.217Z - GET /src/admin/News.tsx
2026-08-04T00:17:57.219Z - GET /src/admin/Settings.tsx
2026-08-04T00:17:57.222Z - GET /src/admin/Teams.tsx
2026-08-04T00:17:57.224Z - GET /src/admin/AdminLayout.tsx
2026-08-04T00:17:57.226Z - GET /src/admin/Jobs.tsx
2026-08-04T00:17:57.228Z - GET /src/admin/Gallery.tsx
2026-08-04T00:17:57.229Z - GET /pages/Information.tsx
2026-08-04T00:17:57.231Z - GET /src/admin/Schedule.tsx
2026-08-04T00:17:57.234Z - GET /src/admin/Creators.tsx
2026-08-04T00:17:57.235Z - GET /src/admin/LoginPage.tsx
2026-08-04T00:17:57.237Z - GET /components/NewsletterPopup.tsx
2026-08-04T00:17:57.238Z - GET /components/GlobalSearch.tsx
2026-08-04T00:17:57.240Z - GET /components/SocialFollowerIcon.tsx
2026-08-04T00:17:57.241Z - GET /src/admin/Dashboard.tsx
2026-08-04T00:17:57.243Z - GET /pages/EventDetail.tsx
2026-08-04T00:17:57.244Z - GET /constants.tsx
2026-08-04T00:17:57.245Z - GET /pages/PlayerProfile.tsx
2026-08-04T00:17:57.247Z - GET /pages/JobDetail.tsx
2026-08-04T00:17:57.267Z - GET /components/Breadcrumbs.tsx
2026-08-04T00:17:57.270Z - GET /src/utils/json.ts
2026-08-04T00:17:57.272Z - GET /components/ui/ArenaButton.tsx
2026-08-04T00:17:57.272Z - GET /components/SEOMeta.tsx
2026-08-04T00:17:57.287Z - GET /src/lib/firebase.ts
2026-08-04T00:17:57.289Z - GET /src/components/ImageUploader.tsx
2026-08-04T00:17:57.375Z - GET /firebase-applet-config.json?import
2026-08-04T00:17:57.469Z - GET /assets/Gk%20Logo.png
2026-08-04T00:17:57.485Z - GET /api/activity
2026-08-04T00:17:57.500Z - GET /api/stats
2026-08-04T00:17:57.502Z - GET /api/health
2026-08-04T00:17:57.578Z - GET /api/health
2026-08-04T00:17:57.855Z - GET /api/activity
2026-08-04T00:17:58.827Z - GET /api/stats
2026-08-04T00:17:59.486Z - GET /api/leadership
2026-08-04T00:17:59.726Z - GET /api/leadership
2026-08-04T00:22:53.625Z - GET /api/health
2026-08-04T00:22:53.644Z - GET /api/teams
2026-08-04T00:22:54.502Z - GET /api/creators
2026-08-04T00:22:54.663Z - GET /api/events
2026-08-04T00:22:54.816Z - GET /api/gallery
2026-08-04T00:22:54.972Z - GET /api/jobs
2026-08-04T00:22:55.123Z - GET /api/leadership
2026-08-04T00:22:55.277Z - GET /api/users
2026-08-04T00:22:55.429Z - GET /api/subscribers
2026-08-04T13:11:48.637Z - GET /
2026-08-04T13:11:50.098Z - GET /
2026-08-04T13:11:50.649Z - GET /@vite/client
2026-08-04T13:11:50.651Z - GET /@react-refresh
2026-08-04T13:11:50.656Z - GET /index.tsx
2026-08-04T13:11:50.839Z - GET /node_modules/.vite/deps/react.js?v=a7818033
2026-08-04T13:11:50.841Z - GET /node_modules/.vite/deps/react-dom_client.js?v=8ab70cdb
2026-08-04T13:11:50.843Z - GET /App.tsx
2026-08-04T13:11:50.846Z - GET /node_modules/.vite/deps/react_jsx-dev-runtime.js?v=a7818033
2026-08-04T13:11:50.897Z - GET /node_modules/vite/dist/client/env.mjs
2026-08-04T13:11:52.013Z - GET /pages/Information.tsx
2026-08-04T13:11:52.033Z - GET /pages/Home.tsx
2026-08-04T13:11:52.041Z - GET /node_modules/.vite/deps/react-router-dom.js?v=bab057e6
2026-08-04T13:11:52.103Z - GET /node_modules/.vite/deps/framer-motion.js?v=d4d401ea
2026-08-04T13:11:52.114Z - GET /node_modules/.vite/deps/lucide-react.js?v=a9ddfe17
2026-08-04T13:11:52.120Z - GET /pages/Careers.tsx
2026-08-04T13:11:52.122Z - GET /pages/Teams.tsx
2026-08-04T13:11:52.126Z - GET /src/admin/News.tsx
2026-08-04T13:11:52.131Z - GET /pages/Socials.tsx
2026-08-04T13:11:52.136Z - GET /pages/About.tsx
2026-08-04T13:11:52.140Z - GET /src/admin/Schedule.tsx
2026-08-04T13:11:52.144Z - GET /src/admin/Dashboard.tsx
2026-08-04T13:11:52.146Z - GET /components/GlobalSearch.tsx
2026-08-04T13:11:52.149Z - GET /pages/PlayerProfile.tsx
2026-08-04T13:11:52.154Z - GET /src/admin/Gallery.tsx
2026-08-04T13:11:52.156Z - GET /pages/EventDetail.tsx
2026-08-04T13:11:52.161Z - GET /pages/JobDetail.tsx
2026-08-04T13:11:52.164Z - GET /src/admin/Users.tsx
2026-08-04T13:11:52.166Z - GET /src/admin/Teams.tsx
2026-08-04T13:11:52.171Z - GET /src/admin/AdminLayout.tsx
2026-08-04T13:11:52.173Z - GET /src/admin/Subscribers.tsx
2026-08-04T13:11:52.175Z - GET /src/admin/LoginPage.tsx
2026-08-04T13:11:52.177Z - GET /pages/News.tsx
2026-08-04T13:11:52.181Z - GET /components/SocialFollowerIcon.tsx
2026-08-04T13:11:52.186Z - GET /components/NewsletterPopup.tsx
2026-08-04T13:11:52.189Z - GET /constants.tsx
2026-08-04T13:11:52.198Z - GET /src/admin/Jobs.tsx
2026-08-04T13:11:52.227Z - GET /src/admin/Leadership.tsx
2026-08-04T13:11:52.265Z - GET /src/admin/Settings.tsx
2026-08-04T13:11:52.295Z - GET /src/admin/Creators.tsx
2026-08-04T13:11:52.301Z - GET /pages/NewsDetail.tsx
2026-08-04T13:11:52.308Z - GET /pages/Schedule.tsx
2026-08-04T13:11:52.335Z - GET /components/ui/ArenaButton.tsx
2026-08-04T13:11:52.336Z - GET /components/SEOMeta.tsx
2026-08-04T13:11:52.337Z - GET /components/Breadcrumbs.tsx
2026-08-04T13:11:52.381Z - GET /src/utils/json.ts
2026-08-04T13:11:52.394Z - GET /src/components/ConfirmDeleteModal.tsx
2026-08-04T13:11:52.413Z - GET /src/lib/firebase.ts
2026-08-04T13:11:52.415Z - GET /node_modules/.vite/deps/firebase_auth.js?v=937f4d88
2026-08-04T13:11:52.417Z - GET /node_modules/.vite/deps/firebase_firestore.js?v=2aa24caf
2026-08-04T13:11:52.420Z - GET /node_modules/.vite/deps/chunk-V5LT2MCF.js?v=09ec35ca
2026-08-04T13:11:52.427Z - GET /node_modules/.vite/deps/chunk-GHX6QOSA.js?v=09ec35ca
2026-08-04T13:11:52.429Z - GET /node_modules/.vite/deps/chunk-2GTGKKMZ.js?v=09ec35ca
2026-08-04T13:11:52.430Z - GET /src/components/ImageUploader.tsx
2026-08-04T13:11:52.434Z - GET /node_modules/.vite/deps/xlsx.js?v=0079f9e3
2026-08-04T13:11:52.463Z - GET /src/admin/components/FormRepeater.tsx
2026-08-04T13:11:52.465Z - GET /src/admin/components/FormSection.tsx
2026-08-04T13:11:52.490Z - GET /node_modules/.vite/deps/firebase_app.js?v=100c0478
2026-08-04T13:11:52.497Z - GET /firebase-applet-config.json?import
2026-08-04T13:11:52.519Z - GET /node_modules/.vite/deps/chunk-CCHYV7MY.js?v=09ec35ca
2026-08-04T13:11:52.757Z - GET /assets/Gk%20Logo.png
2026-08-04T13:11:52.764Z - GET /assets/frame.png
2026-08-04T13:11:52.768Z - GET /assets/mat.png
2026-08-04T13:11:52.768Z - GET /assets/bag.png
2026-08-04T13:11:52.770Z - GET /assets/mouse.png
2026-08-04T13:11:52.772Z - GET /assets/jearsy.png
2026-08-04T13:18:07.031Z - GET /
2026-08-04T13:18:12.915Z - GET /
2026-08-04T13:18:13.468Z - GET /@vite/client
2026-08-04T13:18:13.471Z - GET /@react-refresh
2026-08-04T13:18:13.479Z - GET /index.tsx
2026-08-04T13:18:13.643Z - GET /App.tsx
2026-08-04T13:18:13.732Z - GET /node_modules/vite/dist/client/env.mjs
2026-08-04T13:18:14.976Z - GET /pages/Home.tsx
2026-08-04T13:18:14.984Z - GET /src/admin/Schedule.tsx
2026-08-04T13:18:14.987Z - GET /pages/Schedule.tsx
2026-08-04T13:18:14.993Z - GET /pages/About.tsx
2026-08-04T13:18:14.995Z - GET /pages/Teams.tsx
2026-08-04T13:18:15.062Z - GET /pages/Careers.tsx
2026-08-04T13:18:15.100Z - GET /src/admin/AdminLayout.tsx
2026-08-04T13:18:15.103Z - GET /src/admin/Jobs.tsx
2026-08-04T13:18:15.128Z - GET /src/admin/News.tsx
2026-08-04T13:18:15.140Z - GET /pages/PlayerProfile.tsx
2026-08-04T13:18:15.147Z - GET /pages/News.tsx
2026-08-04T13:18:15.150Z - GET /pages/JobDetail.tsx
2026-08-04T13:18:15.153Z - GET /src/admin/Subscribers.tsx
2026-08-04T13:18:15.155Z - GET /src/admin/Gallery.tsx
2026-08-04T13:18:15.158Z - GET /constants.tsx
2026-08-04T13:18:15.160Z - GET /pages/EventDetail.tsx
2026-08-04T13:18:15.164Z - GET /pages/NewsDetail.tsx
2026-08-04T13:18:15.167Z - GET /src/admin/Creators.tsx
2026-08-04T13:18:15.171Z - GET /components/GlobalSearch.tsx
2026-08-04T13:18:15.173Z - GET /src/admin/Users.tsx
2026-08-04T13:18:15.174Z - GET /components/SocialFollowerIcon.tsx
2026-08-04T13:18:15.183Z - GET /src/admin/Teams.tsx
2026-08-04T13:18:15.190Z - GET /src/admin/Dashboard.tsx
2026-08-04T13:18:15.191Z - GET /src/admin/LoginPage.tsx
2026-08-04T13:18:15.192Z - GET /components/NewsletterPopup.tsx
2026-08-04T13:18:15.193Z - GET /src/admin/Settings.tsx
2026-08-04T13:18:15.194Z - GET /pages/Socials.tsx
2026-08-04T13:18:15.198Z - GET /pages/Information.tsx
2026-08-04T13:18:15.199Z - GET /src/admin/Leadership.tsx
2026-08-04T13:18:15.313Z - GET /components/Breadcrumbs.tsx
2026-08-04T13:18:15.314Z - GET /components/ui/ArenaButton.tsx
2026-08-04T13:18:15.316Z - GET /src/utils/json.ts
2026-08-04T13:18:15.351Z - GET /src/components/ConfirmDeleteModal.tsx
2026-08-04T13:18:15.353Z - GET /src/admin/components/FormSection.tsx
2026-08-04T13:18:15.355Z - GET /src/components/ImageUploader.tsx
2026-08-04T13:18:15.357Z - GET /src/admin/components/FormRepeater.tsx
2026-08-04T13:18:15.358Z - GET /src/lib/firebase.ts
2026-08-04T13:18:15.360Z - GET /components/SEOMeta.tsx
2026-08-04T13:18:15.441Z - GET /firebase-applet-config.json?import
2026-08-04T13:18:15.461Z - GET /src/admin/components/Toast.tsx
2026-08-04T13:18:15.574Z - GET /assets/Gk%20Logo.png
2026-08-04T13:18:15.592Z - GET /assets/mouse.png
2026-08-04T13:18:15.594Z - GET /assets/mat.png
2026-08-04T13:18:15.596Z - GET /assets/jearsy.png
2026-08-04T13:18:15.614Z - GET /assets/frame.png
2026-08-04T13:18:15.625Z - GET /assets/bag.png
2026-08-04T16:44:44.372Z - GET /api/leadership
2026-08-04T16:44:45.777Z - GET /api/leadership
2026-08-04T16:45:18.707Z - GET /api/teams
2026-08-04T16:45:18.712Z - GET /api/creators
2026-08-04T16:45:18.718Z - GET /assets/Jorhdys.png
2026-08-04T16:45:18.807Z - GET /assets/NO%20PHOTO.png
2026-08-04T16:45:18.843Z - GET /assets/Breezi.png
2026-08-04T16:45:19.465Z - GET /api/creators
2026-08-04T16:45:19.470Z - GET /api/teams
2026-08-04T16:45:20.058Z - GET /api/teams/5/players
2026-08-04T16:45:20.120Z - GET /api/teams/4/players
2026-08-04T16:45:28.949Z - GET /assets/frame.png
2026-08-04T16:45:28.952Z - GET /assets/jearsy.png
2026-08-04T16:45:28.955Z - GET /assets/bag.png
2026-08-04T16:45:28.967Z - GET /assets/mouse.png
2026-08-04T16:45:28.981Z - GET /assets/mat.png
2026-08-04T19:19:49.951Z - GET /assets/Jorhdys.png
2026-08-04T19:19:49.953Z - GET /assets/NO%20PHOTO.png
2026-08-04T19:19:49.954Z - GET /api/teams
2026-08-04T19:19:49.959Z - GET /api/creators
2026-08-04T19:19:49.962Z - GET /assets/Breezi.png
2026-08-04T19:19:51.082Z - GET /api/teams
2026-08-04T19:19:51.084Z - GET /api/creators
2026-08-04T19:19:51.576Z - GET /api/teams/5/players
2026-08-04T19:19:51.578Z - GET /api/teams/4/players
2026-08-04T19:20:12.811Z - GET /api/teams
2026-08-04T19:20:13.317Z - GET /api/teams
2026-08-04T19:20:13.909Z - GET /api/teams/4/players
2026-08-04T19:20:13.918Z - GET /api/teams/5/players
2026-08-04T19:20:38.988Z - GET /careers/xfgh
2026-08-04T19:20:39.107Z - GET /index.tsx
2026-08-04T19:20:39.109Z - GET /@react-refresh
2026-08-04T19:20:39.112Z - GET /@vite/client
2026-08-04T19:20:39.325Z - GET /App.tsx
2026-08-04T19:20:39.336Z - GET /node_modules/vite/dist/client/env.mjs
2026-08-04T19:20:39.402Z - GET /pages/Home.tsx
2026-08-04T19:20:39.409Z - GET /pages/Teams.tsx
2026-08-04T19:20:39.412Z - GET /pages/Schedule.tsx
2026-08-04T19:20:39.416Z - GET /src/admin/LoginPage.tsx
2026-08-04T19:20:39.418Z - GET /src/admin/Schedule.tsx
2026-08-04T19:20:39.419Z - GET /pages/Information.tsx
2026-08-04T19:20:39.421Z - GET /pages/JobDetail.tsx
2026-08-04T19:20:39.424Z - GET /components/SocialFollowerIcon.tsx
2026-08-04T19:20:39.426Z - GET /src/admin/Users.tsx
2026-08-04T19:20:39.427Z - GET /src/admin/AdminLayout.tsx
2026-08-04T19:20:39.428Z - GET /pages/About.tsx
2026-08-04T19:20:39.430Z - GET /pages/News.tsx
2026-08-04T19:20:39.431Z - GET /src/admin/Gallery.tsx
2026-08-04T19:20:39.434Z - GET /src/admin/Dashboard.tsx
2026-08-04T19:20:39.434Z - GET /pages/PlayerProfile.tsx
2026-08-04T19:20:39.439Z - GET /components/GlobalSearch.tsx
2026-08-04T19:20:39.441Z - GET /pages/Socials.tsx
2026-08-04T19:20:39.442Z - GET /components/NewsletterPopup.tsx
2026-08-04T19:20:39.444Z - GET /pages/Careers.tsx
2026-08-04T19:20:39.446Z - GET /constants.tsx
2026-08-04T19:20:39.448Z - GET /src/admin/Subscribers.tsx
2026-08-04T19:20:39.450Z - GET /src/admin/Creators.tsx
2026-08-04T19:20:39.454Z - GET /src/admin/Jobs.tsx
2026-08-04T19:20:39.455Z - GET /pages/EventDetail.tsx
2026-08-04T19:20:39.457Z - GET /src/admin/Settings.tsx
2026-08-04T19:20:39.459Z - GET /src/admin/News.tsx
2026-08-04T19:20:39.463Z - GET /pages/NewsDetail.tsx
2026-08-04T19:20:39.466Z - GET /src/admin/Teams.tsx
2026-08-04T19:20:39.472Z - GET /src/admin/Leadership.tsx
2026-08-04T19:20:39.546Z - GET /src/utils/json.ts
2026-08-04T19:20:39.547Z - GET /components/SEOMeta.tsx
2026-08-04T19:20:39.554Z - GET /src/lib/firebase.ts
2026-08-04T19:20:39.556Z - GET /src/components/ImageUploader.tsx
2026-08-04T19:20:39.559Z - GET /components/Breadcrumbs.tsx
2026-08-04T19:20:39.564Z - GET /src/admin/components/FormRepeater.tsx
2026-08-04T19:20:39.564Z - GET /src/admin/components/FormSection.tsx
2026-08-04T19:20:39.566Z - GET /components/ui/ArenaButton.tsx
2026-08-04T19:20:39.584Z - GET /src/components/ConfirmDeleteModal.tsx
2026-08-04T19:20:39.603Z - GET /src/admin/components/Toast.tsx
2026-08-04T19:20:39.658Z - GET /firebase-applet-config.json?import
2026-08-04T19:20:39.772Z - GET /assets/Gk%20Logo.png
2026-08-04T19:20:39.795Z - GET /api/teams
2026-08-04T19:20:40.053Z - GET /api/teams
2026-08-04T19:20:40.274Z - GET /api/teams/5/players
2026-08-04T19:20:40.287Z - GET /api/teams/4/players
2026-08-04T19:20:46.677Z - GET /
2026-08-04T19:20:46.770Z - GET /@vite/client
2026-08-04T19:20:46.773Z - GET /index.tsx
2026-08-04T19:20:46.779Z - GET /@react-refresh
2026-08-04T19:20:46.936Z - GET /node_modules/vite/dist/client/env.mjs
2026-08-04T19:20:46.939Z - GET /App.tsx
2026-08-04T19:20:47.031Z - GET /pages/Careers.tsx
2026-08-04T19:20:47.032Z - GET /pages/Schedule.tsx
2026-08-04T19:20:47.034Z - GET /pages/Teams.tsx
2026-08-04T19:20:47.036Z - GET /components/NewsletterPopup.tsx
2026-08-04T19:20:47.037Z - GET /src/admin/Users.tsx
2026-08-04T19:20:47.038Z - GET /src/admin/News.tsx
2026-08-04T19:20:47.040Z - GET /components/SocialFollowerIcon.tsx
2026-08-04T19:20:47.041Z - GET /src/admin/Subscribers.tsx
2026-08-04T19:20:47.042Z - GET /src/admin/Settings.tsx
2026-08-04T19:20:47.043Z - GET /pages/News.tsx
2026-08-04T19:20:47.044Z - GET /pages/Socials.tsx
2026-08-04T19:20:47.045Z - GET /src/admin/Creators.tsx
2026-08-04T19:20:47.047Z - GET /src/admin/Leadership.tsx
2026-08-04T19:20:47.049Z - GET /src/admin/LoginPage.tsx
2026-08-04T19:20:47.051Z - GET /pages/Information.tsx
2026-08-04T19:20:47.053Z - GET /pages/JobDetail.tsx
2026-08-04T19:20:47.055Z - GET /src/admin/Teams.tsx
2026-08-04T19:20:47.056Z - GET /components/GlobalSearch.tsx
2026-08-04T19:20:47.057Z - GET /pages/EventDetail.tsx
2026-08-04T19:20:47.059Z - GET /constants.tsx
2026-08-04T19:20:47.060Z - GET /src/admin/Dashboard.tsx
2026-08-04T19:20:47.061Z - GET /pages/PlayerProfile.tsx
2026-08-04T19:20:47.062Z - GET /src/admin/Jobs.tsx
2026-08-04T19:20:47.063Z - GET /pages/Home.tsx
2026-08-04T19:20:47.064Z - GET /src/admin/Gallery.tsx
2026-08-04T19:20:47.065Z - GET /pages/About.tsx
2026-08-04T19:20:47.066Z - GET /pages/NewsDetail.tsx
2026-08-04T19:20:47.067Z - GET /src/admin/Schedule.tsx
2026-08-04T19:20:47.068Z - GET /src/admin/AdminLayout.tsx
2026-08-04T19:20:47.117Z - GET /components/Breadcrumbs.tsx
2026-08-04T19:20:47.118Z - GET /components/ui/ArenaButton.tsx
2026-08-04T19:20:47.121Z - GET /components/SEOMeta.tsx
2026-08-04T19:20:47.125Z - GET /src/lib/firebase.ts
2026-08-04T19:20:47.127Z - GET /src/utils/json.ts
2026-08-04T19:20:47.129Z - GET /src/components/ImageUploader.tsx
2026-08-04T19:20:47.130Z - GET /src/admin/components/Toast.tsx
2026-08-04T19:20:47.132Z - GET /src/components/ConfirmDeleteModal.tsx
2026-08-04T19:20:47.135Z - GET /src/admin/components/FormRepeater.tsx
2026-08-04T19:20:47.136Z - GET /src/admin/components/FormSection.tsx
2026-08-04T19:20:47.202Z - GET /firebase-applet-config.json?import
2026-08-04T19:20:47.293Z - GET /assets/Gk%20Logo.png
2026-08-04T19:20:56.652Z - GET /
2026-08-04T19:20:56.746Z - GET /@vite/client
2026-08-04T19:20:56.749Z - GET /index.tsx
2026-08-04T19:20:56.770Z - GET /@react-refresh
2026-08-04T19:20:56.923Z - GET /node_modules/vite/dist/client/env.mjs
2026-08-04T19:20:56.924Z - GET /App.tsx
2026-08-04T19:20:57.007Z - GET /pages/Home.tsx
2026-08-04T19:20:57.010Z - GET /pages/Teams.tsx
2026-08-04T19:20:57.012Z - GET /pages/Schedule.tsx
2026-08-04T19:20:57.025Z - GET /pages/News.tsx
2026-08-04T19:20:57.026Z - GET /components/SocialFollowerIcon.tsx
2026-08-04T19:20:57.028Z - GET /pages/NewsDetail.tsx
2026-08-04T19:20:57.030Z - GET /pages/EventDetail.tsx
2026-08-04T19:20:57.031Z - GET /src/admin/Subscribers.tsx
2026-08-04T19:20:57.033Z - GET /src/admin/Teams.tsx
2026-08-04T19:20:57.035Z - GET /src/admin/AdminLayout.tsx
2026-08-04T19:20:57.037Z - GET /pages/About.tsx
2026-08-04T19:20:57.040Z - GET /src/admin/Gallery.tsx
2026-08-04T19:20:57.044Z - GET /src/admin/Dashboard.tsx
2026-08-04T19:20:57.047Z - GET /src/admin/Users.tsx
2026-08-04T19:20:57.049Z - GET /src/admin/News.tsx
2026-08-04T19:20:57.051Z - GET /src/admin/Schedule.tsx
2026-08-04T19:20:57.053Z - GET /pages/Careers.tsx
2026-08-04T19:20:57.054Z - GET /src/admin/Jobs.tsx
2026-08-04T19:20:57.055Z - GET /src/admin/Settings.tsx
2026-08-04T19:20:57.056Z - GET /pages/Information.tsx
2026-08-04T19:20:57.058Z - GET /constants.tsx
2026-08-04T19:20:57.060Z - GET /src/admin/Leadership.tsx
2026-08-04T19:20:57.061Z - GET /pages/Socials.tsx
2026-08-04T19:20:57.063Z - GET /pages/JobDetail.tsx
2026-08-04T19:20:57.067Z - GET /src/admin/LoginPage.tsx
2026-08-04T19:20:57.068Z - GET /components/NewsletterPopup.tsx
2026-08-04T19:20:57.070Z - GET /components/GlobalSearch.tsx
2026-08-04T19:20:57.071Z - GET /src/admin/Creators.tsx
2026-08-04T19:20:57.073Z - GET /pages/PlayerProfile.tsx
2026-08-04T19:20:57.088Z - GET /components/Breadcrumbs.tsx
2026-08-04T19:20:57.089Z - GET /components/ui/ArenaButton.tsx
2026-08-04T19:20:57.090Z - GET /components/SEOMeta.tsx
2026-08-04T19:20:57.093Z - GET /src/utils/json.ts
2026-08-04T19:20:57.108Z - GET /src/components/ConfirmDeleteModal.tsx
2026-08-04T19:20:57.112Z - GET /src/lib/firebase.ts
2026-08-04T19:20:57.115Z - GET /src/components/ImageUploader.tsx
2026-08-04T19:20:57.116Z - GET /src/admin/components/FormSection.tsx
2026-08-04T19:20:57.118Z - GET /src/admin/components/Toast.tsx
2026-08-04T19:20:57.119Z - GET /src/admin/components/FormRepeater.tsx
2026-08-04T19:20:57.190Z - GET /firebase-applet-config.json?import
2026-08-04T19:20:57.289Z - GET /assets/Gk%20Logo.png
2026-08-04T19:20:57.324Z - GET /api/stats
2026-08-04T19:20:57.327Z - GET /api/health
2026-08-04T19:20:57.406Z - GET /api/health
2026-08-04T19:20:58.944Z - GET /api/activity
2026-08-04T19:20:58.946Z - GET /api/stats
2026-08-04T19:21:00.456Z - GET /api/teams
2026-08-04T19:21:00.707Z - GET /api/teams
2026-08-04T19:21:01.046Z - GET /api/activity
2026-08-04T19:21:02.206Z - GET /api/teams/4/players
2026-08-04T19:21:03.793Z - GET /api/teams/5/players
2026-08-04T19:21:06.118Z - DELETE /api/teams/4
2026-08-04T19:21:06.810Z - GET /api/teams
2026-08-04T19:21:09.506Z - DELETE /api/players/9
2026-08-04T19:21:10.140Z - GET /api/teams/5/players
2026-08-04T19:21:22.041Z - PUT /api/players/11
2026-08-04T19:21:24.344Z - GET /api/teams/5/players
2026-08-04T19:21:29.311Z - GET /careers/xfgh
2026-08-04T19:21:29.415Z - GET /@vite/client
2026-08-04T19:21:29.419Z - GET /@react-refresh
2026-08-04T19:21:29.421Z - GET /index.tsx
2026-08-04T19:21:29.574Z - GET /node_modules/vite/dist/client/env.mjs
2026-08-04T19:21:29.578Z - GET /App.tsx
2026-08-04T19:21:29.681Z - GET /pages/NewsDetail.tsx
2026-08-04T19:21:29.682Z - GET /src/admin/Subscribers.tsx
2026-08-04T19:21:29.684Z - GET /components/SocialFollowerIcon.tsx
2026-08-04T19:21:29.685Z - GET /src/admin/Users.tsx
2026-08-04T19:21:29.686Z - GET /src/admin/LoginPage.tsx
2026-08-04T19:21:29.688Z - GET /src/admin/Gallery.tsx
2026-08-04T19:21:29.689Z - GET /src/admin/Jobs.tsx
2026-08-04T19:21:29.692Z - GET /src/admin/Schedule.tsx
2026-08-04T19:21:29.693Z - GET /src/admin/Creators.tsx
2026-08-04T19:21:29.694Z - GET /src/admin/Leadership.tsx
2026-08-04T19:21:29.695Z - GET /src/admin/Dashboard.tsx
2026-08-04T19:21:29.696Z - GET /src/admin/Settings.tsx
2026-08-04T19:21:29.699Z - GET /pages/PlayerProfile.tsx
2026-08-04T19:21:29.700Z - GET /pages/JobDetail.tsx
2026-08-04T19:21:29.702Z - GET /src/admin/Teams.tsx
2026-08-04T19:21:29.704Z - GET /pages/Careers.tsx
2026-08-04T19:21:29.705Z - GET /src/admin/News.tsx
2026-08-04T19:21:29.707Z - GET /constants.tsx
2026-08-04T19:21:29.709Z - GET /pages/Information.tsx
2026-08-04T19:21:29.711Z - GET /pages/Home.tsx
2026-08-04T19:21:29.712Z - GET /pages/Schedule.tsx
2026-08-04T19:21:29.715Z - GET /src/admin/AdminLayout.tsx
2026-08-04T19:21:29.720Z - GET /pages/About.tsx
2026-08-04T19:21:29.722Z - GET /pages/EventDetail.tsx
2026-08-04T19:21:29.724Z - GET /components/GlobalSearch.tsx
2026-08-04T19:21:29.725Z - GET /pages/Teams.tsx
2026-08-04T19:21:29.727Z - GET /pages/News.tsx
2026-08-04T19:21:29.729Z - GET /components/NewsletterPopup.tsx
2026-08-04T19:21:29.732Z - GET /pages/Socials.tsx
2026-08-04T19:21:29.764Z - GET /src/lib/firebase.ts
2026-08-04T19:21:29.766Z - GET /components/ui/ArenaButton.tsx
2026-08-04T19:21:29.767Z - GET /components/SEOMeta.tsx
2026-08-04T19:21:29.768Z - GET /components/Breadcrumbs.tsx
2026-08-04T19:21:29.769Z - GET /src/components/ConfirmDeleteModal.tsx
2026-08-04T19:21:29.782Z - GET /src/admin/components/Toast.tsx
2026-08-04T19:21:29.785Z - GET /src/utils/json.ts
2026-08-04T19:21:29.786Z - GET /src/components/ImageUploader.tsx
2026-08-04T19:21:29.788Z - GET /src/admin/components/FormRepeater.tsx
2026-08-04T19:21:29.789Z - GET /src/admin/components/FormSection.tsx
2026-08-04T19:21:29.894Z - GET /firebase-applet-config.json?import
2026-08-04T19:21:30.000Z - GET /assets/Gk%20Logo.png
2026-08-04T19:21:30.009Z - GET /api/teams
2026-08-04T19:21:30.258Z - GET /api/teams
2026-08-04T19:21:30.487Z - GET /api/teams/5/players
2026-08-04T19:21:56.127Z - PUT /api/players/11
2026-08-04T19:21:59.401Z - GET /api/teams/5/players
2026-08-04T19:21:59.501Z - GET /careers/xfgh
2026-08-04T19:21:59.603Z - GET /@vite/client
2026-08-04T19:21:59.605Z - GET /@react-refresh
2026-08-04T19:21:59.607Z - GET /index.tsx
2026-08-04T19:21:59.756Z - GET /node_modules/vite/dist/client/env.mjs
2026-08-04T19:21:59.760Z - GET /App.tsx
2026-08-04T19:21:59.874Z - GET /pages/JobDetail.tsx
2026-08-04T19:21:59.877Z - GET /pages/About.tsx
2026-08-04T19:21:59.879Z - GET /pages/Information.tsx
2026-08-04T19:21:59.879Z - GET /pages/Home.tsx
2026-08-04T19:21:59.880Z - GET /pages/Teams.tsx
2026-08-04T19:21:59.882Z - GET /pages/Schedule.tsx
2026-08-04T19:21:59.884Z - GET /pages/News.tsx
2026-08-04T19:21:59.886Z - GET /pages/PlayerProfile.tsx
2026-08-04T19:21:59.888Z - GET /src/admin/Settings.tsx
2026-08-04T19:21:59.889Z - GET /pages/EventDetail.tsx
2026-08-04T19:21:59.891Z - GET /src/admin/News.tsx
2026-08-04T19:21:59.892Z - GET /src/admin/AdminLayout.tsx
2026-08-04T19:21:59.894Z - GET /pages/Socials.tsx
2026-08-04T19:21:59.896Z - GET /src/admin/Dashboard.tsx
2026-08-04T19:21:59.897Z - GET /src/admin/Leadership.tsx
2026-08-04T19:21:59.898Z - GET /src/admin/Subscribers.tsx
2026-08-04T19:21:59.899Z - GET /components/SocialFollowerIcon.tsx
2026-08-04T19:21:59.901Z - GET /src/admin/Jobs.tsx
2026-08-04T19:21:59.902Z - GET /components/NewsletterPopup.tsx
2026-08-04T19:21:59.904Z - GET /src/admin/Schedule.tsx
2026-08-04T19:21:59.905Z - GET /src/admin/LoginPage.tsx
2026-08-04T19:21:59.906Z - GET /pages/NewsDetail.tsx
2026-08-04T19:21:59.907Z - GET /src/admin/Users.tsx
2026-08-04T19:21:59.908Z - GET /components/GlobalSearch.tsx
2026-08-04T19:21:59.909Z - GET /src/admin/Teams.tsx
2026-08-04T19:21:59.911Z - GET /src/admin/Gallery.tsx
2026-08-04T19:21:59.912Z - GET /constants.tsx
2026-08-04T19:21:59.913Z - GET /src/admin/Creators.tsx
2026-08-04T19:21:59.914Z - GET /pages/Careers.tsx
2026-08-04T19:21:59.954Z - GET /components/ui/ArenaButton.tsx
2026-08-04T19:21:59.956Z - GET /components/Breadcrumbs.tsx
2026-08-04T19:21:59.958Z - GET /components/SEOMeta.tsx
2026-08-04T19:21:59.959Z - GET /src/utils/json.ts
2026-08-04T19:21:59.969Z - GET /src/lib/firebase.ts
2026-08-04T19:21:59.970Z - GET /src/components/ImageUploader.tsx
2026-08-04T19:21:59.972Z - GET /src/components/ConfirmDeleteModal.tsx
2026-08-04T19:21:59.974Z - GET /src/admin/components/Toast.tsx
2026-08-04T19:21:59.984Z - GET /src/admin/components/FormRepeater.tsx
2026-08-04T19:21:59.986Z - GET /src/admin/components/FormSection.tsx
2026-08-04T19:22:00.045Z - GET /firebase-applet-config.json?import
2026-08-04T19:22:00.143Z - GET /assets/Gk%20Logo.png
2026-08-04T19:22:00.183Z - GET /api/teams
2026-08-04T19:22:00.401Z - GET /api/teams
2026-08-04T19:22:00.623Z - GET /api/teams/5/players
2026-08-04T19:22:04.963Z - GET /careers/xfgh
2026-08-04T19:22:05.055Z - GET /index.tsx
2026-08-04T19:22:05.058Z - GET /@vite/client
2026-08-04T19:22:05.061Z - GET /@react-refresh
2026-08-04T19:22:05.165Z - GET /App.tsx
2026-08-04T19:22:05.179Z - GET /node_modules/vite/dist/client/env.mjs
2026-08-04T19:22:05.266Z - GET /pages/Socials.tsx
2026-08-04T19:22:05.268Z - GET /src/admin/Gallery.tsx
2026-08-04T19:22:05.269Z - GET /src/admin/Users.tsx
2026-08-04T19:22:05.273Z - GET /pages/Careers.tsx
2026-08-04T19:22:05.274Z - GET /src/admin/Creators.tsx
2026-08-04T19:22:05.276Z - GET /src/admin/Settings.tsx
2026-08-04T19:22:05.277Z - GET /src/admin/Schedule.tsx
2026-08-04T19:22:05.280Z - GET /src/admin/LoginPage.tsx
2026-08-04T19:22:05.281Z - GET /src/admin/Teams.tsx
2026-08-04T19:22:05.283Z - GET /pages/Schedule.tsx
2026-08-04T19:22:05.284Z - GET /pages/PlayerProfile.tsx
2026-08-04T19:22:05.285Z - GET /pages/Teams.tsx
2026-08-04T19:22:05.286Z - GET /src/admin/Leadership.tsx
2026-08-04T19:22:05.288Z - GET /src/admin/AdminLayout.tsx
2026-08-04T19:22:05.289Z - GET /pages/EventDetail.tsx
2026-08-04T19:22:05.290Z - GET /src/admin/Jobs.tsx
2026-08-04T19:22:05.291Z - GET /src/admin/Dashboard.tsx
2026-08-04T19:22:05.292Z - GET /pages/News.tsx
2026-08-04T19:22:05.294Z - GET /pages/About.tsx
2026-08-04T19:22:05.295Z - GET /pages/Information.tsx
2026-08-04T19:22:05.296Z - GET /pages/NewsDetail.tsx
2026-08-04T19:22:05.297Z - GET /pages/Home.tsx
2026-08-04T19:22:05.299Z - GET /components/NewsletterPopup.tsx
2026-08-04T19:22:05.301Z - GET /pages/JobDetail.tsx
2026-08-04T19:22:05.302Z - GET /src/admin/Subscribers.tsx
2026-08-04T19:22:05.303Z - GET /components/GlobalSearch.tsx
2026-08-04T19:22:05.305Z - GET /src/admin/News.tsx
2026-08-04T19:22:05.306Z - GET /components/SocialFollowerIcon.tsx
2026-08-04T19:22:05.307Z - GET /constants.tsx
2026-08-04T19:22:05.347Z - GET /components/ui/ArenaButton.tsx
2026-08-04T19:22:05.349Z - GET /src/components/ImageUploader.tsx
2026-08-04T19:22:05.351Z - GET /src/admin/components/Toast.tsx
2026-08-04T19:22:05.352Z - GET /src/components/ConfirmDeleteModal.tsx
2026-08-04T19:22:05.353Z - GET /components/SEOMeta.tsx
2026-08-04T19:22:05.354Z - GET /src/utils/json.ts
2026-08-04T19:22:05.356Z - GET /components/Breadcrumbs.tsx
2026-08-04T19:22:05.358Z - GET /src/admin/components/FormSection.tsx
2026-08-04T19:22:05.361Z - GET /src/admin/components/FormRepeater.tsx
2026-08-04T19:22:05.362Z - GET /src/lib/firebase.ts
2026-08-04T19:22:05.439Z - GET /firebase-applet-config.json?import
2026-08-04T19:22:05.524Z - GET /assets/Gk%20Logo.png
2026-08-04T19:22:05.543Z - GET /api/teams
2026-08-04T19:22:06.058Z - GET /api/teams
2026-08-04T19:22:06.542Z - GET /api/teams/5/players
2026-08-05T13:55:22.954Z - GET /api/teams
2026-08-05T13:55:25.960Z - GET /api/news
2026-08-06T05:37:59.361Z - GET /
2026-08-06T05:38:00.821Z - GET /
2026-08-06T05:38:01.334Z - GET /index.tsx
2026-08-06T05:38:01.335Z - GET /@vite/client
2026-08-06T05:38:01.338Z - GET /@react-refresh
2026-08-06T05:38:01.558Z - GET /App.tsx
2026-08-06T05:38:01.563Z - GET /node_modules/.vite/deps/react_jsx-dev-runtime.js?v=4981bf84
2026-08-06T05:38:02.551Z - GET /node_modules/vite/dist/client/env.mjs
2026-08-06T05:38:02.554Z - GET /node_modules/.vite/deps/react-dom_client.js?v=4027e490
2026-08-06T05:38:02.555Z - GET /node_modules/.vite/deps/react.js?v=4981bf84
2026-08-06T05:38:02.555Z - GET /node_modules/.vite/deps/framer-motion.js?v=e25fe173
2026-08-06T05:38:02.556Z - GET /node_modules/.vite/deps/react-router-dom.js?v=e4768d2c
2026-08-06T05:38:02.557Z - GET /node_modules/.vite/deps/lucide-react.js?v=b112a9f2
2026-08-06T05:38:02.557Z - GET /pages/Teams.tsx
2026-08-06T05:38:02.558Z - GET /pages/Schedule.tsx
2026-08-06T05:38:02.558Z - GET /pages/Home.tsx
2026-08-06T05:38:02.559Z - GET /pages/PlayerProfile.tsx
2026-08-06T05:38:02.559Z - GET /pages/About.tsx
2026-08-06T05:38:02.560Z - GET /src/admin/Subscribers.tsx
2026-08-06T05:38:02.561Z - GET /src/admin/Jobs.tsx
2026-08-06T05:38:02.561Z - GET /src/admin/Dashboard.tsx
2026-08-06T05:38:02.562Z - GET /src/admin/News.tsx
2026-08-06T05:38:02.562Z - GET /pages/NewsDetail.tsx
2026-08-06T05:38:02.563Z - GET /pages/Socials.tsx
2026-08-06T05:38:02.563Z - GET /src/admin/Schedule.tsx
2026-08-06T05:38:02.564Z - GET /pages/EventDetail.tsx
2026-08-06T05:38:02.617Z - GET /src/admin/Settings.tsx
2026-08-06T05:38:02.624Z - GET /src/admin/Gallery.tsx
2026-08-06T05:38:02.665Z - GET /src/admin/Teams.tsx
2026-08-06T05:38:02.755Z - GET /pages/JobDetail.tsx
2026-08-06T05:38:02.779Z - GET /src/admin/LoginPage.tsx
2026-08-06T05:38:02.815Z - GET /pages/Information.tsx
2026-08-06T05:38:02.824Z - GET /pages/News.tsx
2026-08-06T05:38:02.829Z - GET /src/admin/Users.tsx
2026-08-06T05:38:02.832Z - GET /components/NewsletterPopup.tsx
2026-08-06T05:38:02.834Z - GET /pages/Careers.tsx
2026-08-06T05:38:02.836Z - GET /constants.tsx
2026-08-06T05:38:02.838Z - GET /components/GlobalSearch.tsx
2026-08-06T05:38:02.839Z - GET /src/admin/AdminLayout.tsx
2026-08-06T05:38:02.841Z - GET /src/admin/Leadership.tsx
2026-08-06T05:38:02.843Z - GET /components/SocialFollowerIcon.tsx
2026-08-06T05:38:02.844Z - GET /src/admin/Creators.tsx
2026-08-06T05:38:02.848Z - GET /components/Breadcrumbs.tsx
2026-08-06T05:38:02.849Z - GET /src/utils/json.ts
2026-08-06T05:38:02.851Z - GET /components/SEOMeta.tsx
2026-08-06T05:38:02.854Z - GET /src/admin/components/Toast.tsx
2026-08-06T05:38:02.856Z - GET /src/components/ImageUploader.tsx
2026-08-06T05:38:02.857Z - GET /src/components/ConfirmDeleteModal.tsx
2026-08-06T05:38:02.859Z - GET /components/ui/ArenaButton.tsx
2026-08-06T05:38:02.861Z - GET /node_modules/.vite/deps/xlsx.js?v=66bf74c5
2026-08-06T05:38:02.862Z - GET /src/admin/components/FormRepeater.tsx
2026-08-06T05:38:02.863Z - GET /src/admin/components/FormSection.tsx
2026-08-06T05:38:02.864Z - GET /node_modules/.vite/deps/firebase_firestore.js?v=740f854c
2026-08-06T05:38:02.873Z - GET /src/lib/firebase.ts
2026-08-06T05:38:02.878Z - GET /node_modules/.vite/deps/firebase_auth.js?v=ec070e2d
2026-08-06T05:38:02.981Z - GET /node_modules/.vite/deps/firebase_app.js?v=d7ddb62f
2026-08-06T05:38:02.990Z - GET /firebase-applet-config.json?import
2026-08-06T05:38:02.991Z - GET /node_modules/.vite/deps/chunk-GHX6QOSA.js?v=e0ef2ab9
2026-08-06T05:38:02.992Z - GET /node_modules/.vite/deps/chunk-2GTGKKMZ.js?v=e0ef2ab9
2026-08-06T05:38:02.992Z - GET /node_modules/.vite/deps/chunk-V5LT2MCF.js?v=e0ef2ab9
2026-08-06T05:38:03.030Z - GET /node_modules/.vite/deps/chunk-CCHYV7MY.js?v=e0ef2ab9
2026-08-06T05:38:03.234Z - GET /assets/Gk%20Logo.png
2026-08-06T05:38:03.241Z - GET /assets/mat.png
2026-08-06T05:38:03.243Z - GET /assets/mouse.png
2026-08-06T05:38:03.244Z - GET /assets/jearsy.png
2026-08-06T05:38:03.246Z - GET /assets/bag.png
2026-08-06T05:38:03.250Z - GET /assets/frame.png
2026-08-06T06:43:52.457Z - GET /assets/Jorhdys.png
2026-08-06T06:43:52.460Z - GET /api/creators
2026-08-06T06:43:52.476Z - GET /assets/Breezi.png
2026-08-06T06:43:52.478Z - GET /assets/NO%20PHOTO.png
2026-08-06T06:43:52.481Z - GET /api/teams
2026-08-06T06:43:53.780Z - GET /api/teams
2026-08-06T06:43:53.783Z - GET /api/creators
2026-08-06T06:43:54.003Z - GET /api/teams/2/players
2026-08-06T06:43:54.005Z - GET /api/teams/5/players
2026-08-06T06:43:54.036Z - GET /api/teams/3/players
2026-08-06T06:43:54.039Z - GET /api/teams/1/players
2026-08-06T06:43:59.053Z - GET /
2026-08-06T06:43:59.183Z - GET /index.tsx
2026-08-06T06:43:59.184Z - GET /@vite/client
2026-08-06T06:43:59.185Z - GET /@react-refresh
2026-08-06T06:43:59.350Z - GET /App.tsx
2026-08-06T06:43:59.352Z - GET /node_modules/vite/dist/client/env.mjs
2026-08-06T06:43:59.430Z - GET /pages/Home.tsx
2026-08-06T06:43:59.434Z - GET /pages/Schedule.tsx
2026-08-06T06:43:59.445Z - GET /pages/Socials.tsx
2026-08-06T06:43:59.446Z - GET /pages/PlayerProfile.tsx
2026-08-06T06:43:59.450Z - GET /src/admin/Settings.tsx
2026-08-06T06:43:59.451Z - GET /pages/About.tsx
2026-08-06T06:43:59.454Z - GET /src/admin/Schedule.tsx
2026-08-06T06:43:59.457Z - GET /src/admin/Leadership.tsx
2026-08-06T06:43:59.458Z - GET /pages/Teams.tsx
2026-08-06T06:43:59.459Z - GET /pages/News.tsx
2026-08-06T06:43:59.460Z - GET /src/admin/News.tsx
2026-08-06T06:43:59.462Z - GET /pages/JobDetail.tsx
2026-08-06T06:43:59.463Z - GET /src/admin/Subscribers.tsx
2026-08-06T06:43:59.465Z - GET /pages/NewsDetail.tsx
2026-08-06T06:43:59.466Z - GET /pages/Careers.tsx
2026-08-06T06:43:59.468Z - GET /src/admin/Creators.tsx
2026-08-06T06:43:59.471Z - GET /pages/EventDetail.tsx
2026-08-06T06:43:59.474Z - GET /src/admin/Gallery.tsx
2026-08-06T06:43:59.476Z - GET /src/admin/Teams.tsx
2026-08-06T06:43:59.477Z - GET /pages/Information.tsx
2026-08-06T06:43:59.479Z - GET /src/admin/AdminLayout.tsx
2026-08-06T06:43:59.480Z - GET /src/admin/LoginPage.tsx
2026-08-06T06:43:59.482Z - GET /src/admin/Jobs.tsx
2026-08-06T06:43:59.484Z - GET /components/NewsletterPopup.tsx
2026-08-06T06:43:59.486Z - GET /components/SocialFollowerIcon.tsx
2026-08-06T06:43:59.488Z - GET /constants.tsx
2026-08-06T06:43:59.491Z - GET /src/admin/Users.tsx
2026-08-06T06:43:59.493Z - GET /components/GlobalSearch.tsx
2026-08-06T06:43:59.508Z - GET /components/ui/ArenaButton.tsx
2026-08-06T06:43:59.511Z - GET /src/utils/json.ts
2026-08-06T06:43:59.513Z - GET /components/Breadcrumbs.tsx
2026-08-06T06:43:59.514Z - GET /components/SEOMeta.tsx
2026-08-06T06:43:59.517Z - GET /src/admin/Dashboard.tsx
2026-08-06T06:43:59.543Z - GET /src/admin/components/FormRepeater.tsx
2026-08-06T06:43:59.545Z - GET /src/components/ConfirmDeleteModal.tsx
2026-08-06T06:43:59.546Z - GET /src/admin/components/FormSection.tsx
2026-08-06T06:43:59.549Z - GET /src/admin/components/Toast.tsx
2026-08-06T06:43:59.550Z - GET /src/components/ImageUploader.tsx
2026-08-06T06:43:59.551Z - GET /src/lib/firebase.ts
2026-08-06T06:43:59.626Z - GET /firebase-applet-config.json?import
2026-08-06T06:43:59.737Z - GET /assets/Gk%20Logo.png
2026-08-06T06:43:59.917Z - GET /api/health
2026-08-06T06:43:59.920Z - GET /api/stats
2026-08-06T06:43:59.992Z - GET /api/health
2026-08-06T06:44:01.660Z - GET /api/teams
2026-08-06T06:44:01.904Z - GET /api/teams
2026-08-06T06:44:02.004Z - GET /api/stats
2026-08-06T06:44:02.007Z - GET /api/activity
2026-08-06T06:44:03.383Z - GET /api/teams/5/players
2026-08-06T06:44:03.549Z - GET /api/activity
2026-08-06T06:44:13.517Z - POST /api/upload
2026-08-06T06:44:41.633Z - POST /api/upload
2026-08-06T06:44:47.820Z - POST /api/upload
2026-08-06T06:44:52.087Z - PUT /api/players/11
2026-08-06T06:44:53.035Z - GET /api/teams/5/players
2026-08-06T06:44:55.741Z - GET /careers/xfgh
2026-08-06T06:44:55.851Z - GET /index.tsx
2026-08-06T06:44:55.852Z - GET /@vite/client
2026-08-06T06:44:55.854Z - GET /@react-refresh
2026-08-06T06:44:56.025Z - GET /node_modules/.vite/deps/react_jsx-dev-runtime.js?v=4981bf84
2026-08-06T06:44:56.026Z - GET /node_modules/vite/dist/client/env.mjs
2026-08-06T06:44:56.028Z - GET /node_modules/.vite/deps/react-dom_client.js?v=4027e490
2026-08-06T06:44:56.029Z - GET /node_modules/.vite/deps/react.js?v=4981bf84
2026-08-06T06:44:56.049Z - GET /App.tsx
2026-08-06T06:44:56.133Z - GET /node_modules/.vite/deps/chunk-2GTGKKMZ.js?v=e0ef2ab9
2026-08-06T06:44:56.135Z - GET /node_modules/.vite/deps/chunk-GHX6QOSA.js?v=e0ef2ab9
2026-08-06T06:44:56.136Z - GET /node_modules/.vite/deps/chunk-V5LT2MCF.js?v=e0ef2ab9
2026-08-06T06:44:56.150Z - GET /node_modules/.vite/deps/react-router-dom.js?v=e4768d2c
2026-08-06T06:44:56.161Z - GET /node_modules/.vite/deps/framer-motion.js?v=e25fe173
2026-08-06T06:44:56.163Z - GET /node_modules/.vite/deps/lucide-react.js?v=b112a9f2
2026-08-06T06:44:56.178Z - GET /src/admin/LoginPage.tsx
2026-08-06T06:44:56.186Z - GET /src/admin/Creators.tsx
2026-08-06T06:44:56.189Z - GET /src/admin/Dashboard.tsx
2026-08-06T06:44:56.190Z - GET /pages/Careers.tsx
2026-08-06T06:44:56.193Z - GET /pages/About.tsx
2026-08-06T06:44:56.196Z - GET /pages/Information.tsx
2026-08-06T06:44:56.198Z - GET /pages/JobDetail.tsx
2026-08-06T06:44:56.201Z - GET /src/admin/Teams.tsx
2026-08-06T06:44:56.208Z - GET /pages/Schedule.tsx
2026-08-06T06:44:56.211Z - GET /pages/Home.tsx
2026-08-06T06:44:56.216Z - GET /pages/Teams.tsx
2026-08-06T06:44:56.220Z - GET /constants.tsx
2026-08-06T06:44:56.221Z - GET /pages/EventDetail.tsx
2026-08-06T06:44:56.226Z - GET /components/SocialFollowerIcon.tsx
2026-08-06T06:44:56.227Z - GET /pages/Socials.tsx
2026-08-06T06:44:56.231Z - GET /pages/News.tsx
2026-08-06T06:44:56.233Z - GET /src/admin/Leadership.tsx
2026-08-06T06:44:56.234Z - GET /src/admin/Settings.tsx
2026-08-06T06:44:56.237Z - GET /src/admin/Users.tsx
2026-08-06T06:44:56.239Z - GET /src/admin/Subscribers.tsx
2026-08-06T06:44:56.241Z - GET /pages/PlayerProfile.tsx
2026-08-06T06:44:56.246Z - GET /components/GlobalSearch.tsx
2026-08-06T06:44:56.248Z - GET /src/admin/Jobs.tsx
2026-08-06T06:44:56.251Z - GET /components/NewsletterPopup.tsx
2026-08-06T06:44:56.252Z - GET /src/admin/News.tsx
2026-08-06T06:44:56.257Z - GET /pages/NewsDetail.tsx
2026-08-06T06:44:56.258Z - GET /src/admin/Schedule.tsx
2026-08-06T06:44:56.262Z - GET /src/admin/Gallery.tsx
2026-08-06T06:44:56.407Z - GET /components/ui/ArenaButton.tsx
2026-08-06T06:44:56.409Z - GET /src/lib/firebase.ts
2026-08-06T06:44:56.411Z - GET /node_modules/.vite/deps/firebase_auth.js?v=ec070e2d
2026-08-06T06:44:56.426Z - GET /components/SEOMeta.tsx
2026-08-06T06:44:56.428Z - GET /src/utils/json.ts
2026-08-06T06:44:56.430Z - GET /src/admin/AdminLayout.tsx
2026-08-06T06:44:56.432Z - GET /components/Breadcrumbs.tsx
2026-08-06T06:44:56.438Z - GET /src/components/ImageUploader.tsx
2026-08-06T06:44:56.442Z - GET /src/components/ConfirmDeleteModal.tsx
2026-08-06T06:44:56.443Z - GET /node_modules/.vite/deps/firebase_firestore.js?v=740f854c
2026-08-06T06:44:56.447Z - GET /node_modules/.vite/deps/xlsx.js?v=66bf74c5
2026-08-06T06:44:56.455Z - GET /src/admin/components/Toast.tsx
2026-08-06T06:44:56.478Z - GET /src/admin/components/FormSection.tsx
2026-08-06T06:44:56.480Z - GET /src/admin/components/FormRepeater.tsx
2026-08-06T06:44:56.497Z - GET /firebase-applet-config.json?import
2026-08-06T06:44:56.499Z - GET /node_modules/.vite/deps/firebase_app.js?v=d7ddb62f
2026-08-06T06:44:56.507Z - GET /node_modules/.vite/deps/chunk-CCHYV7MY.js?v=e0ef2ab9
2026-08-06T06:44:56.614Z - GET /assets/Gk%20Logo.png
2026-08-06T06:44:56.634Z - GET /api/teams
2026-08-06T06:44:56.873Z - GET /api/teams
2026-08-06T06:44:57.098Z - GET /api/teams/1/players
2026-08-06T06:44:57.101Z - GET /api/teams/5/players
2026-08-06T06:44:57.105Z - GET /api/teams/3/players
2026-08-06T06:44:57.108Z - GET /api/teams/2/players
2026-08-06T06:45:00.657Z - GET /assets/NO%20PHOTO.png
2026-08-06T06:45:00.660Z - GET /assets/Breezi.png
2026-08-06T06:45:00.662Z - GET /assets/Jorhdys.png
2026-08-06T06:45:00.681Z - GET /api/teams
2026-08-06T06:45:00.682Z - GET /api/creators
2026-08-06T06:45:00.902Z - GET /api/creators
2026-08-06T06:45:00.905Z - GET /api/teams
2026-08-06T06:45:01.182Z - GET /api/teams/5/players
2026-08-06T06:45:01.185Z - GET /api/teams/2/players
2026-08-06T06:45:01.186Z - GET /api/teams/1/players
2026-08-06T06:45:01.188Z - GET /api/teams/3/players
2026-08-06T06:45:02.264Z - GET /careers/xfgh
2026-08-06T06:45:02.362Z - GET /index.tsx
2026-08-06T06:45:02.364Z - GET /@react-refresh
2026-08-06T06:45:02.366Z - GET /@vite/client
2026-08-06T06:45:02.528Z - GET /App.tsx
2026-08-06T06:45:02.529Z - GET /node_modules/vite/dist/client/env.mjs
2026-08-06T06:45:02.607Z - GET /pages/Home.tsx
2026-08-06T06:45:02.609Z - GET /pages/Teams.tsx
2026-08-06T06:45:02.610Z - GET /pages/Schedule.tsx
2026-08-06T06:45:02.628Z - GET /pages/About.tsx
2026-08-06T06:45:02.630Z - GET /pages/Information.tsx
2026-08-06T06:45:02.632Z - GET /pages/Careers.tsx
2026-08-06T06:45:02.634Z - GET /pages/EventDetail.tsx
2026-08-06T06:45:02.637Z - GET /pages/JobDetail.tsx
2026-08-06T06:45:02.640Z - GET /pages/News.tsx
2026-08-06T06:45:02.641Z - GET /pages/Socials.tsx
2026-08-06T06:45:02.643Z - GET /src/admin/Dashboard.tsx
2026-08-06T06:45:02.645Z - GET /src/admin/Subscribers.tsx
2026-08-06T06:45:02.647Z - GET /components/NewsletterPopup.tsx
2026-08-06T06:45:02.648Z - GET /src/admin/Schedule.tsx
2026-08-06T06:45:02.650Z - GET /pages/NewsDetail.tsx
2026-08-06T06:45:02.651Z - GET /pages/PlayerProfile.tsx
2026-08-06T06:45:02.652Z - GET /components/SocialFollowerIcon.tsx
2026-08-06T06:45:02.653Z - GET /src/admin/Gallery.tsx
2026-08-06T06:45:02.655Z - GET /src/admin/Creators.tsx
2026-08-06T06:45:02.656Z - GET /src/admin/News.tsx
2026-08-06T06:45:02.657Z - GET /components/GlobalSearch.tsx
2026-08-06T06:45:02.659Z - GET /src/admin/Teams.tsx
2026-08-06T06:45:02.661Z - GET /src/admin/Users.tsx
2026-08-06T06:45:02.662Z - GET /src/admin/Leadership.tsx
2026-08-06T06:45:02.663Z - GET /src/admin/Settings.tsx
2026-08-06T06:45:02.664Z - GET /src/admin/Jobs.tsx
2026-08-06T06:45:02.665Z - GET /src/admin/LoginPage.tsx
2026-08-06T06:45:02.666Z - GET /constants.tsx
2026-08-06T06:45:02.691Z - GET /components/SEOMeta.tsx
2026-08-06T06:45:02.692Z - GET /components/ui/ArenaButton.tsx
2026-08-06T06:45:02.694Z - GET /components/Breadcrumbs.tsx
2026-08-06T06:45:02.695Z - GET /src/utils/json.ts
2026-08-06T06:45:02.721Z - GET /src/components/ConfirmDeleteModal.tsx
2026-08-06T06:45:02.723Z - GET /src/lib/firebase.ts
2026-08-06T06:45:02.730Z - GET /src/components/ImageUploader.tsx
2026-08-06T06:45:02.732Z - GET /src/admin/components/FormRepeater.tsx
2026-08-06T06:45:02.735Z - GET /src/admin/components/Toast.tsx
2026-08-06T06:45:02.739Z - GET /src/admin/components/FormSection.tsx
2026-08-06T06:45:02.799Z - GET /firebase-applet-config.json?import
2026-08-06T06:45:02.807Z - GET /src/admin/AdminLayout.tsx
2026-08-06T06:45:02.911Z - GET /assets/NO%20PHOTO.png
2026-08-06T06:45:02.912Z - GET /assets/Jorhdys.png
2026-08-06T06:45:02.914Z - GET /assets/Breezi.png
2026-08-06T06:45:02.915Z - GET /assets/Gk%20Logo.png
2026-08-06T06:45:02.966Z - GET /api/teams
2026-08-06T06:45:02.969Z - GET /api/creators
2026-08-06T06:45:03.185Z - GET /api/teams
2026-08-06T06:45:03.188Z - GET /api/creators
2026-08-06T06:45:03.410Z - GET /api/teams/5/players
2026-08-06T06:45:03.412Z - GET /api/teams/1/players
2026-08-06T06:45:03.413Z - GET /api/teams/3/players
2026-08-06T06:45:03.415Z - GET /api/teams/2/players
2026-08-06T06:45:07.229Z - GET /api/teams
2026-08-06T06:45:07.712Z - GET /api/teams
2026-08-06T06:45:07.934Z - GET /api/teams/5/players
2026-08-06T06:45:07.935Z - GET /api/teams/2/players
2026-08-06T06:45:07.938Z - GET /api/teams/1/players
2026-08-06T06:45:07.942Z - GET /api/teams/3/players
2026-08-06T06:53:31.582Z - GET /
2026-08-06T06:53:37.603Z - GET /
2026-08-06T06:53:38.147Z - GET /@vite/client
2026-08-06T06:53:38.150Z - GET /@react-refresh
2026-08-06T06:53:38.158Z - GET /index.tsx
2026-08-06T06:53:38.352Z - GET /App.tsx
2026-08-06T06:53:38.357Z - GET /node_modules/vite/dist/client/env.mjs
2026-08-06T06:53:39.690Z - GET /pages/Home.tsx
2026-08-06T06:53:39.715Z - GET /pages/EventDetail.tsx
2026-08-06T06:53:39.744Z - GET /components/NewsletterPopup.tsx
2026-08-06T06:53:39.808Z - GET /pages/PlayerProfile.tsx
2026-08-06T06:53:39.851Z - GET /pages/NewsDetail.tsx
2026-08-06T06:53:39.856Z - GET /src/admin/Creators.tsx
2026-08-06T06:53:39.887Z - GET /pages/News.tsx
2026-08-06T06:53:39.893Z - GET /src/admin/Users.tsx
2026-08-06T06:53:39.897Z - GET /src/admin/Gallery.tsx
2026-08-06T06:53:39.900Z - GET /pages/JobDetail.tsx
2026-08-06T06:53:39.902Z - GET /src/admin/LoginPage.tsx
2026-08-06T06:53:39.910Z - GET /src/admin/News.tsx
2026-08-06T06:53:39.915Z - GET /components/SocialFollowerIcon.tsx
2026-08-06T06:53:39.917Z - GET /src/admin/Settings.tsx
2026-08-06T06:53:39.919Z - GET /src/admin/Subscribers.tsx
2026-08-06T06:53:39.922Z - GET /src/admin/Schedule.tsx
2026-08-06T06:53:39.928Z - GET /pages/Information.tsx
2026-08-06T06:53:39.932Z - GET /src/admin/Leadership.tsx
2026-08-06T06:53:39.935Z - GET /src/admin/Dashboard.tsx
2026-08-06T06:53:39.938Z - GET /src/admin/Jobs.tsx
2026-08-06T06:53:39.940Z - GET /constants.tsx
2026-08-06T06:53:39.943Z - GET /pages/About.tsx
2026-08-06T06:53:39.947Z - GET /components/GlobalSearch.tsx
2026-08-06T06:53:39.950Z - GET /pages/Careers.tsx
2026-08-06T06:53:39.952Z - GET /pages/Schedule.tsx
2026-08-06T06:53:39.957Z - GET /src/admin/Teams.tsx
2026-08-06T06:53:39.963Z - GET /pages/Teams.tsx
2026-08-06T06:53:39.966Z - GET /pages/Socials.tsx
2026-08-06T06:53:39.970Z - GET /src/admin/AdminLayout.tsx
2026-08-06T06:53:39.972Z - GET /components/ui/ArenaButton.tsx
2026-08-06T06:53:39.974Z - GET /components/SEOMeta.tsx
2026-08-06T06:53:39.976Z - GET /src/lib/firebase.ts
2026-08-06T06:53:39.979Z - GET /components/Breadcrumbs.tsx
2026-08-06T06:53:39.981Z - GET /src/utils/json.ts
2026-08-06T06:53:40.022Z - GET /src/components/ConfirmDeleteModal.tsx
2026-08-06T06:53:40.024Z - GET /src/admin/components/Toast.tsx
2026-08-06T06:53:40.026Z - GET /src/components/ImageUploader.tsx
2026-08-06T06:53:40.178Z - GET /src/admin/components/FormSection.tsx
2026-08-06T06:53:40.179Z - GET /firebase-applet-config.json?import
2026-08-06T06:53:40.180Z - GET /src/admin/components/FormRepeater.tsx
2026-08-06T06:53:40.287Z - GET /assets/Gk%20Logo.png
2026-08-06T06:53:40.314Z - GET /assets/frame.png
2026-08-06T06:53:40.316Z - GET /assets/jearsy.png
2026-08-06T06:53:40.318Z - GET /assets/bag.png
2026-08-06T06:53:40.320Z - GET /assets/mat.png
2026-08-06T06:53:40.321Z - GET /assets/mouse.png
2026-08-06T06:54:46.919Z - GET /
2026-08-06T06:54:47.034Z - GET /@vite/client
2026-08-06T06:54:47.036Z - GET /index.tsx
2026-08-06T06:54:47.039Z - GET /@react-refresh
2026-08-06T06:54:47.227Z - GET /App.tsx
2026-08-06T06:54:47.229Z - GET /node_modules/vite/dist/client/env.mjs
2026-08-06T06:54:47.307Z - GET /pages/Home.tsx
2026-08-06T06:54:47.328Z - GET /pages/About.tsx
2026-08-06T06:54:47.332Z - GET /pages/Schedule.tsx
2026-08-06T06:54:47.334Z - GET /pages/Teams.tsx
2026-08-06T06:54:47.337Z - GET /src/admin/Settings.tsx
2026-08-06T06:54:47.339Z - GET /components/NewsletterPopup.tsx
2026-08-06T06:54:47.350Z - GET /pages/NewsDetail.tsx
2026-08-06T06:54:47.352Z - GET /pages/PlayerProfile.tsx
2026-08-06T06:54:47.353Z - GET /src/admin/Creators.tsx
2026-08-06T06:54:47.355Z - GET /src/admin/News.tsx
2026-08-06T06:54:47.356Z - GET /src/admin/Leadership.tsx
2026-08-06T06:54:47.358Z - GET /src/admin/LoginPage.tsx
2026-08-06T06:54:47.359Z - GET /src/admin/Users.tsx
2026-08-06T06:54:47.362Z - GET /src/admin/Gallery.tsx
2026-08-06T06:54:47.363Z - GET /pages/Careers.tsx
2026-08-06T06:54:47.365Z - GET /pages/Socials.tsx
2026-08-06T06:54:47.367Z - GET /src/admin/Dashboard.tsx
2026-08-06T06:54:47.369Z - GET /src/admin/Schedule.tsx
2026-08-06T06:54:47.371Z - GET /constants.tsx
2026-08-06T06:54:47.372Z - GET /pages/Information.tsx
2026-08-06T06:54:47.374Z - GET /pages/News.tsx
2026-08-06T06:54:47.376Z - GET /src/admin/Subscribers.tsx
2026-08-06T06:54:47.378Z - GET /pages/JobDetail.tsx
2026-08-06T06:54:47.380Z - GET /src/admin/Teams.tsx
2026-08-06T06:54:47.382Z - GET /src/admin/AdminLayout.tsx
2026-08-06T06:54:47.383Z - GET /components/GlobalSearch.tsx
2026-08-06T06:54:47.385Z - GET /src/admin/Jobs.tsx
2026-08-06T06:54:47.387Z - GET /components/SocialFollowerIcon.tsx
2026-08-06T06:54:47.389Z - GET /pages/EventDetail.tsx
2026-08-06T06:54:47.407Z - GET /components/ui/ArenaButton.tsx
2026-08-06T06:54:47.416Z - GET /components/SEOMeta.tsx
2026-08-06T06:54:47.417Z - GET /components/Breadcrumbs.tsx
2026-08-06T06:54:47.418Z - GET /src/utils/json.ts
2026-08-06T06:54:47.422Z - GET /src/lib/firebase.ts
2026-08-06T06:54:47.439Z - GET /src/components/ImageUploader.tsx
2026-08-06T06:54:47.440Z - GET /src/admin/components/Toast.tsx
2026-08-06T06:54:47.441Z - GET /src/components/ConfirmDeleteModal.tsx
2026-08-06T06:54:47.451Z - GET /src/admin/components/FormSection.tsx
2026-08-06T06:54:47.454Z - GET /src/admin/components/FormRepeater.tsx
2026-08-06T06:54:47.499Z - GET /firebase-applet-config.json?import
2026-08-06T06:54:47.593Z - GET /assets/Gk%20Logo.png
2026-08-06T06:54:47.775Z - GET /api/health
2026-08-06T06:54:47.785Z - GET /api/stats
2026-08-06T06:54:47.859Z - GET /api/health
2026-08-06T06:54:49.531Z - GET /api/stats
2026-08-06T06:54:49.535Z - GET /api/activity
2026-08-06T06:54:50.578Z - GET /api/activity
2026-08-06T06:54:55.944Z - GET /api/teams
2026-08-06T06:54:56.185Z - GET /api/teams
2026-08-06T06:54:57.942Z - GET /api/teams/5/players
2026-08-06T06:56:15.426Z - POST /api/upload
2026-08-06T06:56:55.987Z - PUT /api/players/11
2026-08-06T06:56:58.214Z - GET /api/teams/5/players
2026-08-06T06:57:03.821Z - GET /careers/xfgh
2026-08-06T06:57:03.930Z - GET /@vite/client
2026-08-06T06:57:03.937Z - GET /@react-refresh
2026-08-06T06:57:03.938Z - GET /index.tsx
2026-08-06T06:57:04.163Z - GET /node_modules/vite/dist/client/env.mjs
2026-08-06T06:57:04.165Z - GET /App.tsx
2026-08-06T06:57:04.283Z - GET /pages/Home.tsx
2026-08-06T06:57:04.321Z - GET /src/admin/Schedule.tsx
2026-08-06T06:57:04.326Z - GET /pages/Teams.tsx
2026-08-06T06:57:04.331Z - GET /pages/Careers.tsx
2026-08-06T06:57:04.335Z - GET /pages/Schedule.tsx
2026-08-06T06:57:04.339Z - GET /pages/About.tsx
2026-08-06T06:57:04.345Z - GET /pages/Information.tsx
2026-08-06T06:57:04.356Z - GET /src/admin/AdminLayout.tsx
2026-08-06T06:57:04.358Z - GET /pages/JobDetail.tsx
2026-08-06T06:57:04.360Z - GET /src/admin/Creators.tsx
2026-08-06T06:57:04.365Z - GET /components/GlobalSearch.tsx
2026-08-06T06:57:04.367Z - GET /src/admin/Dashboard.tsx
2026-08-06T06:57:04.369Z - GET /src/admin/LoginPage.tsx
2026-08-06T06:57:04.370Z - GET /src/admin/Leadership.tsx
2026-08-06T06:57:04.372Z - GET /pages/PlayerProfile.tsx
2026-08-06T06:57:04.376Z - GET /pages/EventDetail.tsx
2026-08-06T06:57:04.380Z - GET /src/admin/Gallery.tsx
2026-08-06T06:57:04.382Z - GET /src/admin/Users.tsx
2026-08-06T06:57:04.384Z - GET /src/admin/Subscribers.tsx
2026-08-06T06:57:04.385Z - GET /pages/News.tsx
2026-08-06T06:57:04.387Z - GET /src/admin/Teams.tsx
2026-08-06T06:57:04.395Z - GET /pages/Socials.tsx
2026-08-06T06:57:04.398Z - GET /src/admin/News.tsx
2026-08-06T06:57:04.403Z - GET /constants.tsx
2026-08-06T06:57:04.404Z - GET /src/admin/Jobs.tsx
2026-08-06T06:57:04.406Z - GET /pages/NewsDetail.tsx
2026-08-06T06:57:04.407Z - GET /components/NewsletterPopup.tsx
2026-08-06T06:57:04.408Z - GET /src/admin/Settings.tsx
2026-08-06T06:57:04.409Z - GET /components/SocialFollowerIcon.tsx
2026-08-06T06:57:04.592Z - GET /components/Breadcrumbs.tsx
2026-08-06T06:57:04.593Z - GET /src/utils/json.ts
2026-08-06T06:57:04.594Z - GET /src/lib/firebase.ts
2026-08-06T06:57:04.596Z - GET /components/SEOMeta.tsx
2026-08-06T06:57:04.597Z - GET /components/ui/ArenaButton.tsx
2026-08-06T06:57:04.600Z - GET /src/components/ImageUploader.tsx
2026-08-06T06:57:04.612Z - GET /src/components/ConfirmDeleteModal.tsx
2026-08-06T06:57:04.645Z - GET /src/admin/components/FormRepeater.tsx
2026-08-06T06:57:04.647Z - GET /src/admin/components/FormSection.tsx
2026-08-06T06:57:04.649Z - GET /src/admin/components/Toast.tsx
2026-08-06T06:57:04.681Z - GET /firebase-applet-config.json?import
2026-08-06T06:57:04.788Z - GET /assets/Gk%20Logo.png
2026-08-06T06:57:04.811Z - GET /api/teams
2026-08-06T06:57:05.064Z - GET /api/teams
2026-08-06T06:57:05.567Z - GET /api/teams/2/players
2026-08-06T06:57:05.570Z - GET /api/teams/1/players
2026-08-06T06:57:05.574Z - GET /api/teams/5/players
2026-08-06T06:57:05.578Z - GET /api/teams/3/players
2026-08-06T06:58:20.371Z - PUT /api/players/11
2026-08-06T06:58:22.903Z - GET /api/teams/5/players
2026-08-06T06:58:41.539Z - GET /careers/xfgh
2026-08-06T06:58:41.641Z - GET /@vite/client
2026-08-06T06:58:41.642Z - GET /index.tsx
2026-08-06T06:58:41.643Z - GET /@react-refresh
2026-08-06T06:58:41.800Z - GET /node_modules/vite/dist/client/env.mjs
2026-08-06T06:58:41.803Z - GET /App.tsx
2026-08-06T06:58:41.885Z - GET /pages/Schedule.tsx
2026-08-06T06:58:41.886Z - GET /pages/Teams.tsx
2026-08-06T06:58:41.888Z - GET /pages/Home.tsx
2026-08-06T06:58:41.892Z - GET /pages/Careers.tsx
2026-08-06T06:58:41.894Z - GET /pages/About.tsx
2026-08-06T06:58:41.896Z - GET /components/SocialFollowerIcon.tsx
2026-08-06T06:58:41.899Z - GET /pages/News.tsx
2026-08-06T06:58:41.902Z - GET /pages/NewsDetail.tsx
2026-08-06T06:58:41.907Z - GET /pages/EventDetail.tsx
2026-08-06T06:58:41.910Z - GET /src/admin/Users.tsx
2026-08-06T06:58:41.912Z - GET /pages/Socials.tsx
2026-08-06T06:58:41.914Z - GET /src/admin/News.tsx
2026-08-06T06:58:41.916Z - GET /src/admin/Settings.tsx
2026-08-06T06:58:41.918Z - GET /src/admin/Subscribers.tsx
2026-08-06T06:58:41.920Z - GET /src/admin/Schedule.tsx
2026-08-06T06:58:41.923Z - GET /src/admin/Teams.tsx
2026-08-06T06:58:41.925Z - GET /src/admin/Leadership.tsx
2026-08-06T06:58:41.926Z - GET /src/admin/Gallery.tsx
2026-08-06T06:58:41.928Z - GET /src/admin/Jobs.tsx
2026-08-06T06:58:41.932Z - GET /src/admin/Creators.tsx
2026-08-06T06:58:41.934Z - GET /src/admin/Dashboard.tsx
2026-08-06T06:58:41.936Z - GET /pages/JobDetail.tsx
2026-08-06T06:58:41.937Z - GET /src/admin/LoginPage.tsx
2026-08-06T06:58:41.940Z - GET /src/admin/AdminLayout.tsx
2026-08-06T06:58:41.942Z - GET /pages/Information.tsx
2026-08-06T06:58:41.944Z - GET /pages/PlayerProfile.tsx
2026-08-06T06:58:41.946Z - GET /components/GlobalSearch.tsx
2026-08-06T06:58:41.948Z - GET /components/NewsletterPopup.tsx
2026-08-06T06:58:41.950Z - GET /constants.tsx
2026-08-06T06:58:41.962Z - GET /src/utils/json.ts
2026-08-06T06:58:41.963Z - GET /components/Breadcrumbs.tsx
2026-08-06T06:58:41.964Z - GET /components/SEOMeta.tsx
2026-08-06T06:58:41.967Z - GET /components/ui/ArenaButton.tsx
2026-08-06T06:58:41.987Z - GET /src/components/ConfirmDeleteModal.tsx
2026-08-06T06:58:42.002Z - GET /src/admin/components/Toast.tsx
2026-08-06T06:58:42.003Z - GET /src/components/ImageUploader.tsx
2026-08-06T06:58:42.004Z - GET /src/admin/components/FormRepeater.tsx
2026-08-06T06:58:42.006Z - GET /src/lib/firebase.ts
2026-08-06T06:58:42.007Z - GET /src/admin/components/FormSection.tsx
2026-08-06T06:58:42.161Z - GET /firebase-applet-config.json?import
2026-08-06T06:58:42.260Z - GET /assets/Gk%20Logo.png
2026-08-06T06:58:42.300Z - GET /api/teams
2026-08-06T06:58:42.581Z - GET /api/teams
2026-08-06T06:58:43.065Z - GET /api/teams/1/players
2026-08-06T06:58:43.068Z - GET /api/teams/5/players
2026-08-06T06:58:43.071Z - GET /api/teams/2/players
2026-08-06T06:58:43.075Z - GET /api/teams/3/players
2026-08-06T07:09:26.356Z - GET /
2026-08-06T07:09:31.864Z - GET /
2026-08-06T07:09:32.418Z - GET /@vite/client
2026-08-06T07:09:32.421Z - GET /@react-refresh
2026-08-06T07:09:32.428Z - GET /index.tsx
2026-08-06T07:09:32.654Z - GET /node_modules/vite/dist/client/env.mjs
2026-08-06T07:09:32.659Z - GET /App.tsx
2026-08-06T07:09:34.055Z - GET /pages/Home.tsx
2026-08-06T07:09:34.063Z - GET /pages/JobDetail.tsx
2026-08-06T07:09:34.072Z - GET /pages/About.tsx
2026-08-06T07:09:34.160Z - GET /src/admin/AdminLayout.tsx
2026-08-06T07:09:34.193Z - GET /pages/NewsDetail.tsx
2026-08-06T07:09:34.219Z - GET /components/NewsletterPopup.tsx
2026-08-06T07:09:34.221Z - GET /components/SocialFollowerIcon.tsx
2026-08-06T07:09:34.225Z - GET /pages/Information.tsx
2026-08-06T07:09:34.227Z - GET /pages/Schedule.tsx
2026-08-06T07:09:34.229Z - GET /src/admin/Settings.tsx
2026-08-06T07:09:34.230Z - GET /src/admin/Schedule.tsx
2026-08-06T07:09:34.232Z - GET /src/admin/News.tsx
2026-08-06T07:09:34.233Z - GET /src/admin/Subscribers.tsx
2026-08-06T07:09:34.235Z - GET /constants.tsx
2026-08-06T07:09:34.236Z - GET /src/admin/Dashboard.tsx
2026-08-06T07:09:34.237Z - GET /pages/Teams.tsx
2026-08-06T07:09:34.238Z - GET /src/admin/Jobs.tsx
2026-08-06T07:09:34.239Z - GET /pages/PlayerProfile.tsx
2026-08-06T07:09:34.241Z - GET /pages/Socials.tsx
2026-08-06T07:09:34.242Z - GET /src/admin/Teams.tsx
2026-08-06T07:09:34.243Z - GET /src/admin/Users.tsx
2026-08-06T07:09:34.244Z - GET /pages/Careers.tsx
2026-08-06T07:09:34.246Z - GET /components/GlobalSearch.tsx
2026-08-06T07:09:34.247Z - GET /src/admin/Gallery.tsx
2026-08-06T07:09:34.248Z - GET /src/admin/LoginPage.tsx
2026-08-06T07:09:34.249Z - GET /pages/News.tsx
2026-08-06T07:09:34.251Z - GET /src/admin/Leadership.tsx
2026-08-06T07:09:34.254Z - GET /src/admin/Creators.tsx
2026-08-06T07:09:34.257Z - GET /pages/EventDetail.tsx
2026-08-06T07:09:34.260Z - GET /components/ui/ArenaButton.tsx
2026-08-06T07:09:34.262Z - GET /components/Breadcrumbs.tsx
2026-08-06T07:09:34.263Z - GET /src/utils/json.ts
2026-08-06T07:09:34.264Z - GET /components/SEOMeta.tsx
2026-08-06T07:09:34.265Z - GET /src/lib/firebase.ts
2026-08-06T07:09:34.312Z - GET /src/components/ImageUploader.tsx
2026-08-06T07:09:34.314Z - GET /src/components/ConfirmDeleteModal.tsx
2026-08-06T07:09:34.316Z - GET /src/admin/components/FormSection.tsx
2026-08-06T07:09:34.319Z - GET /src/admin/components/FormRepeater.tsx
2026-08-06T07:09:34.320Z - GET /src/admin/components/Toast.tsx
2026-08-06T07:09:34.342Z - GET /firebase-applet-config.json?import
2026-08-06T07:09:34.449Z - GET /assets/Gk%20Logo.png
2026-08-06T07:09:34.469Z - GET /assets/jearsy.png
2026-08-06T07:09:34.471Z - GET /assets/frame.png
2026-08-06T07:09:34.472Z - GET /assets/bag.png
2026-08-06T07:09:34.474Z - GET /assets/mat.png
2026-08-06T07:09:34.475Z - GET /assets/mouse.png
2026-08-06T07:12:22.893Z - GET /
2026-08-06T07:12:22.998Z - GET /@vite/client
2026-08-06T07:12:23.000Z - GET /index.tsx
2026-08-06T07:12:23.002Z - GET /@react-refresh
2026-08-06T07:12:23.184Z - GET /node_modules/vite/dist/client/env.mjs
2026-08-06T07:12:23.186Z - GET /App.tsx
2026-08-06T07:12:23.302Z - GET /src/admin/Teams.tsx
2026-08-06T07:12:23.303Z - GET /src/admin/AdminLayout.tsx
2026-08-06T07:12:23.305Z - GET /src/admin/Dashboard.tsx
2026-08-06T07:12:23.309Z - GET /pages/Schedule.tsx
2026-08-06T07:12:23.311Z - GET /pages/Teams.tsx
2026-08-06T07:12:23.312Z - GET /components/NewsletterPopup.tsx
2026-08-06T07:12:23.317Z - GET /pages/Careers.tsx
2026-08-06T07:12:23.319Z - GET /pages/JobDetail.tsx
2026-08-06T07:12:23.323Z - GET /src/admin/LoginPage.tsx
2026-08-06T07:12:23.326Z - GET /pages/Information.tsx
2026-08-06T07:12:23.328Z - GET /pages/Home.tsx
2026-08-06T07:12:23.331Z - GET /pages/About.tsx
2026-08-06T07:12:23.333Z - GET /pages/Socials.tsx
2026-08-06T07:12:23.335Z - GET /pages/EventDetail.tsx
2026-08-06T07:12:23.336Z - GET /pages/News.tsx
2026-08-06T07:12:23.339Z - GET /src/admin/Settings.tsx
2026-08-06T07:12:23.341Z - GET /components/SocialFollowerIcon.tsx
2026-08-06T07:12:23.343Z - GET /src/admin/Schedule.tsx
2026-08-06T07:12:23.345Z - GET /pages/NewsDetail.tsx
2026-08-06T07:12:23.347Z - GET /src/admin/Leadership.tsx
2026-08-06T07:12:23.349Z - GET /src/admin/Jobs.tsx
2026-08-06T07:12:23.350Z - GET /src/admin/News.tsx
2026-08-06T07:12:23.353Z - GET /src/admin/Gallery.tsx
2026-08-06T07:12:23.355Z - GET /components/GlobalSearch.tsx
2026-08-06T07:12:23.357Z - GET /src/admin/Users.tsx
2026-08-06T07:12:23.359Z - GET /src/admin/Subscribers.tsx
2026-08-06T07:12:23.361Z - GET /pages/PlayerProfile.tsx
2026-08-06T07:12:23.363Z - GET /src/admin/Creators.tsx
2026-08-06T07:12:23.365Z - GET /constants.tsx
2026-08-06T07:12:23.383Z - GET /src/lib/firebase.ts
2026-08-06T07:12:23.384Z - GET /components/ui/ArenaButton.tsx
2026-08-06T07:12:23.400Z - GET /src/admin/components/Toast.tsx
2026-08-06T07:12:23.403Z - GET /src/admin/components/FormSection.tsx
2026-08-06T07:12:23.408Z - GET /src/admin/components/FormRepeater.tsx
2026-08-06T07:12:23.411Z - GET /src/components/ConfirmDeleteModal.tsx
2026-08-06T07:12:23.413Z - GET /src/components/ImageUploader.tsx
2026-08-06T07:12:23.415Z - GET /src/utils/json.ts
2026-08-06T07:12:23.418Z - GET /components/Breadcrumbs.tsx
2026-08-06T07:12:23.420Z - GET /components/SEOMeta.tsx
2026-08-06T07:12:23.460Z - GET /firebase-applet-config.json?import
2026-08-06T07:12:23.558Z - GET /assets/Gk%20Logo.png
2026-08-06T07:12:23.668Z - GET /api/health
2026-08-06T07:12:23.673Z - GET /api/stats
2026-08-06T07:12:23.747Z - GET /api/health
2026-08-06T07:12:25.203Z - GET /api/leadership
2026-08-06T07:12:25.715Z - GET /api/leadership
2026-08-06T07:12:25.790Z - GET /api/activity
2026-08-06T07:12:25.795Z - GET /api/stats
2026-08-06T07:12:26.865Z - GET /api/teams
2026-08-06T07:12:27.186Z - GET /api/teams
2026-08-06T07:12:27.610Z - GET /api/activity
2026-08-06T07:12:29.995Z - GET /api/teams/5/players
2026-08-06T07:13:10.342Z - PUT /api/players/11
2026-08-06T07:13:11.292Z - GET /api/teams/5/players
2026-08-06T07:13:14.294Z - DELETE /api/teams/1
2026-08-06T07:13:14.686Z - GET /api/teams
2026-08-06T07:13:15.674Z - DELETE /api/teams/2
2026-08-06T07:13:16.332Z - GET /api/teams
2026-08-06T07:13:17.658Z - DELETE /api/teams/3
2026-08-06T07:13:18.060Z - GET /api/teams
2026-08-06T07:13:21.579Z - GET /careers/xfgh
2026-08-06T07:13:21.684Z - GET /@vite/client
2026-08-06T07:13:21.688Z - GET /index.tsx
2026-08-06T07:13:21.690Z - GET /@react-refresh
2026-08-06T07:13:21.847Z - GET /node_modules/vite/dist/client/env.mjs
2026-08-06T07:13:21.851Z - GET /App.tsx
2026-08-06T07:13:21.954Z - GET /pages/Schedule.tsx
2026-08-06T07:13:21.959Z - GET /components/SocialFollowerIcon.tsx
2026-08-06T07:13:21.962Z - GET /components/NewsletterPopup.tsx
2026-08-06T07:13:21.966Z - GET /src/admin/Leadership.tsx
2026-08-06T07:13:21.971Z - GET /pages/NewsDetail.tsx
2026-08-06T07:13:21.973Z - GET /src/admin/Teams.tsx
2026-08-06T07:13:21.975Z - GET /src/admin/LoginPage.tsx
2026-08-06T07:13:21.978Z - GET /src/admin/AdminLayout.tsx
2026-08-06T07:13:21.979Z - GET /src/admin/News.tsx
2026-08-06T07:13:21.981Z - GET /pages/PlayerProfile.tsx
2026-08-06T07:13:21.982Z - GET /src/admin/Subscribers.tsx
2026-08-06T07:13:21.984Z - GET /src/admin/Settings.tsx
2026-08-06T07:13:21.986Z - GET /pages/Socials.tsx
2026-08-06T07:13:21.988Z - GET /src/admin/Dashboard.tsx
2026-08-06T07:13:21.991Z - GET /src/admin/Schedule.tsx
2026-08-06T07:13:21.993Z - GET /components/GlobalSearch.tsx
2026-08-06T07:13:21.995Z - GET /pages/Information.tsx
2026-08-06T07:13:21.996Z - GET /src/admin/Gallery.tsx
2026-08-06T07:13:21.998Z - GET /constants.tsx
2026-08-06T07:13:21.999Z - GET /pages/Teams.tsx
2026-08-06T07:13:22.002Z - GET /pages/About.tsx
2026-08-06T07:13:22.004Z - GET /pages/News.tsx
2026-08-06T07:13:22.006Z - GET /pages/JobDetail.tsx
2026-08-06T07:13:22.008Z - GET /src/admin/Jobs.tsx
2026-08-06T07:13:22.011Z - GET /src/admin/Users.tsx
2026-08-06T07:13:22.013Z - GET /pages/Home.tsx
2026-08-06T07:13:22.130Z - GET /src/utils/json.ts
2026-08-06T07:13:22.136Z - GET /src/components/ImageUploader.tsx
2026-08-06T07:13:22.138Z - GET /components/ui/ArenaButton.tsx
2026-08-06T07:13:22.139Z - GET /components/SEOMeta.tsx
2026-08-06T07:13:22.142Z - GET /components/Breadcrumbs.tsx
2026-08-06T07:13:22.145Z - GET /src/admin/components/FormRepeater.tsx
2026-08-06T07:13:22.146Z - GET /src/lib/firebase.ts
2026-08-06T07:13:22.150Z - GET /src/admin/components/Toast.tsx
2026-08-06T07:13:22.153Z - GET /src/admin/components/FormSection.tsx
2026-08-06T07:13:22.155Z - GET /src/components/ConfirmDeleteModal.tsx
2026-08-06T07:13:22.156Z - GET /src/admin/Creators.tsx
2026-08-06T07:13:22.158Z - GET /pages/EventDetail.tsx
2026-08-06T07:13:22.159Z - GET /pages/Careers.tsx
2026-08-06T07:13:22.225Z - GET /firebase-applet-config.json?import
2026-08-06T07:13:22.332Z - GET /assets/Gk%20Logo.png
2026-08-06T07:13:22.351Z - GET /api/teams
2026-08-06T07:13:22.587Z - GET /api/teams
2026-08-06T07:13:22.821Z - GET /api/teams/5/players
2026-08-06T07:13:47.406Z - PUT /api/players/11
2026-08-06T07:13:48.314Z - GET /api/teams/5/players
2026-08-06T07:13:50.279Z - GET /careers/xfgh
2026-08-06T07:13:50.374Z - GET /@vite/client
2026-08-06T07:13:50.377Z - GET /@react-refresh
2026-08-06T07:13:50.378Z - GET /index.tsx
2026-08-06T07:13:50.540Z - GET /App.tsx
2026-08-06T07:13:50.541Z - GET /node_modules/vite/dist/client/env.mjs
2026-08-06T07:13:50.619Z - GET /pages/Home.tsx
2026-08-06T07:13:50.623Z - GET /pages/Schedule.tsx
2026-08-06T07:13:50.640Z - GET /src/admin/Leadership.tsx
2026-08-06T07:13:50.642Z - GET /src/admin/Users.tsx
2026-08-06T07:13:50.643Z - GET /src/admin/Jobs.tsx
2026-08-06T07:13:50.647Z - GET /pages/Careers.tsx
2026-08-06T07:13:50.648Z - GET /src/admin/Dashboard.tsx
2026-08-06T07:13:50.649Z - GET /src/admin/Schedule.tsx
2026-08-06T07:13:50.653Z - GET /pages/JobDetail.tsx
2026-08-06T07:13:50.655Z - GET /pages/News.tsx
2026-08-06T07:13:50.657Z - GET /components/SocialFollowerIcon.tsx
2026-08-06T07:13:50.658Z - GET /pages/PlayerProfile.tsx
2026-08-06T07:13:50.659Z - GET /pages/Information.tsx
2026-08-06T07:13:50.661Z - GET /pages/Socials.tsx
2026-08-06T07:13:50.663Z - GET /pages/Teams.tsx
2026-08-06T07:13:50.664Z - GET /components/GlobalSearch.tsx
2026-08-06T07:13:50.666Z - GET /pages/NewsDetail.tsx
2026-08-06T07:13:50.667Z - GET /src/admin/Settings.tsx
2026-08-06T07:13:50.670Z - GET /src/admin/Teams.tsx
2026-08-06T07:13:50.671Z - GET /components/NewsletterPopup.tsx
2026-08-06T07:13:50.673Z - GET /src/admin/Subscribers.tsx
2026-08-06T07:13:50.675Z - GET /pages/EventDetail.tsx
2026-08-06T07:13:50.676Z - GET /src/admin/AdminLayout.tsx
2026-08-06T07:13:50.678Z - GET /pages/About.tsx
2026-08-06T07:13:50.679Z - GET /src/admin/LoginPage.tsx
2026-08-06T07:13:50.683Z - GET /src/admin/News.tsx
2026-08-06T07:13:50.685Z - GET /src/admin/Gallery.tsx
2026-08-06T07:13:50.687Z - GET /constants.tsx
2026-08-06T07:13:50.689Z - GET /src/admin/Creators.tsx
2026-08-06T07:13:50.705Z - GET /components/ui/ArenaButton.tsx
2026-08-06T07:13:50.709Z - GET /src/utils/json.ts
2026-08-06T07:13:50.711Z - GET /components/Breadcrumbs.tsx
2026-08-06T07:13:50.712Z - GET /components/SEOMeta.tsx
2026-08-06T07:13:50.716Z - GET /src/components/ConfirmDeleteModal.tsx
2026-08-06T07:13:50.717Z - GET /src/components/ImageUploader.tsx
2026-08-06T07:13:50.729Z - GET /src/admin/components/FormSection.tsx
2026-08-06T07:13:50.730Z - GET /src/admin/components/FormRepeater.tsx
2026-08-06T07:13:50.751Z - GET /src/lib/firebase.ts
2026-08-06T07:13:50.755Z - GET /src/admin/components/Toast.tsx
2026-08-06T07:13:50.832Z - GET /firebase-applet-config.json?import
2026-08-06T07:13:50.934Z - GET /assets/Gk%20Logo.png
2026-08-06T07:13:50.975Z - GET /api/teams
2026-08-06T07:13:51.204Z - GET /api/teams
2026-08-06T07:13:51.428Z - GET /api/teams/5/players
2026-08-06T07:16:07.005Z - GET /
2026-08-06T07:16:14.151Z - GET /
2026-08-06T07:16:14.720Z - GET /@vite/client
2026-08-06T07:16:14.723Z - GET /index.tsx
2026-08-06T07:16:14.725Z - GET /@react-refresh
2026-08-06T07:16:14.936Z - GET /App.tsx
2026-08-06T07:16:14.949Z - GET /node_modules/vite/dist/client/env.mjs
2026-08-06T07:16:16.152Z - GET /pages/Home.tsx
2026-08-06T07:16:16.183Z - GET /pages/Teams.tsx
2026-08-06T07:16:16.212Z - GET /pages/Careers.tsx
2026-08-06T07:16:16.286Z - GET /pages/About.tsx
2026-08-06T07:16:16.321Z - GET /pages/Schedule.tsx
2026-08-06T07:16:16.325Z - GET /pages/JobDetail.tsx
2026-08-06T07:16:16.353Z - GET /pages/NewsDetail.tsx
2026-08-06T07:16:16.356Z - GET /components/SocialFollowerIcon.tsx
2026-08-06T07:16:16.359Z - GET /pages/PlayerProfile.tsx
2026-08-06T07:16:16.364Z - GET /pages/News.tsx
2026-08-06T07:16:16.365Z - GET /src/admin/Dashboard.tsx
2026-08-06T07:16:16.365Z - GET /src/admin/Settings.tsx
2026-08-06T07:16:16.366Z - GET /src/admin/Users.tsx
2026-08-06T07:16:16.367Z - GET /src/admin/News.tsx
2026-08-06T07:16:16.368Z - GET /src/admin/Gallery.tsx
2026-08-06T07:16:16.369Z - GET /src/admin/Subscribers.tsx
2026-08-06T07:16:16.370Z - GET /pages/Socials.tsx
2026-08-06T07:16:16.371Z - GET /components/NewsletterPopup.tsx
2026-08-06T07:16:16.372Z - GET /src/admin/Teams.tsx
2026-08-06T07:16:16.378Z - GET /pages/Information.tsx
2026-08-06T07:16:16.379Z - GET /src/admin/Creators.tsx
2026-08-06T07:16:16.380Z - GET /src/admin/Leadership.tsx
2026-08-06T07:16:16.381Z - GET /src/admin/Jobs.tsx
2026-08-06T07:16:16.381Z - GET /src/admin/Schedule.tsx
2026-08-06T07:16:16.382Z - GET /src/admin/AdminLayout.tsx
2026-08-06T07:16:16.386Z - GET /pages/EventDetail.tsx
2026-08-06T07:16:16.388Z - GET /src/admin/LoginPage.tsx
2026-08-06T07:16:16.396Z - GET /constants.tsx
2026-08-06T07:16:16.398Z - GET /components/GlobalSearch.tsx
2026-08-06T07:16:16.400Z - GET /components/ui/ArenaButton.tsx
2026-08-06T07:16:16.402Z - GET /components/SEOMeta.tsx
2026-08-06T07:16:16.404Z - GET /components/Breadcrumbs.tsx
2026-08-06T07:16:16.406Z - GET /src/utils/json.ts
2026-08-06T07:16:16.493Z - GET /src/lib/firebase.ts
2026-08-06T07:16:16.495Z - GET /src/admin/components/Toast.tsx
2026-08-06T07:16:16.497Z - GET /src/components/ImageUploader.tsx
2026-08-06T07:16:16.500Z - GET /src/components/ConfirmDeleteModal.tsx
2026-08-06T07:16:16.501Z - GET /src/admin/components/FormSection.tsx
2026-08-06T07:16:16.503Z - GET /src/admin/components/FormRepeater.tsx
2026-08-06T07:16:16.574Z - GET /firebase-applet-config.json?import
2026-08-06T07:16:16.667Z - GET /assets/Gk%20Logo.png
2026-08-06T07:16:16.692Z - GET /assets/mouse.png
2026-08-06T07:16:16.694Z - GET /assets/frame.png
2026-08-06T07:16:16.697Z - GET /assets/mat.png
2026-08-06T07:16:16.699Z - GET /assets/bag.png
2026-08-06T07:16:16.700Z - GET /assets/jearsy.png
2026-08-06T07:16:44.589Z - GET /careers/xfgh
2026-08-06T07:16:44.696Z - GET /@vite/client
2026-08-06T07:16:44.701Z - GET /@react-refresh
2026-08-06T07:16:44.702Z - GET /index.tsx
2026-08-06T07:16:44.862Z - GET /App.tsx
2026-08-06T07:16:44.863Z - GET /node_modules/vite/dist/client/env.mjs
2026-08-06T07:16:44.955Z - GET /pages/Home.tsx
2026-08-06T07:16:44.957Z - GET /pages/Schedule.tsx
2026-08-06T07:16:44.961Z - GET /pages/Socials.tsx
2026-08-06T07:16:44.962Z - GET /pages/NewsDetail.tsx
2026-08-06T07:16:44.963Z - GET /pages/PlayerProfile.tsx
2026-08-06T07:16:44.969Z - GET /src/admin/Leadership.tsx
2026-08-06T07:16:44.971Z - GET /src/admin/Users.tsx
2026-08-06T07:16:44.973Z - GET /src/admin/LoginPage.tsx
2026-08-06T07:16:44.975Z - GET /src/admin/Dashboard.tsx
2026-08-06T07:16:44.977Z - GET /src/admin/Creators.tsx
2026-08-06T07:16:44.979Z - GET /pages/Careers.tsx
2026-08-06T07:16:44.981Z - GET /constants.tsx
2026-08-06T07:16:44.982Z - GET /src/admin/Settings.tsx
2026-08-06T07:16:44.984Z - GET /src/admin/Schedule.tsx
2026-08-06T07:16:44.985Z - GET /pages/Teams.tsx
2026-08-06T07:16:44.987Z - GET /pages/Information.tsx
2026-08-06T07:16:44.989Z - GET /src/admin/Gallery.tsx
2026-08-06T07:16:44.991Z - GET /src/admin/Teams.tsx
2026-08-06T07:16:44.997Z - GET /pages/News.tsx
2026-08-06T07:16:44.999Z - GET /src/admin/Subscribers.tsx
2026-08-06T07:16:45.000Z - GET /src/admin/News.tsx
2026-08-06T07:16:45.001Z - GET /pages/About.tsx
2026-08-06T07:16:45.002Z - GET /pages/JobDetail.tsx
2026-08-06T07:16:45.004Z - GET /components/GlobalSearch.tsx
2026-08-06T07:16:45.006Z - GET /components/NewsletterPopup.tsx
2026-08-06T07:16:45.022Z - GET /components/SocialFollowerIcon.tsx
2026-08-06T07:16:45.025Z - GET /pages/EventDetail.tsx
2026-08-06T07:16:45.026Z - GET /src/admin/Jobs.tsx
2026-08-06T07:16:45.065Z - GET /components/ui/ArenaButton.tsx
2026-08-06T07:16:45.068Z - GET /src/utils/json.ts
2026-08-06T07:16:45.069Z - GET /components/SEOMeta.tsx
2026-08-06T07:16:45.070Z - GET /components/Breadcrumbs.tsx
2026-08-06T07:16:45.084Z - GET /src/components/ImageUploader.tsx
2026-08-06T07:16:45.085Z - GET /src/components/ConfirmDeleteModal.tsx
2026-08-06T07:16:45.144Z - GET /src/admin/AdminLayout.tsx
2026-08-06T07:16:45.174Z - GET /src/admin/components/FormRepeater.tsx
2026-08-06T07:16:45.176Z - GET /src/admin/components/Toast.tsx
2026-08-06T07:16:45.176Z - GET /src/admin/components/FormSection.tsx
2026-08-06T07:16:45.177Z - GET /src/lib/firebase.ts
2026-08-06T07:16:45.254Z - GET /firebase-applet-config.json?import
2026-08-06T07:16:45.356Z - GET /assets/Gk%20Logo.png
2026-08-06T07:16:45.373Z - GET /api/teams
2026-08-06T07:16:45.694Z - GET /api/teams
2026-08-06T07:16:46.182Z - GET /api/teams/4/players
2026-08-06T07:16:46.185Z - GET /api/teams/6/players
2026-08-06T07:16:46.188Z - GET /api/teams/5/players
2026-08-06T07:17:09.490Z - GET /
2026-08-06T07:17:09.584Z - GET /@vite/client
2026-08-06T07:17:09.587Z - GET /index.tsx
2026-08-06T07:17:09.592Z - GET /@react-refresh
2026-08-06T07:17:09.745Z - GET /App.tsx
2026-08-06T07:17:09.748Z - GET /node_modules/vite/dist/client/env.mjs
2026-08-06T07:17:09.824Z - GET /pages/Home.tsx
2026-08-06T07:17:09.852Z - GET /pages/Schedule.tsx
2026-08-06T07:17:09.856Z - GET /components/NewsletterPopup.tsx
2026-08-06T07:17:09.857Z - GET /pages/NewsDetail.tsx
2026-08-06T07:17:09.859Z - GET /pages/PlayerProfile.tsx
2026-08-06T07:17:09.861Z - GET /src/admin/News.tsx
2026-08-06T07:17:09.862Z - GET /components/SocialFollowerIcon.tsx
2026-08-06T07:17:09.864Z - GET /pages/News.tsx
2026-08-06T07:17:09.866Z - GET /src/admin/Leadership.tsx
2026-08-06T07:17:09.867Z - GET /pages/Socials.tsx
2026-08-06T07:17:09.869Z - GET /src/admin/Subscribers.tsx
2026-08-06T07:17:09.870Z - GET /src/admin/AdminLayout.tsx
2026-08-06T07:17:09.871Z - GET /pages/Careers.tsx
2026-08-06T07:17:09.873Z - GET /src/admin/Schedule.tsx
2026-08-06T07:17:09.874Z - GET /src/admin/Teams.tsx
2026-08-06T07:17:09.876Z - GET /src/admin/Gallery.tsx
2026-08-06T07:17:09.877Z - GET /src/admin/LoginPage.tsx
2026-08-06T07:17:09.879Z - GET /pages/About.tsx
2026-08-06T07:17:09.881Z - GET /src/admin/Settings.tsx
2026-08-06T07:17:09.883Z - GET /src/admin/Users.tsx
2026-08-06T07:17:09.884Z - GET /constants.tsx
2026-08-06T07:17:09.885Z - GET /src/admin/Dashboard.tsx
2026-08-06T07:17:09.887Z - GET /src/admin/Jobs.tsx
2026-08-06T07:17:09.889Z - GET /pages/Information.tsx
2026-08-06T07:17:09.891Z - GET /pages/Teams.tsx
2026-08-06T07:17:09.893Z - GET /pages/JobDetail.tsx
2026-08-06T07:17:09.895Z - GET /components/GlobalSearch.tsx
2026-08-06T07:17:09.919Z - GET /components/ui/ArenaButton.tsx
2026-08-06T07:17:09.927Z - GET /components/Breadcrumbs.tsx
2026-08-06T07:17:09.930Z - GET /src/utils/json.ts
2026-08-06T07:17:09.933Z - GET /src/lib/firebase.ts
2026-08-06T07:17:09.937Z - GET /components/SEOMeta.tsx
2026-08-06T07:17:09.940Z - GET /src/components/ImageUploader.tsx
2026-08-06T07:17:09.942Z - GET /src/components/ConfirmDeleteModal.tsx
2026-08-06T07:17:09.943Z - GET /src/admin/components/Toast.tsx
2026-08-06T07:17:09.957Z - GET /src/admin/components/FormSection.tsx
2026-08-06T07:17:09.960Z - GET /src/admin/components/FormRepeater.tsx
2026-08-06T07:17:10.013Z - GET /firebase-applet-config.json?import
2026-08-06T07:17:10.022Z - GET /pages/EventDetail.tsx
2026-08-06T07:17:10.031Z - GET /src/admin/Creators.tsx
2026-08-06T07:17:10.128Z - GET /assets/Gk%20Logo.png
2026-08-06T07:17:10.318Z - GET /api/health
2026-08-06T07:17:10.320Z - GET /api/stats
2026-08-06T07:17:10.394Z - GET /api/health
2026-08-06T07:17:12.177Z - GET /api/stats
2026-08-06T07:17:12.180Z - GET /api/activity
2026-08-06T07:17:13.498Z - GET /api/teams
2026-08-06T07:17:13.504Z - GET /api/creators
2026-08-06T07:17:13.507Z - GET /assets/Breezi.png
2026-08-06T07:17:13.508Z - GET /assets/Jorhdys.png
2026-08-06T07:17:13.511Z - GET /assets/NO%20PHOTO.png
2026-08-06T07:17:13.716Z - GET /api/activity
2026-08-06T07:17:13.778Z - GET /api/creators
2026-08-06T07:17:13.992Z - GET /api/teams
2026-08-06T07:17:14.477Z - GET /api/teams/4/players
2026-08-06T07:17:14.479Z - GET /api/teams/5/players
2026-08-06T07:17:14.482Z - GET /api/teams/6/players
2026-08-06T07:17:22.449Z - GET /api/teams
2026-08-06T07:17:22.698Z - GET /api/teams
2026-08-06T07:17:25.180Z - DELETE /api/teams/4
2026-08-06T07:17:25.566Z - GET /api/teams
2026-08-06T07:17:26.871Z - DELETE /api/teams/6
2026-08-06T07:17:27.238Z - GET /api/teams
2026-08-06T07:18:08.611Z - GET /api/teams/5/players
2026-08-06T07:18:11.806Z - DELETE /api/players/10
2026-08-06T07:18:12.206Z - GET /api/teams/5/players
2026-08-06T07:18:57.511Z - POST /api/upload
2026-08-06T07:19:03.883Z - POST /api/upload
2026-08-06T07:21:29.693Z - PUT /api/teams/5
2026-08-06T07:21:32.943Z - GET /api/teams
2026-08-06T07:21:51.586Z - GET /careers/xfgh
2026-08-06T07:21:51.691Z - GET /index.tsx
2026-08-06T07:21:51.693Z - GET /@react-refresh
2026-08-06T07:21:51.694Z - GET /@vite/client
2026-08-06T07:21:51.839Z - GET /node_modules/vite/dist/client/env.mjs
2026-08-06T07:21:51.862Z - GET /App.tsx
2026-08-06T07:21:51.943Z - GET /pages/Home.tsx
2026-08-06T07:21:51.961Z - GET /pages/Schedule.tsx
2026-08-06T07:21:51.965Z - GET /pages/News.tsx
2026-08-06T07:21:51.966Z - GET /pages/NewsDetail.tsx
2026-08-06T07:21:51.968Z - GET /pages/EventDetail.tsx
2026-08-06T07:21:51.972Z - GET /src/admin/Settings.tsx
2026-08-06T07:21:51.973Z - GET /src/admin/Users.tsx
2026-08-06T07:21:51.975Z - GET /src/admin/Schedule.tsx
2026-08-06T07:21:51.977Z - GET /pages/Socials.tsx
2026-08-06T07:21:51.980Z - GET /src/admin/Jobs.tsx
2026-08-06T07:21:51.995Z - GET /src/admin/Leadership.tsx
2026-08-06T07:21:51.997Z - GET /src/admin/News.tsx
2026-08-06T07:21:51.998Z - GET /pages/JobDetail.tsx
2026-08-06T07:21:51.999Z - GET /src/admin/Dashboard.tsx
2026-08-06T07:21:52.000Z - GET /pages/About.tsx
2026-08-06T07:21:52.000Z - GET /pages/PlayerProfile.tsx
2026-08-06T07:21:52.003Z - GET /src/admin/Subscribers.tsx
2026-08-06T07:21:52.003Z - GET /constants.tsx
2026-08-06T07:21:52.004Z - GET /src/admin/LoginPage.tsx
2026-08-06T07:21:52.005Z - GET /pages/Teams.tsx
2026-08-06T07:21:52.006Z - GET /pages/Information.tsx
2026-08-06T07:21:52.006Z - GET /pages/Careers.tsx
2026-08-06T07:21:52.007Z - GET /src/admin/Creators.tsx
2026-08-06T07:21:52.007Z - GET /src/admin/Gallery.tsx
2026-08-06T07:21:52.008Z - GET /components/GlobalSearch.tsx
2026-08-06T07:21:52.009Z - GET /components/NewsletterPopup.tsx
2026-08-06T07:21:52.009Z - GET /src/admin/Teams.tsx
2026-08-06T07:21:52.010Z - GET /components/SocialFollowerIcon.tsx
2026-08-06T07:21:52.011Z - GET /src/admin/AdminLayout.tsx
2026-08-06T07:21:52.136Z - GET /components/SEOMeta.tsx
2026-08-06T07:21:52.137Z - GET /components/ui/ArenaButton.tsx
2026-08-06T07:21:52.141Z - GET /src/lib/firebase.ts
2026-08-06T07:21:52.143Z - GET /src/admin/components/Toast.tsx
2026-08-06T07:21:52.144Z - GET /components/Breadcrumbs.tsx
2026-08-06T07:21:52.145Z - GET /src/utils/json.ts
2026-08-06T07:21:52.147Z - GET /src/admin/components/FormRepeater.tsx
2026-08-06T07:21:52.149Z - GET /src/admin/components/FormSection.tsx
2026-08-06T07:21:52.151Z - GET /src/components/ImageUploader.tsx
2026-08-06T07:21:52.153Z - GET /src/components/ConfirmDeleteModal.tsx
2026-08-06T07:21:52.218Z - GET /firebase-applet-config.json?import
2026-08-06T07:21:52.346Z - GET /assets/NO%20PHOTO.png
2026-08-06T07:21:52.348Z - GET /assets/Breezi.png
2026-08-06T07:21:52.349Z - GET /assets/Gk%20Logo.png
2026-08-06T07:21:52.351Z - GET /assets/Jorhdys.png
2026-08-06T07:21:52.389Z - GET /api/creators
2026-08-06T07:21:52.392Z - GET /api/teams
2026-08-06T07:21:52.620Z - GET /api/teams
2026-08-06T07:21:52.637Z - GET /api/creators
2026-08-06T07:21:52.840Z - GET /api/teams/5/players
2026-08-06T07:22:30.803Z - POST /api/upload
2026-08-06T07:22:33.518Z - PUT /api/teams/5
2026-08-06T07:22:35.008Z - GET /api/teams
2026-08-06T07:22:38.023Z - GET /careers/xfgh
2026-08-06T07:22:38.120Z - GET /@vite/client
2026-08-06T07:22:38.131Z - GET /@react-refresh
2026-08-06T07:22:38.133Z - GET /index.tsx
2026-08-06T07:22:38.287Z - GET /App.tsx
2026-08-06T07:22:38.290Z - GET /node_modules/vite/dist/client/env.mjs
2026-08-06T07:22:38.370Z - GET /pages/Home.tsx
2026-08-06T07:22:38.371Z - GET /pages/Schedule.tsx
2026-08-06T07:22:38.387Z - GET /pages/Careers.tsx
2026-08-06T07:22:38.388Z - GET /pages/Teams.tsx
2026-08-06T07:22:38.391Z - GET /pages/PlayerProfile.tsx
2026-08-06T07:22:38.392Z - GET /components/SocialFollowerIcon.tsx
2026-08-06T07:22:38.408Z - GET /pages/News.tsx
2026-08-06T07:22:38.411Z - GET /components/NewsletterPopup.tsx
2026-08-06T07:22:38.412Z - GET /src/admin/Teams.tsx
2026-08-06T07:22:38.415Z - GET /src/admin/Gallery.tsx
2026-08-06T07:22:38.418Z - GET /src/admin/Users.tsx
2026-08-06T07:22:38.421Z - GET /src/admin/LoginPage.tsx
2026-08-06T07:22:38.423Z - GET /src/admin/Dashboard.tsx
2026-08-06T07:22:38.424Z - GET /src/admin/Schedule.tsx
2026-08-06T07:22:38.425Z - GET /constants.tsx
2026-08-06T07:22:38.429Z - GET /pages/NewsDetail.tsx
2026-08-06T07:22:38.432Z - GET /src/admin/Subscribers.tsx
2026-08-06T07:22:38.434Z - GET /pages/Information.tsx
2026-08-06T07:22:38.437Z - GET /src/admin/Jobs.tsx
2026-08-06T07:22:38.441Z - GET /src/admin/AdminLayout.tsx
2026-08-06T07:22:38.444Z - GET /pages/Socials.tsx
2026-08-06T07:22:38.446Z - GET /components/GlobalSearch.tsx
2026-08-06T07:22:38.448Z - GET /src/admin/News.tsx
2026-08-06T07:22:38.449Z - GET /src/admin/Settings.tsx
2026-08-06T07:22:38.452Z - GET /src/admin/Creators.tsx
2026-08-06T07:22:38.454Z - GET /pages/About.tsx
2026-08-06T07:22:38.456Z - GET /src/admin/Leadership.tsx
2026-08-06T07:22:38.457Z - GET /pages/JobDetail.tsx
2026-08-06T07:22:38.460Z - GET /pages/EventDetail.tsx
2026-08-06T07:22:38.464Z - GET /components/Breadcrumbs.tsx
2026-08-06T07:22:38.466Z - GET /components/SEOMeta.tsx
2026-08-06T07:22:38.468Z - GET /src/utils/json.ts
2026-08-06T07:22:38.470Z - GET /components/ui/ArenaButton.tsx
2026-08-06T07:22:38.496Z - GET /src/lib/firebase.ts
2026-08-06T07:22:38.499Z - GET /src/admin/components/FormSection.tsx
2026-08-06T07:22:38.503Z - GET /src/components/ImageUploader.tsx
2026-08-06T07:22:38.506Z - GET /src/admin/components/Toast.tsx
2026-08-06T07:22:38.508Z - GET /src/admin/components/FormRepeater.tsx
2026-08-06T07:22:38.509Z - GET /src/components/ConfirmDeleteModal.tsx
2026-08-06T07:22:38.576Z - GET /firebase-applet-config.json?import
2026-08-06T07:22:38.694Z - GET /assets/Jorhdys.png
2026-08-06T07:22:38.697Z - GET /assets/NO%20PHOTO.png
2026-08-06T07:22:38.701Z - GET /assets/Gk%20Logo.png
2026-08-06T07:22:38.703Z - GET /assets/Breezi.png
2026-08-06T07:22:38.738Z - GET /api/creators
2026-08-06T07:22:38.740Z - GET /api/teams
2026-08-06T07:22:38.970Z - GET /api/creators
2026-08-06T07:22:38.974Z - GET /api/teams
2026-08-06T07:22:39.207Z - GET /api/teams/5/players
2026-08-06T07:30:03.997Z - GET /
2026-08-06T07:30:09.560Z - GET /
2026-08-06T07:30:10.078Z - GET /@vite/client
2026-08-06T07:30:10.081Z - GET /index.tsx
2026-08-06T07:30:10.082Z - GET /@react-refresh
2026-08-06T07:30:10.267Z - GET /App.tsx
2026-08-06T07:30:10.269Z - GET /node_modules/vite/dist/client/env.mjs
2026-08-06T07:30:11.571Z - GET /pages/Home.tsx
2026-08-06T07:30:11.577Z - GET /pages/Schedule.tsx
2026-08-06T07:30:11.584Z - GET /pages/Teams.tsx
2026-08-06T07:30:11.650Z - GET /pages/About.tsx
2026-08-06T07:30:11.687Z - GET /pages/Careers.tsx
2026-08-06T07:30:11.717Z - GET /components/SocialFollowerIcon.tsx
2026-08-06T07:30:11.719Z - GET /src/admin/Subscribers.tsx
2026-08-06T07:30:11.722Z - GET /pages/News.tsx
2026-08-06T07:30:11.726Z - GET /components/NewsletterPopup.tsx
2026-08-06T07:30:11.728Z - GET /src/admin/Users.tsx
2026-08-06T07:30:11.729Z - GET /pages/JobDetail.tsx
2026-08-06T07:30:11.731Z - GET /src/admin/Schedule.tsx
2026-08-06T07:30:11.733Z - GET /src/admin/News.tsx
2026-08-06T07:30:11.734Z - GET /src/admin/Dashboard.tsx
2026-08-06T07:30:11.736Z - GET /pages/NewsDetail.tsx
2026-08-06T07:30:11.737Z - GET /src/admin/Leadership.tsx
2026-08-06T07:30:11.738Z - GET /src/admin/Teams.tsx
2026-08-06T07:30:11.745Z - GET /src/admin/Jobs.tsx
2026-08-06T07:30:11.747Z - GET /components/GlobalSearch.tsx
2026-08-06T07:30:11.748Z - GET /pages/EventDetail.tsx
2026-08-06T07:30:11.750Z - GET /src/admin/Gallery.tsx
2026-08-06T07:30:11.752Z - GET /pages/Information.tsx
2026-08-06T07:30:11.754Z - GET /src/admin/Creators.tsx
2026-08-06T07:30:11.756Z - GET /src/admin/Settings.tsx
2026-08-06T07:30:11.758Z - GET /src/admin/AdminLayout.tsx
2026-08-06T07:30:11.760Z - GET /src/admin/LoginPage.tsx
2026-08-06T07:30:11.762Z - GET /pages/Socials.tsx
2026-08-06T07:30:11.763Z - GET /constants.tsx
2026-08-06T07:30:11.765Z - GET /pages/PlayerProfile.tsx
2026-08-06T07:30:11.769Z - GET /components/ui/ArenaButton.tsx
2026-08-06T07:30:11.774Z - GET /components/SEOMeta.tsx
2026-08-06T07:30:11.776Z - GET /src/utils/json.ts
2026-08-06T07:30:11.779Z - GET /components/Breadcrumbs.tsx
2026-08-06T07:30:11.808Z - GET /src/lib/firebase.ts
2026-08-06T07:30:11.810Z - GET /src/components/ConfirmDeleteModal.tsx
2026-08-06T07:30:11.825Z - GET /src/admin/components/FormRepeater.tsx
2026-08-06T07:30:11.827Z - GET /src/admin/components/FormSection.tsx
2026-08-06T07:30:11.828Z - GET /src/admin/components/Toast.tsx
2026-08-06T07:30:11.830Z - GET /src/components/ImageUploader.tsx
2026-08-06T07:30:11.884Z - GET /firebase-applet-config.json?import
2026-08-06T07:30:11.984Z - GET /assets/Gk%20Logo.png
2026-08-06T07:30:12.010Z - GET /assets/mouse.png
2026-08-06T07:30:12.012Z - GET /assets/mat.png
2026-08-06T07:30:12.012Z - GET /assets/jearsy.png
2026-08-06T07:30:12.014Z - GET /assets/frame.png
2026-08-06T07:30:12.015Z - GET /assets/bag.png
2026-08-06T22:48:41.885Z - GET /assets/bag.png
2026-08-06T22:48:41.887Z - GET /assets/frame.png
2026-08-06T22:48:41.889Z - GET /assets/mat.png
2026-08-06T22:48:41.891Z - GET /assets/mouse.png
2026-08-06T22:48:41.894Z - GET /assets/jearsy.png
2026-08-06T22:49:00.858Z - GET /api/leadership
2026-08-06T22:49:02.070Z - GET /api/leadership
2026-08-06T22:57:35.977Z - GET /
2026-08-06T22:57:36.085Z - GET /@react-refresh
2026-08-06T22:57:36.089Z - GET /index.tsx
2026-08-06T22:57:36.092Z - GET /@vite/client
2026-08-06T22:57:36.238Z - GET /node_modules/vite/dist/client/env.mjs
2026-08-06T22:57:36.284Z - GET /App.tsx
2026-08-06T22:57:36.428Z - GET /pages/Home.tsx
2026-08-06T22:57:36.431Z - GET /src/admin/Users.tsx
2026-08-06T22:57:36.432Z - GET /pages/Schedule.tsx
2026-08-06T22:57:36.434Z - GET /src/admin/News.tsx
2026-08-06T22:57:36.436Z - GET /src/admin/Subscribers.tsx
2026-08-06T22:57:36.440Z - GET /pages/Socials.tsx
2026-08-06T22:57:36.441Z - GET /src/admin/Settings.tsx
2026-08-06T22:57:36.443Z - GET /src/admin/Leadership.tsx
2026-08-06T22:57:36.444Z - GET /src/admin/Teams.tsx
2026-08-06T22:57:36.445Z - GET /pages/Careers.tsx
2026-08-06T22:57:36.447Z - GET /src/admin/Schedule.tsx
2026-08-06T22:57:36.448Z - GET /src/admin/LoginPage.tsx
2026-08-06T22:57:36.450Z - GET /src/admin/Gallery.tsx
2026-08-06T22:57:36.451Z - GET /pages/Teams.tsx
2026-08-06T22:57:36.453Z - GET /pages/Information.tsx
2026-08-06T22:57:36.456Z - GET /pages/NewsDetail.tsx
2026-08-06T22:57:36.457Z - GET /src/admin/Dashboard.tsx
2026-08-06T22:57:36.458Z - GET /components/SocialFollowerIcon.tsx
2026-08-06T22:57:36.460Z - GET /components/GlobalSearch.tsx
2026-08-06T22:57:36.461Z - GET /pages/JobDetail.tsx
2026-08-06T22:57:36.463Z - GET /constants.tsx
2026-08-06T22:57:36.464Z - GET /components/NewsletterPopup.tsx
2026-08-06T22:57:36.465Z - GET /pages/PlayerProfile.tsx
2026-08-06T22:57:36.467Z - GET /pages/EventDetail.tsx
2026-08-06T22:57:36.468Z - GET /src/admin/Creators.tsx
2026-08-06T22:57:36.470Z - GET /src/admin/AdminLayout.tsx
2026-08-06T22:57:36.471Z - GET /src/admin/Jobs.tsx
2026-08-06T22:57:36.472Z - GET /pages/News.tsx
2026-08-06T22:57:36.483Z - GET /pages/About.tsx
2026-08-06T22:57:36.508Z - GET /components/SEOMeta.tsx
2026-08-06T22:57:36.509Z - GET /src/utils/json.ts
2026-08-06T22:57:36.512Z - GET /components/Breadcrumbs.tsx
2026-08-06T22:57:36.513Z - GET /src/components/ConfirmDeleteModal.tsx
2026-08-06T22:57:36.515Z - GET /components/ui/ArenaButton.tsx
2026-08-06T22:57:36.517Z - GET /src/admin/components/Toast.tsx
2026-08-06T22:57:36.518Z - GET /src/lib/firebase.ts
2026-08-06T22:57:36.520Z - GET /src/components/ImageUploader.tsx
2026-08-06T22:57:36.523Z - GET /src/admin/components/FormSection.tsx
2026-08-06T22:57:36.524Z - GET /src/admin/components/FormRepeater.tsx
2026-08-06T22:57:36.592Z - GET /firebase-applet-config.json?import
2026-08-06T22:57:36.700Z - GET /assets/Gk%20Logo.png
2026-08-06T22:57:36.872Z - GET /api/health
2026-08-06T22:57:36.874Z - GET /api/stats
2026-08-06T22:57:36.951Z - GET /api/health
2026-08-06T22:57:39.100Z - GET /api/stats
2026-08-06T22:57:39.103Z - GET /api/activity
2026-08-06T22:57:40.190Z - GET /api/teams
2026-08-06T22:57:40.430Z - GET /api/teams
2026-08-06T22:57:41.429Z - GET /api/activity
2026-08-06T22:57:42.002Z - GET /api/teams/5/players
2026-08-06T23:16:50.723Z - GET /api/creators
2026-08-06T23:16:50.726Z - GET /assets/Jorhdys.png
2026-08-06T23:16:50.727Z - GET /assets/Breezi.png
2026-08-06T23:16:50.728Z - GET /assets/NO%20PHOTO.png
2026-08-06T23:16:50.730Z - GET /api/teams
2026-08-06T23:16:51.334Z - GET /api/creators
2026-08-06T23:16:51.335Z - GET /api/teams
2026-08-06T23:16:51.559Z - GET /api/teams/5/players
2026-08-06T23:17:45.659Z - PUT /api/teams/5
2026-08-06T23:17:47.203Z - GET /api/teams
2026-08-06T23:17:56.473Z - GET /careers/xfgh
2026-08-06T23:17:56.571Z - GET /@vite/client
2026-08-06T23:17:56.575Z - GET /@react-refresh
2026-08-06T23:17:56.577Z - GET /index.tsx
2026-08-06T23:17:56.721Z - GET /node_modules/vite/dist/client/env.mjs
2026-08-06T23:17:56.781Z - GET /App.tsx
2026-08-06T23:17:56.873Z - GET /pages/Home.tsx
2026-08-06T23:17:56.876Z - GET /pages/PlayerProfile.tsx
2026-08-06T23:17:56.881Z - GET /pages/EventDetail.tsx
2026-08-06T23:17:56.882Z - GET /src/admin/News.tsx
2026-08-06T23:17:56.884Z - GET /src/admin/Leadership.tsx
2026-08-06T23:17:56.884Z - GET /src/admin/Users.tsx
2026-08-06T23:17:56.885Z - GET /pages/Socials.tsx
2026-08-06T23:17:56.887Z - GET /src/admin/Jobs.tsx
2026-08-06T23:17:56.889Z - GET /src/admin/Subscribers.tsx
2026-08-06T23:17:56.890Z - GET /src/admin/Settings.tsx
2026-08-06T23:17:56.891Z - GET /src/admin/LoginPage.tsx
2026-08-06T23:17:56.892Z - GET /src/admin/Creators.tsx
2026-08-06T23:17:56.894Z - GET /src/admin/Teams.tsx
2026-08-06T23:17:56.899Z - GET /src/admin/Gallery.tsx
2026-08-06T23:17:56.901Z - GET /src/admin/Schedule.tsx
2026-08-06T23:17:56.902Z - GET /pages/Careers.tsx
2026-08-06T23:17:56.902Z - GET /src/admin/AdminLayout.tsx
2026-08-06T23:17:56.904Z - GET /components/GlobalSearch.tsx
2026-08-06T23:17:56.905Z - GET /pages/JobDetail.tsx
2026-08-06T23:17:56.906Z - GET /pages/Information.tsx
2026-08-06T23:17:56.907Z - GET /pages/Teams.tsx
2026-08-06T23:17:56.911Z - GET /pages/News.tsx
2026-08-06T23:17:56.912Z - GET /constants.tsx
2026-08-06T23:17:56.913Z - GET /pages/Schedule.tsx
2026-08-06T23:17:56.914Z - GET /components/SocialFollowerIcon.tsx
2026-08-06T23:17:56.915Z - GET /components/NewsletterPopup.tsx
2026-08-06T23:17:56.917Z - GET /pages/NewsDetail.tsx
2026-08-06T23:17:56.919Z - GET /src/admin/Dashboard.tsx
2026-08-06T23:17:56.921Z - GET /pages/About.tsx
2026-08-06T23:17:56.976Z - GET /components/SEOMeta.tsx
2026-08-06T23:17:56.979Z - GET /components/ui/ArenaButton.tsx
2026-08-06T23:17:56.992Z - GET /src/components/ConfirmDeleteModal.tsx
2026-08-06T23:17:56.993Z - GET /src/components/ImageUploader.tsx
2026-08-06T23:17:56.995Z - GET /src/lib/firebase.ts
2026-08-06T23:17:56.996Z - GET /src/utils/json.ts
2026-08-06T23:17:56.997Z - GET /components/Breadcrumbs.tsx
2026-08-06T23:17:57.000Z - GET /src/admin/components/FormSection.tsx
2026-08-06T23:17:57.003Z - GET /src/admin/components/FormRepeater.tsx
2026-08-06T23:17:57.011Z - GET /src/admin/components/Toast.tsx
2026-08-06T23:17:57.070Z - GET /firebase-applet-config.json?import
2026-08-06T23:17:57.194Z - GET /assets/Gk%20Logo.png
2026-08-06T23:17:57.197Z - GET /assets/Jorhdys.png
2026-08-06T23:17:57.200Z - GET /assets/Breezi.png
2026-08-06T23:17:57.202Z - GET /assets/NO%20PHOTO.png
2026-08-06T23:17:57.231Z - GET /api/teams
2026-08-06T23:17:57.233Z - GET /api/creators
2026-08-06T23:17:57.719Z - GET /api/teams
2026-08-06T23:17:57.722Z - GET /api/creators
2026-08-06T23:17:58.204Z - GET /api/teams/5/players
2026-08-06T23:20:56.873Z - GET /
2026-08-06T23:21:00.421Z - GET /
2026-08-06T23:21:00.943Z - GET /@vite/client
2026-08-06T23:21:00.946Z - GET /index.tsx
2026-08-06T23:21:00.947Z - GET /@react-refresh
2026-08-06T23:21:01.145Z - GET /App.tsx
2026-08-06T23:21:01.148Z - GET /node_modules/vite/dist/client/env.mjs
2026-08-06T23:21:02.272Z - GET /pages/Schedule.tsx
2026-08-06T23:21:02.300Z - GET /pages/Home.tsx
2026-08-06T23:21:02.308Z - GET /src/admin/Schedule.tsx
2026-08-06T23:21:02.368Z - GET /pages/Information.tsx
2026-08-06T23:21:02.399Z - GET /pages/About.tsx
2026-08-06T23:21:02.424Z - GET /pages/Careers.tsx
2026-08-06T23:21:02.426Z - GET /pages/Teams.tsx
2026-08-06T23:21:02.431Z - GET /src/admin/Teams.tsx
2026-08-06T23:21:02.432Z - GET /pages/Socials.tsx
2026-08-06T23:21:02.439Z - GET /src/admin/Dashboard.tsx
2026-08-06T23:21:02.441Z - GET /src/admin/Settings.tsx
2026-08-06T23:21:02.442Z - GET /components/SocialFollowerIcon.tsx
2026-08-06T23:21:02.444Z - GET /src/admin/AdminLayout.tsx
2026-08-06T23:21:02.445Z - GET /pages/EventDetail.tsx
2026-08-06T23:21:02.447Z - GET /src/admin/LoginPage.tsx
2026-08-06T23:21:02.448Z - GET /src/admin/Gallery.tsx
2026-08-06T23:21:02.449Z - GET /src/admin/Leadership.tsx
2026-08-06T23:21:02.450Z - GET /pages/JobDetail.tsx
2026-08-06T23:21:02.452Z - GET /pages/PlayerProfile.tsx
2026-08-06T23:21:02.453Z - GET /src/admin/Subscribers.tsx
2026-08-06T23:21:02.454Z - GET /src/admin/Users.tsx
2026-08-06T23:21:02.455Z - GET /src/admin/Jobs.tsx
2026-08-06T23:21:02.457Z - GET /pages/NewsDetail.tsx
2026-08-06T23:21:02.458Z - GET /pages/News.tsx
2026-08-06T23:21:02.459Z - GET /components/NewsletterPopup.tsx
2026-08-06T23:21:02.461Z - GET /components/GlobalSearch.tsx
2026-08-06T23:21:02.462Z - GET /src/admin/Creators.tsx
2026-08-06T23:21:02.463Z - GET /constants.tsx
2026-08-06T23:21:02.464Z - GET /src/admin/News.tsx
2026-08-06T23:21:02.465Z - GET /components/SEOMeta.tsx
2026-08-06T23:21:02.466Z - GET /src/utils/json.ts
2026-08-06T23:21:02.466Z - GET /components/Breadcrumbs.tsx
2026-08-06T23:21:02.467Z - GET /components/ui/ArenaButton.tsx
2026-08-06T23:21:02.468Z - GET /src/components/ConfirmDeleteModal.tsx
2026-08-06T23:21:02.470Z - GET /src/admin/components/FormSection.tsx
2026-08-06T23:21:02.471Z - GET /src/components/ImageUploader.tsx
2026-08-06T23:21:02.471Z - GET /src/admin/components/FormRepeater.tsx
2026-08-06T23:21:02.538Z - GET /src/lib/firebase.ts
2026-08-06T23:21:02.541Z - GET /src/admin/components/Toast.tsx
2026-08-06T23:21:02.614Z - GET /firebase-applet-config.json?import
2026-08-06T23:21:02.721Z - GET /assets/Gk%20Logo.png
2026-08-06T23:21:02.741Z - GET /assets/jearsy.png
2026-08-06T23:21:02.742Z - GET /assets/frame.png
2026-08-06T23:21:02.743Z - GET /assets/bag.png
2026-08-06T23:21:02.744Z - GET /assets/mat.png
2026-08-06T23:21:02.746Z - GET /assets/mouse.png
2026-08-06T23:21:12.985Z - GET /assets/Jorhdys.png
2026-08-06T23:21:12.987Z - GET /assets/NO%20PHOTO.png
2026-08-06T23:21:12.990Z - GET /api/teams
2026-08-06T23:21:13.009Z - GET /assets/Breezi.png
2026-08-06T23:21:13.011Z - GET /api/creators
2026-08-06T23:21:13.887Z - GET /api/creators
2026-08-06T23:21:13.891Z - GET /api/teams
2026-08-06T23:21:14.375Z - GET /api/teams/5/players
2026-08-06T23:21:39.252Z - GET /
2026-08-06T23:21:39.357Z - GET /@vite/client
2026-08-06T23:21:39.359Z - GET /index.tsx
2026-08-06T23:21:39.361Z - GET /@react-refresh
2026-08-06T23:21:39.521Z - GET /App.tsx
2026-08-06T23:21:39.523Z - GET /node_modules/vite/dist/client/env.mjs
2026-08-06T23:21:39.617Z - GET /pages/Home.tsx
2026-08-06T23:21:39.622Z - GET /pages/Teams.tsx
2026-08-06T23:21:39.624Z - GET /pages/Careers.tsx
2026-08-06T23:21:39.626Z - GET /pages/About.tsx
2026-08-06T23:21:39.631Z - GET /pages/Schedule.tsx
2026-08-06T23:21:39.633Z - GET /src/admin/Creators.tsx
2026-08-06T23:21:39.635Z - GET /src/admin/AdminLayout.tsx
2026-08-06T23:21:39.637Z - GET /src/admin/Teams.tsx
2026-08-06T23:21:39.639Z - GET /src/admin/Gallery.tsx
2026-08-06T23:21:39.641Z - GET /src/admin/Dashboard.tsx
2026-08-06T23:21:39.642Z - GET /pages/JobDetail.tsx
2026-08-06T23:21:39.644Z - GET /src/admin/Schedule.tsx
2026-08-06T23:21:39.646Z - GET /src/admin/Jobs.tsx
2026-08-06T23:21:39.649Z - GET /src/admin/Leadership.tsx
2026-08-06T23:21:39.650Z - GET /pages/Socials.tsx
2026-08-06T23:21:39.652Z - GET /pages/Information.tsx
2026-08-06T23:21:39.654Z - GET /src/admin/Settings.tsx
2026-08-06T23:21:39.656Z - GET /src/admin/News.tsx
2026-08-06T23:21:39.658Z - GET /src/admin/LoginPage.tsx
2026-08-06T23:21:39.659Z - GET /components/SocialFollowerIcon.tsx
2026-08-06T23:21:39.661Z - GET /src/admin/Users.tsx
2026-08-06T23:21:39.663Z - GET /src/admin/Subscribers.tsx
2026-08-06T23:21:39.665Z - GET /components/GlobalSearch.tsx
2026-08-06T23:21:39.666Z - GET /pages/EventDetail.tsx
2026-08-06T23:21:39.668Z - GET /pages/PlayerProfile.tsx
2026-08-06T23:21:39.669Z - GET /pages/News.tsx
2026-08-06T23:21:39.671Z - GET /components/NewsletterPopup.tsx
2026-08-06T23:21:39.672Z - GET /pages/NewsDetail.tsx
2026-08-06T23:21:39.674Z - GET /constants.tsx
2026-08-06T23:21:39.700Z - GET /components/SEOMeta.tsx
2026-08-06T23:21:39.701Z - GET /components/ui/ArenaButton.tsx
2026-08-06T23:21:39.704Z - GET /components/Breadcrumbs.tsx
2026-08-06T23:21:39.706Z - GET /src/utils/json.ts
2026-08-06T23:21:39.712Z - GET /src/admin/components/Toast.tsx
2026-08-06T23:21:39.713Z - GET /src/components/ImageUploader.tsx
2026-08-06T23:21:39.715Z - GET /src/components/ConfirmDeleteModal.tsx
2026-08-06T23:21:39.716Z - GET /src/admin/components/FormRepeater.tsx
2026-08-06T23:21:39.718Z - GET /src/lib/firebase.ts
2026-08-06T23:21:39.719Z - GET /src/admin/components/FormSection.tsx
2026-08-06T23:21:39.793Z - GET /firebase-applet-config.json?import
2026-08-06T23:21:39.887Z - GET /assets/Gk%20Logo.png
2026-08-06T23:21:40.405Z - GET /api/health
2026-08-06T23:21:40.408Z - GET /api/stats
2026-08-06T23:21:40.481Z - GET /api/health
2026-08-06T23:21:42.498Z - GET /api/activity
2026-08-06T23:21:42.502Z - GET /api/stats
2026-08-06T23:21:43.205Z - GET /api/teams
2026-08-06T23:21:43.717Z - GET /api/teams
2026-08-06T23:21:43.769Z - GET /api/activity
2026-08-06T23:21:50.831Z - POST /api/teams
2026-08-06T23:21:51.333Z - GET /api/teams
2026-08-06T23:21:56.308Z - GET /careers/xfgh
2026-08-06T23:21:56.407Z - GET /@vite/client
2026-08-06T23:21:56.410Z - GET /index.tsx
2026-08-06T23:21:56.413Z - GET /@react-refresh
2026-08-06T23:21:56.564Z - GET /App.tsx
2026-08-06T23:21:56.566Z - GET /node_modules/vite/dist/client/env.mjs
2026-08-06T23:21:56.656Z - GET /pages/Schedule.tsx
2026-08-06T23:21:56.657Z - GET /pages/Home.tsx
2026-08-06T23:21:56.663Z - GET /pages/Teams.tsx
2026-08-06T23:21:56.667Z - GET /pages/About.tsx
2026-08-06T23:21:56.668Z - GET /pages/Socials.tsx
2026-08-06T23:21:56.669Z - GET /pages/NewsDetail.tsx
2026-08-06T23:21:56.672Z - GET /pages/News.tsx
2026-08-06T23:21:56.676Z - GET /src/admin/Jobs.tsx
2026-08-06T23:21:56.679Z - GET /src/admin/Subscribers.tsx
2026-08-06T23:21:56.681Z - GET /src/admin/Schedule.tsx
2026-08-06T23:21:56.682Z - GET /pages/Careers.tsx
2026-08-06T23:21:56.684Z - GET /src/admin/AdminLayout.tsx
2026-08-06T23:21:56.686Z - GET /src/admin/Teams.tsx
2026-08-06T23:21:56.688Z - GET /src/admin/Dashboard.tsx
2026-08-06T23:21:56.689Z - GET /src/admin/LoginPage.tsx
2026-08-06T23:21:56.691Z - GET /src/admin/Leadership.tsx
2026-08-06T23:21:56.693Z - GET /pages/Information.tsx
2026-08-06T23:21:56.694Z - GET /src/admin/Settings.tsx
2026-08-06T23:21:56.696Z - GET /src/admin/Gallery.tsx
2026-08-06T23:21:56.697Z - GET /pages/EventDetail.tsx
2026-08-06T23:21:56.699Z - GET /components/GlobalSearch.tsx
2026-08-06T23:21:56.700Z - GET /src/admin/Creators.tsx
2026-08-06T23:21:56.700Z - GET /pages/JobDetail.tsx
2026-08-06T23:21:56.702Z - GET /pages/PlayerProfile.tsx
2026-08-06T23:21:56.703Z - GET /components/SocialFollowerIcon.tsx
2026-08-06T23:21:56.705Z - GET /components/NewsletterPopup.tsx
2026-08-06T23:21:56.706Z - GET /src/admin/News.tsx
2026-08-06T23:21:56.707Z - GET /constants.tsx
2026-08-06T23:21:56.708Z - GET /src/admin/Users.tsx
2026-08-06T23:21:56.740Z - GET /components/Breadcrumbs.tsx
2026-08-06T23:21:56.742Z - GET /components/ui/ArenaButton.tsx
2026-08-06T23:21:56.743Z - GET /components/SEOMeta.tsx
2026-08-06T23:21:56.746Z - GET /src/utils/json.ts
2026-08-06T23:21:56.772Z - GET /src/lib/firebase.ts
2026-08-06T23:21:56.773Z - GET /src/components/ConfirmDeleteModal.tsx
2026-08-06T23:21:56.775Z - GET /src/components/ImageUploader.tsx
2026-08-06T23:21:56.778Z - GET /src/admin/components/FormSection.tsx
2026-08-06T23:21:56.780Z - GET /src/admin/components/FormRepeater.tsx
2026-08-06T23:21:56.782Z - GET /src/admin/components/Toast.tsx
2026-08-06T23:21:56.846Z - GET /firebase-applet-config.json?import
2026-08-06T23:21:56.959Z - GET /assets/Jorhdys.png
2026-08-06T23:21:56.961Z - GET /assets/NO%20PHOTO.png
2026-08-06T23:21:56.963Z - GET /assets/Gk%20Logo.png
2026-08-06T23:21:56.965Z - GET /assets/Breezi.png
2026-08-06T23:21:56.994Z - GET /api/creators
2026-08-06T23:21:56.997Z - GET /api/teams
2026-08-06T23:21:57.237Z - GET /api/creators
2026-08-06T23:21:57.241Z - GET /api/teams
2026-08-06T23:21:57.468Z - GET /api/teams/7/players
2026-08-06T23:21:57.470Z - GET /api/teams/5/players
2026-08-06T23:22:16.937Z - DELETE /api/teams/7
2026-08-06T23:22:17.504Z - GET /api/teams
2026-08-06T23:22:17.926Z - GET /api/leadership
2026-08-06T23:22:18.157Z - GET /api/leadership
2026-08-06T23:22:19.946Z - GET /api/stats
2026-08-06T23:22:19.947Z - GET /api/health
2026-08-06T23:22:20.039Z - GET /api/health
2026-08-06T23:22:22.209Z - GET /api/stats
2026-08-06T23:22:22.211Z - GET /api/activity
2026-08-06T23:22:23.485Z - GET /api/activity
2026-08-06T23:22:41.224Z - GET /api/leadership
2026-08-06T23:22:41.465Z - GET /api/leadership
2026-08-06T23:22:51.439Z - GET /assets/jearsy.png
2026-08-06T23:22:51.441Z - GET /assets/mouse.png
2026-08-06T23:22:51.443Z - GET /assets/frame.png
2026-08-06T23:22:51.444Z - GET /assets/bag.png
2026-08-06T23:22:51.446Z - GET /assets/mat.png
2026-08-06T23:22:53.165Z - GET /api/leadership
2026-08-06T23:22:53.658Z - GET /api/leadership
2026-08-06T23:31:27.763Z - GET /api/teams
2026-08-06T23:31:28.335Z - GET /api/teams
2026-08-06T23:31:31.071Z - GET /api/creators
2026-08-06T23:31:31.361Z - GET /api/creators
2026-08-06T23:36:20.913Z - GET /
2026-08-06T23:36:25.515Z - GET /
2026-08-06T23:36:26.056Z - GET /@vite/client
2026-08-06T23:36:26.059Z - GET /index.tsx
2026-08-06T23:36:26.063Z - GET /@react-refresh
2026-08-06T23:36:26.256Z - GET /App.tsx
2026-08-06T23:36:26.264Z - GET /node_modules/vite/dist/client/env.mjs
2026-08-06T23:36:27.606Z - GET /pages/Schedule.tsx
2026-08-06T23:36:27.612Z - GET /pages/Home.tsx
2026-08-06T23:36:27.619Z - GET /pages/Careers.tsx
2026-08-06T23:36:27.688Z - GET /pages/Teams.tsx
2026-08-06T23:36:27.721Z - GET /pages/Information.tsx
2026-08-06T23:36:27.746Z - GET /pages/JobDetail.tsx
2026-08-06T23:36:27.749Z - GET /src/admin/AdminLayout.tsx
2026-08-06T23:36:27.752Z - GET /pages/EventDetail.tsx
2026-08-06T23:36:27.755Z - GET /pages/PlayerProfile.tsx
2026-08-06T23:36:27.756Z - GET /pages/About.tsx
2026-08-06T23:36:27.756Z - GET /src/admin/News.tsx
2026-08-06T23:36:27.757Z - GET /pages/NewsDetail.tsx
2026-08-06T23:36:27.758Z - GET /pages/News.tsx
2026-08-06T23:36:27.759Z - GET /pages/Socials.tsx
2026-08-06T23:36:27.761Z - GET /components/SocialFollowerIcon.tsx
2026-08-06T23:36:27.762Z - GET /src/admin/Users.tsx
2026-08-06T23:36:27.763Z - GET /src/admin/Subscribers.tsx
2026-08-06T23:36:27.763Z - GET /src/admin/Teams.tsx
2026-08-06T23:36:27.764Z - GET /src/admin/Jobs.tsx
2026-08-06T23:36:27.765Z - GET /src/admin/Leadership.tsx
2026-08-06T23:36:27.767Z - GET /src/admin/Settings.tsx
2026-08-06T23:36:27.768Z - GET /src/admin/Gallery.tsx
2026-08-06T23:36:27.769Z - GET /src/admin/Schedule.tsx
2026-08-06T23:36:27.770Z - GET /src/admin/Dashboard.tsx
2026-08-06T23:36:27.773Z - GET /src/admin/Creators.tsx
2026-08-06T23:36:27.774Z - GET /components/GlobalSearch.tsx
2026-08-06T23:36:27.775Z - GET /constants.tsx
2026-08-06T23:36:27.777Z - GET /src/admin/LoginPage.tsx
2026-08-06T23:36:27.777Z - GET /components/NewsletterPopup.tsx
2026-08-06T23:36:27.779Z - GET /src/utils/json.ts
2026-08-06T23:36:27.780Z - GET /components/SEOMeta.tsx
2026-08-06T23:36:27.781Z - GET /components/Breadcrumbs.tsx
2026-08-06T23:36:27.782Z - GET /components/ui/ArenaButton.tsx
2026-08-06T23:36:28.523Z - GET /src/lib/firebase.ts
2026-08-06T23:36:28.525Z - GET /src/components/ConfirmDeleteModal.tsx
2026-08-06T23:36:28.527Z - GET /src/admin/components/Toast.tsx
2026-08-06T23:36:28.529Z - GET /src/components/ImageUploader.tsx
2026-08-06T23:36:28.530Z - GET /src/admin/components/FormSection.tsx
2026-08-06T23:36:28.532Z - GET /src/admin/components/FormRepeater.tsx
2026-08-06T23:36:28.604Z - GET /firebase-applet-config.json?import
2026-08-06T23:36:28.711Z - GET /assets/Gk%20Logo.png
2026-08-06T23:36:28.736Z - GET /assets/jearsy.png
2026-08-06T23:36:28.738Z - GET /assets/frame.png
2026-08-06T23:36:28.741Z - GET /assets/bag.png
2026-08-06T23:36:28.743Z - GET /assets/mouse.png
2026-08-06T23:36:28.744Z - GET /assets/mat.png
2026-08-06T23:37:07.192Z - GET /api/teams
2026-08-06T23:37:07.208Z - GET /api/creators
2026-08-06T23:37:07.211Z - GET /assets/NO%20PHOTO.png
2026-08-06T23:37:07.214Z - GET /assets/Breezi.png
2026-08-06T23:37:07.216Z - GET /assets/Jorhdys.png
2026-08-06T23:37:07.643Z - GET /api/creators
2026-08-06T23:37:07.650Z - GET /api/teams
2026-08-06T23:37:07.878Z - GET /api/teams/5/players
2026-08-06T23:38:03.007Z - GET /
2026-08-06T23:38:03.110Z - GET /@vite/client
2026-08-06T23:38:03.112Z - GET /@react-refresh
2026-08-06T23:38:03.114Z - GET /index.tsx
2026-08-06T23:38:03.346Z - GET /App.tsx
2026-08-06T23:38:03.348Z - GET /node_modules/vite/dist/client/env.mjs
2026-08-06T23:38:03.437Z - GET /pages/Schedule.tsx
2026-08-06T23:38:03.439Z - GET /pages/Home.tsx
2026-08-06T23:38:03.443Z - GET /pages/About.tsx
2026-08-06T23:38:03.444Z - GET /pages/Teams.tsx
2026-08-06T23:38:03.448Z - GET /src/admin/Dashboard.tsx
2026-08-06T23:38:03.450Z - GET /src/admin/Teams.tsx
2026-08-06T23:38:03.452Z - GET /pages/Information.tsx
2026-08-06T23:38:03.455Z - GET /src/admin/LoginPage.tsx
2026-08-06T23:38:03.458Z - GET /src/admin/AdminLayout.tsx
2026-08-06T23:38:03.460Z - GET /pages/Socials.tsx
2026-08-06T23:38:03.462Z - GET /pages/Careers.tsx
2026-08-06T23:38:03.463Z - GET /src/admin/Users.tsx
2026-08-06T23:38:03.466Z - GET /pages/JobDetail.tsx
2026-08-06T23:38:03.468Z - GET /src/admin/Schedule.tsx
2026-08-06T23:38:03.469Z - GET /src/admin/Creators.tsx
2026-08-06T23:38:03.471Z - GET /src/admin/Jobs.tsx
2026-08-06T23:38:03.473Z - GET /pages/EventDetail.tsx
2026-08-06T23:38:03.475Z - GET /components/SocialFollowerIcon.tsx
2026-08-06T23:38:03.476Z - GET /src/admin/News.tsx
2026-08-06T23:38:03.478Z - GET /src/admin/Settings.tsx
2026-08-06T23:38:03.480Z - GET /components/NewsletterPopup.tsx
2026-08-06T23:38:03.483Z - GET /src/admin/Leadership.tsx
2026-08-06T23:38:03.484Z - GET /constants.tsx
2026-08-06T23:38:03.486Z - GET /pages/NewsDetail.tsx
2026-08-06T23:38:03.487Z - GET /pages/PlayerProfile.tsx
2026-08-06T23:38:03.489Z - GET /src/admin/Gallery.tsx
2026-08-06T23:38:03.490Z - GET /pages/News.tsx
2026-08-06T23:38:03.491Z - GET /components/GlobalSearch.tsx
2026-08-06T23:38:03.493Z - GET /src/admin/Subscribers.tsx
2026-08-06T23:38:03.515Z - GET /components/Breadcrumbs.tsx
2026-08-06T23:38:03.518Z - GET /components/SEOMeta.tsx
2026-08-06T23:38:03.519Z - GET /components/ui/ArenaButton.tsx
2026-08-06T23:38:03.521Z - GET /src/utils/json.ts
2026-08-06T23:38:03.533Z - GET /src/components/ImageUploader.tsx
2026-08-06T23:38:03.535Z - GET /src/admin/components/Toast.tsx
2026-08-06T23:38:03.536Z - GET /src/admin/components/FormSection.tsx
2026-08-06T23:38:03.538Z - GET /src/admin/components/FormRepeater.tsx
2026-08-06T23:38:03.539Z - GET /src/components/ConfirmDeleteModal.tsx
2026-08-06T23:38:03.541Z - GET /src/lib/firebase.ts
2026-08-06T23:38:03.615Z - GET /firebase-applet-config.json?import
2026-08-06T23:38:03.704Z - GET /assets/Gk%20Logo.png
2026-08-06T23:38:03.956Z - GET /api/health
2026-08-06T23:38:03.959Z - GET /api/stats
2026-08-06T23:38:04.039Z - GET /api/health
2026-08-06T23:38:06.419Z - GET /api/stats
2026-08-06T23:38:06.422Z - GET /api/activity
2026-08-06T23:38:07.382Z - GET /api/creators
2026-08-06T23:38:07.879Z - GET /api/creators
2026-08-06T23:38:07.978Z - GET /api/activity
2026-08-06T23:38:24.689Z - GET /careers/xfgh
2026-08-06T23:38:24.793Z - GET /@vite/client
2026-08-06T23:38:24.796Z - GET /index.tsx
2026-08-06T23:38:24.800Z - GET /@react-refresh
2026-08-06T23:38:24.949Z - GET /App.tsx
2026-08-06T23:38:24.952Z - GET /node_modules/vite/dist/client/env.mjs
2026-08-06T23:38:25.047Z - GET /pages/Home.tsx
2026-08-06T23:38:25.050Z - GET /pages/Schedule.tsx
2026-08-06T23:38:25.053Z - GET /pages/JobDetail.tsx
2026-08-06T23:38:25.054Z - GET /pages/Teams.tsx
2026-08-06T23:38:25.057Z - GET /pages/About.tsx
2026-08-06T23:38:25.061Z - GET /src/admin/Creators.tsx
2026-08-06T23:38:25.062Z - GET /src/admin/Schedule.tsx
2026-08-06T23:38:25.064Z - GET /src/admin/Teams.tsx
2026-08-06T23:38:25.065Z - GET /src/admin/Dashboard.tsx
2026-08-06T23:38:25.067Z - GET /src/admin/AdminLayout.tsx
2026-08-06T23:38:25.069Z - GET /pages/Socials.tsx
2026-08-06T23:38:25.070Z - GET /pages/Careers.tsx
2026-08-06T23:38:25.072Z - GET /pages/EventDetail.tsx
2026-08-06T23:38:25.074Z - GET /pages/Information.tsx
2026-08-06T23:38:25.076Z - GET /src/admin/Users.tsx
2026-08-06T23:38:25.078Z - GET /pages/News.tsx
2026-08-06T23:38:25.080Z - GET /src/admin/Leadership.tsx
2026-08-06T23:38:25.081Z - GET /pages/NewsDetail.tsx
2026-08-06T23:38:25.083Z - GET /src/admin/LoginPage.tsx
2026-08-06T23:38:25.085Z - GET /pages/PlayerProfile.tsx
2026-08-06T23:38:25.086Z - GET /constants.tsx
2026-08-06T23:38:25.089Z - GET /src/admin/Subscribers.tsx
2026-08-06T23:38:25.090Z - GET /src/admin/Jobs.tsx
2026-08-06T23:38:25.092Z - GET /src/admin/Settings.tsx
2026-08-06T23:38:25.093Z - GET /src/admin/News.tsx
2026-08-06T23:38:25.095Z - GET /components/GlobalSearch.tsx
2026-08-06T23:38:25.096Z - GET /src/admin/Gallery.tsx
2026-08-06T23:38:25.098Z - GET /components/NewsletterPopup.tsx
2026-08-06T23:38:25.099Z - GET /components/SocialFollowerIcon.tsx
2026-08-06T23:38:25.128Z - GET /src/utils/json.ts
2026-08-06T23:38:25.130Z - GET /components/SEOMeta.tsx
2026-08-06T23:38:25.132Z - GET /components/ui/ArenaButton.tsx
2026-08-06T23:38:25.134Z - GET /components/Breadcrumbs.tsx
2026-08-06T23:38:25.137Z - GET /src/admin/components/Toast.tsx
2026-08-06T23:38:25.138Z - GET /src/components/ImageUploader.tsx
2026-08-06T23:38:25.140Z - GET /src/components/ConfirmDeleteModal.tsx
2026-08-06T23:38:25.142Z - GET /src/admin/components/FormRepeater.tsx
2026-08-06T23:38:25.143Z - GET /src/admin/components/FormSection.tsx
2026-08-06T23:38:25.145Z - GET /src/lib/firebase.ts
2026-08-06T23:38:25.218Z - GET /firebase-applet-config.json?import
2026-08-06T23:38:25.330Z - GET /assets/Gk%20Logo.png
2026-08-06T23:38:25.376Z - GET /api/leadership
2026-08-06T23:38:25.876Z - GET /api/leadership
2026-08-06T23:38:26.132Z - GET /api/teams
2026-08-06T23:38:26.133Z - GET /assets/NO%20PHOTO.png
2026-08-06T23:38:26.136Z - GET /assets/Breezi.png
2026-08-06T23:38:26.138Z - GET /assets/Jorhdys.png
2026-08-06T23:38:26.140Z - GET /api/creators
2026-08-06T23:38:26.361Z - GET /api/teams
2026-08-06T23:38:26.584Z - GET /api/teams/5/players
2026-08-06T23:38:26.621Z - GET /api/creators
2026-08-06T23:47:39.291Z - GET /
2026-08-06T23:47:44.293Z - GET /
2026-08-06T23:47:44.823Z - GET /index.tsx
2026-08-06T23:47:44.825Z - GET /@vite/client
2026-08-06T23:47:44.827Z - GET /@react-refresh
2026-08-06T23:47:45.027Z - GET /App.tsx
2026-08-06T23:47:45.031Z - GET /node_modules/vite/dist/client/env.mjs
2026-08-06T23:47:46.188Z - GET /pages/JobDetail.tsx
2026-08-06T23:47:46.254Z - GET /pages/Home.tsx
2026-08-06T23:47:46.270Z - GET /pages/About.tsx
2026-08-06T23:47:46.280Z - GET /src/admin/Schedule.tsx
2026-08-06T23:47:46.281Z - GET /pages/Careers.tsx
2026-08-06T23:47:46.285Z - GET /src/admin/News.tsx
2026-08-06T23:47:46.356Z - GET /src/admin/Jobs.tsx
2026-08-06T23:47:46.390Z - GET /src/admin/Leadership.tsx
2026-08-06T23:47:46.418Z - GET /pages/News.tsx
2026-08-06T23:47:46.420Z - GET /components/SocialFollowerIcon.tsx
2026-08-06T23:47:46.444Z - GET /pages/Teams.tsx
2026-08-06T23:47:46.452Z - GET /src/admin/AdminLayout.tsx
2026-08-06T23:47:46.456Z - GET /src/admin/Creators.tsx
2026-08-06T23:47:46.460Z - GET /pages/NewsDetail.tsx
2026-08-06T23:47:46.463Z - GET /src/admin/Subscribers.tsx
2026-08-06T23:47:46.465Z - GET /src/admin/Settings.tsx
2026-08-06T23:47:46.467Z - GET /src/admin/Users.tsx
2026-08-06T23:47:46.470Z - GET /pages/Schedule.tsx
2026-08-06T23:47:46.471Z - GET /pages/Socials.tsx
2026-08-06T23:47:46.473Z - GET /constants.tsx
2026-08-06T23:47:46.475Z - GET /src/admin/LoginPage.tsx
2026-08-06T23:47:46.476Z - GET /src/admin/Teams.tsx
2026-08-06T23:47:46.478Z - GET /pages/EventDetail.tsx
2026-08-06T23:47:46.480Z - GET /pages/Information.tsx
2026-08-06T23:47:46.481Z - GET /components/GlobalSearch.tsx
2026-08-06T23:47:46.483Z - GET /src/admin/Gallery.tsx
2026-08-06T23:47:46.485Z - GET /src/admin/Dashboard.tsx
2026-08-06T23:47:46.486Z - GET /components/NewsletterPopup.tsx
2026-08-06T23:47:46.488Z - GET /pages/PlayerProfile.tsx
2026-08-06T23:47:46.490Z - GET /components/SEOMeta.tsx
2026-08-06T23:47:46.492Z - GET /src/components/ImageUploader.tsx
2026-08-06T23:47:46.493Z - GET /src/components/ConfirmDeleteModal.tsx
2026-08-06T23:47:46.495Z - GET /components/Breadcrumbs.tsx
2026-08-06T23:47:46.497Z - GET /src/utils/json.ts
2026-08-06T23:47:46.498Z - GET /components/ui/ArenaButton.tsx
2026-08-06T23:47:46.500Z - GET /src/admin/components/FormSection.tsx
2026-08-06T23:47:46.502Z - GET /src/admin/components/FormRepeater.tsx
2026-08-06T23:47:46.504Z - GET /src/admin/components/Toast.tsx
2026-08-06T23:47:46.556Z - GET /src/lib/firebase.ts
2026-08-06T23:47:46.634Z - GET /firebase-applet-config.json?import
2026-08-06T23:47:46.743Z - GET /assets/Gk%20Logo.png
2026-08-06T23:47:46.765Z - GET /assets/jearsy.png
2026-08-06T23:47:46.771Z - GET /assets/frame.png
2026-08-06T23:47:46.774Z - GET /assets/mat.png
2026-08-06T23:47:46.775Z - GET /assets/mouse.png
2026-08-06T23:47:46.778Z - GET /assets/bag.png
2026-08-06T23:48:00.400Z - GET /api/creators
2026-08-06T23:48:00.415Z - GET /assets/NO%20PHOTO.png
2026-08-06T23:48:00.417Z - GET /assets/Jorhdys.png
2026-08-06T23:48:00.419Z - GET /assets/Breezi.png
2026-08-06T23:48:00.421Z - GET /api/teams
2026-08-06T23:48:00.863Z - GET /api/creators
2026-08-06T23:48:00.962Z - GET /api/teams
2026-08-06T23:48:01.443Z - GET /api/teams/5/players
2026-08-06T23:48:44.520Z - GET /
2026-08-06T23:48:44.632Z - GET /@vite/client
2026-08-06T23:48:44.634Z - GET /index.tsx
2026-08-06T23:48:44.637Z - GET /@react-refresh
2026-08-06T23:48:44.837Z - GET /node_modules/vite/dist/client/env.mjs
2026-08-06T23:48:44.847Z - GET /App.tsx
2026-08-06T23:48:44.945Z - GET /src/admin/Dashboard.tsx
2026-08-06T23:48:44.946Z - GET /src/admin/LoginPage.tsx
2026-08-06T23:48:44.946Z - GET /pages/Information.tsx
2026-08-06T23:48:44.947Z - GET /src/admin/AdminLayout.tsx
2026-08-06T23:48:44.948Z - GET /pages/Teams.tsx
2026-08-06T23:48:44.949Z - GET /pages/JobDetail.tsx
2026-08-06T23:48:44.959Z - GET /src/admin/Gallery.tsx
2026-08-06T23:48:44.960Z - GET /pages/Socials.tsx
2026-08-06T23:48:44.960Z - GET /pages/News.tsx
2026-08-06T23:48:44.962Z - GET /src/admin/Settings.tsx
2026-08-06T23:48:44.963Z - GET /src/admin/Users.tsx
2026-08-06T23:48:44.963Z - GET /src/admin/Jobs.tsx
2026-08-06T23:48:44.964Z - GET /pages/Careers.tsx
2026-08-06T23:48:44.965Z - GET /pages/Home.tsx
2026-08-06T23:48:44.965Z - GET /pages/Schedule.tsx
2026-08-06T23:48:44.966Z - GET /src/admin/Subscribers.tsx
2026-08-06T23:48:44.967Z - GET /pages/About.tsx
2026-08-06T23:48:44.968Z - GET /components/SocialFollowerIcon.tsx
2026-08-06T23:48:44.970Z - GET /components/NewsletterPopup.tsx
2026-08-06T23:48:44.970Z - GET /src/admin/Schedule.tsx
2026-08-06T23:48:44.972Z - GET /src/admin/Teams.tsx
2026-08-06T23:48:44.973Z - GET /constants.tsx
2026-08-06T23:48:44.973Z - GET /src/admin/Leadership.tsx
2026-08-06T23:48:44.974Z - GET /src/admin/Creators.tsx
2026-08-06T23:48:44.975Z - GET /pages/NewsDetail.tsx
2026-08-06T23:48:44.975Z - GET /pages/PlayerProfile.tsx
2026-08-06T23:48:44.976Z - GET /src/admin/News.tsx
2026-08-06T23:48:44.977Z - GET /components/GlobalSearch.tsx
2026-08-06T23:48:44.977Z - GET /pages/EventDetail.tsx
2026-08-06T23:48:45.032Z - GET /components/SEOMeta.tsx
2026-08-06T23:48:45.034Z - GET /src/utils/json.ts
2026-08-06T23:48:45.035Z - GET /components/Breadcrumbs.tsx
2026-08-06T23:48:45.038Z - GET /src/lib/firebase.ts
2026-08-06T23:48:45.040Z - GET /components/ui/ArenaButton.tsx
2026-08-06T23:48:45.043Z - GET /src/components/ImageUploader.tsx
2026-08-06T23:48:45.045Z - GET /src/admin/components/Toast.tsx
2026-08-06T23:48:45.047Z - GET /src/components/ConfirmDeleteModal.tsx
2026-08-06T23:48:45.071Z - GET /src/admin/components/FormSection.tsx
2026-08-06T23:48:45.073Z - GET /src/admin/components/FormRepeater.tsx
2026-08-06T23:48:45.113Z - GET /firebase-applet-config.json?import
2026-08-06T23:48:45.208Z - GET /assets/Gk%20Logo.png
2026-08-06T23:48:45.460Z - GET /api/health
2026-08-06T23:48:45.463Z - GET /api/stats
2026-08-06T23:48:45.540Z - GET /api/health
2026-08-06T23:48:46.808Z - GET /api/activity
2026-08-06T23:48:46.812Z - GET /api/stats
2026-08-06T23:48:48.355Z - GET /api/activity
2026-08-06T23:48:48.715Z - GET /api/creators
2026-08-06T23:48:48.941Z - GET /api/creators
2026-08-06T23:55:08.223Z - GET /
2026-08-06T23:55:14.093Z - GET /
2026-08-06T23:55:14.609Z - GET /@vite/client
2026-08-06T23:55:14.613Z - GET /@react-refresh
2026-08-06T23:55:14.621Z - GET /index.tsx
2026-08-06T23:55:14.811Z - GET /node_modules/vite/dist/client/env.mjs
2026-08-06T23:55:14.818Z - GET /App.tsx
2026-08-06T23:55:15.960Z - GET /pages/Home.tsx
2026-08-06T23:55:15.981Z - GET /pages/Schedule.tsx
2026-08-06T23:55:15.984Z - GET /pages/Teams.tsx
2026-08-06T23:55:15.985Z - GET /pages/JobDetail.tsx
2026-08-06T23:55:15.986Z - GET /pages/About.tsx
2026-08-06T23:55:15.987Z - GET /pages/Careers.tsx
2026-08-06T23:55:15.988Z - GET /src/admin/Settings.tsx
2026-08-06T23:55:15.989Z - GET /src/admin/Jobs.tsx
2026-08-06T23:55:15.990Z - GET /src/admin/Schedule.tsx
2026-08-06T23:55:16.056Z - GET /src/admin/Gallery.tsx
2026-08-06T23:55:16.086Z - GET /src/admin/Teams.tsx
2026-08-06T23:55:16.119Z - GET /pages/NewsDetail.tsx
2026-08-06T23:55:16.144Z - GET /src/admin/Leadership.tsx
2026-08-06T23:55:16.148Z - GET /src/admin/Creators.tsx
2026-08-06T23:55:16.152Z - GET /src/admin/Subscribers.tsx
2026-08-06T23:55:16.152Z - GET /pages/Information.tsx
2026-08-06T23:55:16.153Z - GET /src/admin/News.tsx
2026-08-06T23:55:16.154Z - GET /pages/PlayerProfile.tsx
2026-08-06T23:55:16.155Z - GET /src/admin/AdminLayout.tsx
2026-08-06T23:55:16.156Z - GET /pages/Socials.tsx
2026-08-06T23:55:16.181Z - GET /pages/EventDetail.tsx
2026-08-06T23:55:16.183Z - GET /src/admin/Dashboard.tsx
2026-08-06T23:55:16.183Z - GET /src/admin/LoginPage.tsx
2026-08-06T23:55:16.187Z - GET /pages/News.tsx
2026-08-06T23:55:16.188Z - GET /components/GlobalSearch.tsx
2026-08-06T23:55:16.189Z - GET /src/admin/Users.tsx
2026-08-06T23:55:16.190Z - GET /components/NewsletterPopup.tsx
2026-08-06T23:55:16.191Z - GET /constants.tsx
2026-08-06T23:55:16.192Z - GET /components/SocialFollowerIcon.tsx
2026-08-06T23:55:16.195Z - GET /components/ui/ArenaButton.tsx
2026-08-06T23:55:16.196Z - GET /components/SEOMeta.tsx
2026-08-06T23:55:16.196Z - GET /components/Breadcrumbs.tsx
2026-08-06T23:55:16.202Z - GET /src/utils/json.ts
2026-08-06T23:55:16.203Z - GET /src/components/ConfirmDeleteModal.tsx
2026-08-06T23:55:16.204Z - GET /src/components/ImageUploader.tsx
2026-08-06T23:55:16.205Z - GET /src/admin/components/FormSection.tsx
2026-08-06T23:55:16.205Z - GET /src/admin/components/FormRepeater.tsx
2026-08-06T23:55:16.206Z - GET /src/admin/components/Toast.tsx
2026-08-06T23:55:16.259Z - GET /src/lib/firebase.ts
2026-08-06T23:55:16.384Z - GET /firebase-applet-config.json?import
2026-08-06T23:55:16.489Z - GET /assets/Gk%20Logo.png
2026-08-06T23:55:16.511Z - GET /assets/bag.png
2026-08-06T23:55:16.513Z - GET /assets/frame.png
2026-08-06T23:55:16.515Z - GET /assets/mat.png
2026-08-06T23:55:16.517Z - GET /assets/mouse.png
2026-08-06T23:55:16.518Z - GET /assets/jearsy.png
2026-08-07T00:09:10.440Z - GET /
2026-08-07T00:09:10.541Z - GET /@vite/client
2026-08-07T00:09:10.544Z - GET /index.tsx
2026-08-07T00:09:10.550Z - GET /@react-refresh
2026-08-07T00:09:10.706Z - GET /node_modules/vite/dist/client/env.mjs
2026-08-07T00:09:10.708Z - GET /App.tsx
2026-08-07T00:09:10.791Z - GET /pages/Teams.tsx
2026-08-07T00:09:10.792Z - GET /pages/Schedule.tsx
2026-08-07T00:09:10.794Z - GET /pages/Home.tsx
2026-08-07T00:09:10.801Z - GET /pages/About.tsx
2026-08-07T00:09:10.802Z - GET /pages/JobDetail.tsx
2026-08-07T00:09:10.802Z - GET /pages/Socials.tsx
2026-08-07T00:09:10.807Z - GET /src/admin/Jobs.tsx
2026-08-07T00:09:10.810Z - GET /src/admin/Users.tsx
2026-08-07T00:09:10.810Z - GET /src/admin/Subscribers.tsx
2026-08-07T00:09:10.816Z - GET /src/admin/News.tsx
2026-08-07T00:09:10.820Z - GET /src/admin/Gallery.tsx
2026-08-07T00:09:10.822Z - GET /src/admin/Leadership.tsx
2026-08-07T00:09:10.823Z - GET /src/admin/Schedule.tsx
2026-08-07T00:09:10.827Z - GET /src/admin/AdminLayout.tsx
2026-08-07T00:09:10.830Z - GET /src/admin/Teams.tsx
2026-08-07T00:09:10.832Z - GET /src/admin/LoginPage.tsx
2026-08-07T00:09:10.834Z - GET /src/admin/Settings.tsx
2026-08-07T00:09:10.837Z - GET /pages/Information.tsx
2026-08-07T00:09:10.839Z - GET /pages/Careers.tsx
2026-08-07T00:09:10.841Z - GET /src/admin/Creators.tsx
2026-08-07T00:09:10.843Z - GET /src/admin/Dashboard.tsx
2026-08-07T00:09:10.845Z - GET /components/GlobalSearch.tsx
2026-08-07T00:09:10.848Z - GET /components/SocialFollowerIcon.tsx
2026-08-07T00:09:10.851Z - GET /pages/EventDetail.tsx
2026-08-07T00:09:10.852Z - GET /pages/NewsDetail.tsx
2026-08-07T00:09:10.854Z - GET /pages/News.tsx
2026-08-07T00:09:10.857Z - GET /constants.tsx
2026-08-07T00:09:10.860Z - GET /pages/PlayerProfile.tsx
2026-08-07T00:09:10.863Z - GET /components/NewsletterPopup.tsx
2026-08-07T00:09:10.872Z - GET /components/SEOMeta.tsx
2026-08-07T00:09:10.875Z - GET /components/Breadcrumbs.tsx
2026-08-07T00:09:10.877Z - GET /components/ui/ArenaButton.tsx
2026-08-07T00:09:10.879Z - GET /src/utils/json.ts
2026-08-07T00:09:10.892Z - GET /src/components/ConfirmDeleteModal.tsx
2026-08-07T00:09:10.895Z - GET /src/lib/firebase.ts
2026-08-07T00:09:10.910Z - GET /src/admin/components/FormSection.tsx
2026-08-07T00:09:10.911Z - GET /src/admin/components/FormRepeater.tsx
2026-08-07T00:09:10.912Z - GET /src/admin/components/Toast.tsx
2026-08-07T00:09:10.913Z - GET /src/components/ImageUploader.tsx
2026-08-07T00:09:10.971Z - GET /firebase-applet-config.json?import
2026-08-07T00:09:11.074Z - GET /assets/Gk%20Logo.png
2026-08-07T00:09:11.389Z - GET /api/health
2026-08-07T00:09:11.394Z - GET /api/stats
2026-08-07T00:09:11.467Z - GET /api/health
2026-08-07T00:09:14.265Z - GET /api/stats
2026-08-07T00:09:14.268Z - GET /api/activity
2026-08-07T00:09:15.545Z - GET /api/activity
2026-08-07T00:09:18.412Z - GET /api/creators
2026-08-07T00:09:18.635Z - GET /api/creators
2026-08-07T00:09:37.768Z - POST /api/upload
2026-08-07T00:10:32.933Z - POST /api/upload
2026-08-07T00:10:44.395Z - PUT /api/creators/1
2026-08-07T00:10:47.714Z - GET /api/creators
2026-08-07T00:10:50.986Z - GET /careers/xfgh
2026-08-07T00:10:51.096Z - GET /@vite/client
2026-08-07T00:10:51.100Z - GET /@react-refresh
2026-08-07T00:10:51.105Z - GET /index.tsx
2026-08-07T00:10:51.333Z - GET /App.tsx
2026-08-07T00:10:51.335Z - GET /node_modules/vite/dist/client/env.mjs
2026-08-07T00:10:51.414Z - GET /pages/Home.tsx
2026-08-07T00:10:51.425Z - GET /pages/Schedule.tsx
2026-08-07T00:10:51.429Z - GET /pages/News.tsx
2026-08-07T00:10:51.432Z - GET /src/admin/Leadership.tsx
2026-08-07T00:10:51.433Z - GET /src/admin/Schedule.tsx
2026-08-07T00:10:51.435Z - GET /src/admin/Users.tsx
2026-08-07T00:10:51.438Z - GET /pages/NewsDetail.tsx
2026-08-07T00:10:51.451Z - GET /pages/Socials.tsx
2026-08-07T00:10:51.455Z - GET /src/admin/Teams.tsx
2026-08-07T00:10:51.456Z - GET /src/admin/Creators.tsx
2026-08-07T00:10:51.461Z - GET /src/admin/AdminLayout.tsx
2026-08-07T00:10:51.465Z - GET /src/admin/News.tsx
2026-08-07T00:10:51.467Z - GET /src/admin/Dashboard.tsx
2026-08-07T00:10:51.469Z - GET /src/admin/Gallery.tsx
2026-08-07T00:10:51.471Z - GET /src/admin/Subscribers.tsx
2026-08-07T00:10:51.472Z - GET /src/admin/Jobs.tsx
2026-08-07T00:10:51.473Z - GET /src/admin/LoginPage.tsx
2026-08-07T00:10:51.474Z - GET /pages/JobDetail.tsx
2026-08-07T00:10:51.475Z - GET /pages/Careers.tsx
2026-08-07T00:10:51.475Z - GET /pages/PlayerProfile.tsx
2026-08-07T00:10:51.476Z - GET /constants.tsx
2026-08-07T00:10:51.477Z - GET /pages/About.tsx
2026-08-07T00:10:51.482Z - GET /components/NewsletterPopup.tsx
2026-08-07T00:10:51.486Z - GET /components/SocialFollowerIcon.tsx
2026-08-07T00:10:51.488Z - GET /pages/EventDetail.tsx
2026-08-07T00:10:51.493Z - GET /components/GlobalSearch.tsx
2026-08-07T00:10:51.499Z - GET /pages/Information.tsx
2026-08-07T00:10:51.502Z - GET /src/admin/Settings.tsx
2026-08-07T00:10:51.504Z - GET /pages/Teams.tsx
2026-08-07T00:10:51.529Z - GET /components/Breadcrumbs.tsx
2026-08-07T00:10:51.531Z - GET /components/SEOMeta.tsx
2026-08-07T00:10:51.534Z - GET /components/ui/ArenaButton.tsx
2026-08-07T00:10:51.536Z - GET /src/admin/components/FormSection.tsx
2026-08-07T00:10:51.538Z - GET /src/admin/components/FormRepeater.tsx
2026-08-07T00:10:51.542Z - GET /src/utils/json.ts
2026-08-07T00:10:51.544Z - GET /src/components/ConfirmDeleteModal.tsx
2026-08-07T00:10:51.546Z - GET /src/components/ImageUploader.tsx
2026-08-07T00:10:51.576Z - GET /src/admin/components/Toast.tsx
2026-08-07T00:10:51.578Z - GET /src/lib/firebase.ts
2026-08-07T00:10:51.657Z - GET /firebase-applet-config.json?import
2026-08-07T00:10:51.770Z - GET /assets/Gk%20Logo.png
2026-08-07T00:10:51.774Z - GET /assets/Breezi.png
2026-08-07T00:10:51.778Z - GET /assets/NO%20PHOTO.png
2026-08-07T00:10:51.781Z - GET /assets/Jorhdys.png
2026-08-07T00:10:51.810Z - GET /api/creators
2026-08-07T00:10:51.814Z - GET /api/teams
2026-08-07T00:10:52.059Z - GET /api/creators
2026-08-07T00:10:52.063Z - GET /api/teams
2026-08-07T00:10:52.541Z - GET /api/teams/5/players
2026-08-07T00:11:08.722Z - GET /careers/234234
2026-08-07T00:11:08.816Z - GET /@vite/client
2026-08-07T00:11:08.827Z - GET /index.tsx
2026-08-07T00:11:08.829Z - GET /@react-refresh
2026-08-07T00:11:09.005Z - GET /node_modules/vite/dist/client/env.mjs
2026-08-07T00:11:09.009Z - GET /App.tsx
2026-08-07T00:11:09.092Z - GET /pages/Home.tsx
2026-08-07T00:11:09.096Z - GET /pages/Schedule.tsx
2026-08-07T00:11:09.098Z - GET /pages/Teams.tsx
2026-08-07T00:11:09.101Z - GET /pages/Information.tsx
2026-08-07T00:11:09.102Z - GET /pages/JobDetail.tsx
2026-08-07T00:11:09.105Z - GET /src/admin/AdminLayout.tsx
2026-08-07T00:11:09.110Z - GET /pages/Careers.tsx
2026-08-07T00:11:09.113Z - GET /pages/About.tsx
2026-08-07T00:11:09.117Z - GET /src/admin/Teams.tsx
2026-08-07T00:11:09.119Z - GET /src/admin/LoginPage.tsx
2026-08-07T00:11:09.121Z - GET /src/admin/Schedule.tsx
2026-08-07T00:11:09.124Z - GET /src/admin/Creators.tsx
2026-08-07T00:11:09.125Z - GET /src/admin/Dashboard.tsx
2026-08-07T00:11:09.128Z - GET /src/admin/Jobs.tsx
2026-08-07T00:11:09.129Z - GET /src/admin/Gallery.tsx
2026-08-07T00:11:09.133Z - GET /pages/News.tsx
2026-08-07T00:11:09.137Z - GET /components/SocialFollowerIcon.tsx
2026-08-07T00:11:09.139Z - GET /src/admin/News.tsx
2026-08-07T00:11:09.141Z - GET /pages/EventDetail.tsx
2026-08-07T00:11:09.144Z - GET /constants.tsx
2026-08-07T00:11:09.146Z - GET /src/admin/Settings.tsx
2026-08-07T00:11:09.149Z - GET /pages/NewsDetail.tsx
2026-08-07T00:11:09.150Z - GET /src/admin/Leadership.tsx
2026-08-07T00:11:09.152Z - GET /src/admin/Subscribers.tsx
2026-08-07T00:11:09.154Z - GET /pages/Socials.tsx
2026-08-07T00:11:09.156Z - GET /src/admin/Users.tsx
2026-08-07T00:11:09.160Z - GET /components/GlobalSearch.tsx
2026-08-07T00:11:09.161Z - GET /pages/PlayerProfile.tsx
2026-08-07T00:11:09.164Z - GET /components/NewsletterPopup.tsx
2026-08-07T00:11:09.174Z - GET /components/SEOMeta.tsx
2026-08-07T00:11:09.175Z - GET /components/ui/ArenaButton.tsx
2026-08-07T00:11:09.177Z - GET /src/utils/json.ts
2026-08-07T00:11:09.179Z - GET /components/Breadcrumbs.tsx
2026-08-07T00:11:09.198Z - GET /src/components/ImageUploader.tsx
2026-08-07T00:11:09.199Z - GET /src/admin/components/Toast.tsx
2026-08-07T00:11:09.201Z - GET /src/lib/firebase.ts
2026-08-07T00:11:09.203Z - GET /src/admin/components/FormRepeater.tsx
2026-08-07T00:11:09.205Z - GET /src/components/ConfirmDeleteModal.tsx
2026-08-07T00:11:09.208Z - GET /src/admin/components/FormSection.tsx
2026-08-07T00:11:09.288Z - GET /firebase-applet-config.json?import
2026-08-07T00:11:09.426Z - GET /assets/jearsy.png
2026-08-07T00:11:09.429Z - GET /assets/bag.png
2026-08-07T00:11:09.430Z - GET /assets/Gk%20Logo.png
2026-08-07T00:11:09.432Z - GET /assets/mouse.png
2026-08-07T00:11:09.435Z - GET /assets/frame.png
2026-08-07T00:11:09.437Z - GET /assets/mat.png
2026-08-07T00:11:22.843Z - DELETE /api/creators/2
2026-08-07T00:11:23.570Z - GET /api/creators
2026-08-07T00:11:24.286Z - GET /api/events
2026-08-07T00:11:24.514Z - GET /api/events
2026-08-07T00:12:09.876Z - GET /api/gallery
2026-08-07T00:12:10.394Z - GET /api/gallery
2026-08-07T00:12:11.306Z - GET /api/news
2026-08-07T00:12:11.311Z - GET /api/news_tags
2026-08-07T00:12:11.315Z - GET /api/news_authors
2026-08-07T00:12:11.319Z - GET /api/news_categories
2026-08-07T00:12:11.574Z - GET /api/news_categories
2026-08-07T00:12:11.797Z - GET /api/news
2026-08-07T00:12:11.816Z - GET /api/news_authors
2026-08-07T00:12:11.817Z - GET /api/news_tags
2026-08-07T00:12:13.956Z - GET /api/jobs
2026-08-07T00:12:14.175Z - GET /api/jobs
2026-08-07T00:12:15.089Z - GET /api/gallery
2026-08-07T00:12:15.344Z - GET /api/gallery
2026-08-07T00:12:17.000Z - GET /api/events
2026-08-07T00:12:17.311Z - GET /api/events
2026-08-07T00:12:29.828Z - GET /api/news
2026-08-07T00:12:30.261Z - GET /api/events
2026-08-07T00:12:30.489Z - GET /api/events
2026-08-07T00:12:33.215Z - GET /api/events
2026-08-07T00:12:33.313Z - GET /api/events
2026-08-07T00:18:27.186Z - GET /
2026-08-07T00:18:31.846Z - GET /
2026-08-07T00:18:32.361Z - GET /@vite/client
2026-08-07T00:18:32.363Z - GET /index.tsx
2026-08-07T00:18:32.364Z - GET /@react-refresh
2026-08-07T00:18:32.547Z - GET /App.tsx
2026-08-07T00:18:32.553Z - GET /node_modules/vite/dist/client/env.mjs
2026-08-07T00:18:33.853Z - GET /pages/Home.tsx
2026-08-07T00:18:33.860Z - GET /pages/News.tsx
2026-08-07T00:18:33.868Z - GET /pages/EventDetail.tsx
2026-08-07T00:18:33.946Z - GET /pages/Socials.tsx
2026-08-07T00:18:33.976Z - GET /src/admin/Gallery.tsx
2026-08-07T00:18:34.001Z - GET /src/admin/Leadership.tsx
2026-08-07T00:18:34.005Z - GET /src/admin/Schedule.tsx
2026-08-07T00:18:34.011Z - GET /src/admin/Creators.tsx
2026-08-07T00:18:34.015Z - GET /src/admin/Settings.tsx
2026-08-07T00:18:34.019Z - GET /src/admin/Teams.tsx
2026-08-07T00:18:34.022Z - GET /src/admin/News.tsx
2026-08-07T00:18:34.026Z - GET /pages/NewsDetail.tsx
2026-08-07T00:18:34.028Z - GET /src/admin/Dashboard.tsx
2026-08-07T00:18:34.031Z - GET /src/admin/Subscribers.tsx
2026-08-07T00:18:34.035Z - GET /src/admin/AdminLayout.tsx
2026-08-07T00:18:34.036Z - GET /src/admin/Users.tsx
2026-08-07T00:18:34.040Z - GET /src/admin/LoginPage.tsx
2026-08-07T00:18:34.044Z - GET /pages/Information.tsx
2026-08-07T00:18:34.047Z - GET /pages/Careers.tsx
2026-08-07T00:18:34.050Z - GET /pages/JobDetail.tsx
2026-08-07T00:18:34.054Z - GET /pages/Schedule.tsx
2026-08-07T00:18:34.058Z - GET /pages/Teams.tsx
2026-08-07T00:18:34.060Z - GET /components/NewsletterPopup.tsx
2026-08-07T00:18:34.064Z - GET /src/admin/Jobs.tsx
2026-08-07T00:18:34.066Z - GET /constants.tsx
2026-08-07T00:18:34.068Z - GET /components/SocialFollowerIcon.tsx
2026-08-07T00:18:34.070Z - GET /pages/PlayerProfile.tsx
2026-08-07T00:18:34.074Z - GET /pages/About.tsx
2026-08-07T00:18:34.076Z - GET /components/GlobalSearch.tsx
2026-08-07T00:18:34.084Z - GET /components/SEOMeta.tsx
2026-08-07T00:18:34.087Z - GET /components/ui/ArenaButton.tsx
2026-08-07T00:18:34.091Z - GET /components/Breadcrumbs.tsx
2026-08-07T00:18:34.094Z - GET /src/admin/components/Toast.tsx
2026-08-07T00:18:34.098Z - GET /src/components/ConfirmDeleteModal.tsx
2026-08-07T00:18:34.101Z - GET /src/components/ImageUploader.tsx
2026-08-07T00:18:34.122Z - GET /src/utils/json.ts
2026-08-07T00:18:34.124Z - GET /src/lib/firebase.ts
2026-08-07T00:18:34.127Z - GET /src/admin/components/FormRepeater.tsx
2026-08-07T00:18:34.129Z - GET /src/admin/components/FormSection.tsx
2026-08-07T00:18:34.202Z - GET /firebase-applet-config.json?import
2026-08-07T00:18:34.327Z - GET /assets/Gk%20Logo.png
2026-08-07T00:18:34.334Z - GET /assets/jearsy.png
2026-08-07T00:18:34.336Z - GET /assets/mouse.png
2026-08-07T00:18:34.339Z - GET /assets/bag.png
2026-08-07T00:18:34.340Z - GET /assets/mat.png
2026-08-07T00:18:34.340Z - GET /assets/frame.png
2026-08-07T00:19:44.380Z - GET /
2026-08-07T00:19:44.489Z - GET /@vite/client
2026-08-07T00:19:44.491Z - GET /index.tsx
2026-08-07T00:19:44.497Z - GET /@react-refresh
2026-08-07T00:19:44.689Z - GET /node_modules/vite/dist/client/env.mjs
2026-08-07T00:19:44.692Z - GET /App.tsx
2026-08-07T00:19:44.793Z - GET /pages/Schedule.tsx
2026-08-07T00:19:44.795Z - GET /pages/Teams.tsx
2026-08-07T00:19:44.801Z - GET /pages/Home.tsx
2026-08-07T00:19:44.804Z - GET /src/admin/Dashboard.tsx
2026-08-07T00:19:44.807Z - GET /pages/JobDetail.tsx
2026-08-07T00:19:44.811Z - GET /pages/Information.tsx
2026-08-07T00:19:44.813Z - GET /pages/Careers.tsx
2026-08-07T00:19:44.818Z - GET /src/admin/LoginPage.tsx
2026-08-07T00:19:44.821Z - GET /pages/News.tsx
2026-08-07T00:19:44.825Z - GET /pages/Socials.tsx
2026-08-07T00:19:44.826Z - GET /pages/About.tsx
2026-08-07T00:19:44.829Z - GET /src/admin/Subscribers.tsx
2026-08-07T00:19:44.832Z - GET /src/admin/News.tsx
2026-08-07T00:19:44.835Z - GET /src/admin/Users.tsx
2026-08-07T00:19:44.837Z - GET /src/admin/Schedule.tsx
2026-08-07T00:19:44.840Z - GET /src/admin/Settings.tsx
2026-08-07T00:19:44.843Z - GET /src/admin/Teams.tsx
2026-08-07T00:19:44.845Z - GET /src/admin/Gallery.tsx
2026-08-07T00:19:44.848Z - GET /src/admin/Leadership.tsx
2026-08-07T00:19:44.851Z - GET /pages/NewsDetail.tsx
2026-08-07T00:19:44.856Z - GET /constants.tsx
2026-08-07T00:19:44.858Z - GET /src/admin/AdminLayout.tsx
2026-08-07T00:19:44.859Z - GET /pages/EventDetail.tsx
2026-08-07T00:19:44.863Z - GET /src/admin/Jobs.tsx
2026-08-07T00:19:44.867Z - GET /src/admin/Creators.tsx
2026-08-07T00:19:44.869Z - GET /pages/PlayerProfile.tsx
2026-08-07T00:19:44.871Z - GET /components/SocialFollowerIcon.tsx
2026-08-07T00:19:44.874Z - GET /components/NewsletterPopup.tsx
2026-08-07T00:19:44.879Z - GET /components/GlobalSearch.tsx
2026-08-07T00:19:44.882Z - GET /components/SEOMeta.tsx
2026-08-07T00:19:44.883Z - GET /components/Breadcrumbs.tsx
2026-08-07T00:19:44.886Z - GET /src/utils/json.ts
2026-08-07T00:19:44.889Z - GET /components/ui/ArenaButton.tsx
2026-08-07T00:19:44.893Z - GET /src/lib/firebase.ts
2026-08-07T00:19:44.909Z - GET /src/components/ConfirmDeleteModal.tsx
2026-08-07T00:19:44.917Z - GET /src/admin/components/Toast.tsx
2026-08-07T00:19:44.919Z - GET /src/components/ImageUploader.tsx
2026-08-07T00:19:44.926Z - GET /src/admin/components/FormRepeater.tsx
2026-08-07T00:19:44.932Z - GET /src/admin/components/FormSection.tsx
2026-08-07T00:19:44.978Z - GET /firebase-applet-config.json?import
2026-08-07T00:19:45.071Z - GET /assets/Gk%20Logo.png
2026-08-07T00:19:45.173Z - GET /api/health
2026-08-07T00:19:45.178Z - GET /api/stats
2026-08-07T00:19:45.286Z - GET /api/health
2026-08-07T00:19:47.667Z - GET /api/stats
2026-08-07T00:19:47.671Z - GET /api/activity
2026-08-07T00:19:49.256Z - GET /api/activity
2026-08-07T00:28:25.061Z - GET /api/events
2026-08-07T00:28:25.362Z - GET /api/events
2026-08-07T00:28:50.110Z - POST /api/events
2026-08-07T00:28:52.341Z - GET /api/events
2026-08-07T00:29:00.985Z - GET /api/events
2026-08-07T00:29:01.233Z - GET /api/events
2026-08-07T00:29:04.459Z - GET /careers/xfgh
2026-08-07T00:29:04.560Z - GET /@vite/client
2026-08-07T00:29:04.562Z - GET /@react-refresh
2026-08-07T00:29:04.564Z - GET /index.tsx
2026-08-07T00:29:04.713Z - GET /node_modules/vite/dist/client/env.mjs
2026-08-07T00:29:04.739Z - GET /App.tsx
2026-08-07T00:29:04.822Z - GET /pages/Schedule.tsx
2026-08-07T00:29:04.826Z - GET /pages/Teams.tsx
2026-08-07T00:29:04.827Z - GET /pages/Home.tsx
2026-08-07T00:29:04.830Z - GET /pages/About.tsx
2026-08-07T00:29:04.833Z - GET /pages/JobDetail.tsx
2026-08-07T00:29:04.836Z - GET /pages/Information.tsx
2026-08-07T00:29:04.838Z - GET /pages/Careers.tsx
2026-08-07T00:29:04.840Z - GET /pages/News.tsx
2026-08-07T00:29:04.842Z - GET /src/admin/Users.tsx
2026-08-07T00:29:04.844Z - GET /pages/PlayerProfile.tsx
2026-08-07T00:29:04.846Z - GET /pages/Socials.tsx
2026-08-07T00:29:04.851Z - GET /src/admin/News.tsx
2026-08-07T00:29:04.852Z - GET /pages/NewsDetail.tsx
2026-08-07T00:29:04.854Z - GET /src/admin/Leadership.tsx
2026-08-07T00:29:04.855Z - GET /src/admin/Settings.tsx
2026-08-07T00:29:04.858Z - GET /src/admin/Dashboard.tsx
2026-08-07T00:29:04.859Z - GET /components/SocialFollowerIcon.tsx
2026-08-07T00:29:04.861Z - GET /src/admin/AdminLayout.tsx
2026-08-07T00:29:04.864Z - GET /src/admin/LoginPage.tsx
2026-08-07T00:29:04.866Z - GET /src/admin/Schedule.tsx
2026-08-07T00:29:04.870Z - GET /src/admin/Gallery.tsx
2026-08-07T00:29:04.872Z - GET /src/admin/Creators.tsx
2026-08-07T00:29:04.874Z - GET /components/NewsletterPopup.tsx
2026-08-07T00:29:04.876Z - GET /src/admin/Jobs.tsx
2026-08-07T00:29:04.878Z - GET /components/GlobalSearch.tsx
2026-08-07T00:29:04.880Z - GET /src/admin/Subscribers.tsx
2026-08-07T00:29:04.882Z - GET /src/admin/Teams.tsx
2026-08-07T00:29:04.885Z - GET /constants.tsx
2026-08-07T00:29:04.886Z - GET /pages/EventDetail.tsx
2026-08-07T00:29:04.933Z - GET /components/ui/ArenaButton.tsx
2026-08-07T00:29:04.936Z - GET /src/components/ImageUploader.tsx
2026-08-07T00:29:04.938Z - GET /components/Breadcrumbs.tsx
2026-08-07T00:29:04.940Z - GET /src/admin/components/Toast.tsx
2026-08-07T00:29:04.942Z - GET /src/utils/json.ts
2026-08-07T00:29:04.943Z - GET /src/components/ConfirmDeleteModal.tsx
2026-08-07T00:29:04.946Z - GET /components/SEOMeta.tsx
2026-08-07T00:29:04.947Z - GET /src/lib/firebase.ts
2026-08-07T00:29:04.978Z - GET /src/admin/components/FormRepeater.tsx
2026-08-07T00:29:04.982Z - GET /src/admin/components/FormSection.tsx
2026-08-07T00:29:05.026Z - GET /firebase-applet-config.json?import
2026-08-07T00:29:05.150Z - GET /assets/Gk%20Logo.png
2026-08-07T00:29:05.302Z - GET /api/events
2026-08-07T00:29:05.527Z - GET /api/events
2026-08-07T00:29:16.796Z - DELETE /api/events/1
2026-08-07T00:29:17.459Z - GET /api/events
2026-08-07T00:29:19.287Z - DELETE /api/events/5
2026-08-07T00:29:19.654Z - GET /api/events
2026-08-07T00:34:12.487Z - GET /
2026-08-07T00:34:16.446Z - GET /
2026-08-07T00:34:16.936Z - GET /@vite/client
2026-08-07T00:34:16.938Z - GET /@react-refresh
2026-08-07T00:34:16.945Z - GET /index.tsx
2026-08-07T00:34:17.137Z - GET /App.tsx
2026-08-07T00:34:17.140Z - GET /node_modules/vite/dist/client/env.mjs
2026-08-07T00:34:18.212Z - GET /pages/Teams.tsx
2026-08-07T00:34:18.237Z - GET /pages/Schedule.tsx
2026-08-07T00:34:18.242Z - GET /pages/About.tsx
2026-08-07T00:34:18.243Z - GET /pages/Home.tsx
2026-08-07T00:34:18.245Z - GET /pages/PlayerProfile.tsx
2026-08-07T00:34:18.246Z - GET /src/admin/Schedule.tsx
2026-08-07T00:34:18.246Z - GET /pages/EventDetail.tsx
2026-08-07T00:34:18.247Z - GET /src/admin/News.tsx
2026-08-07T00:34:18.247Z - GET /components/SocialFollowerIcon.tsx
2026-08-07T00:34:18.248Z - GET /src/admin/Users.tsx
2026-08-07T00:34:18.249Z - GET /pages/NewsDetail.tsx
2026-08-07T00:34:18.249Z - GET /src/admin/Settings.tsx
2026-08-07T00:34:18.250Z - GET /pages/News.tsx
2026-08-07T00:34:18.356Z - GET /pages/Information.tsx
2026-08-07T00:34:18.380Z - GET /src/admin/Teams.tsx
2026-08-07T00:34:18.382Z - GET /src/admin/Leadership.tsx
2026-08-07T00:34:18.384Z - GET /src/admin/Creators.tsx
2026-08-07T00:34:18.384Z - GET /pages/Socials.tsx
2026-08-07T00:34:18.385Z - GET /src/admin/Dashboard.tsx
2026-08-07T00:34:18.386Z - GET /src/admin/Jobs.tsx
2026-08-07T00:34:18.387Z - GET /src/admin/Subscribers.tsx
2026-08-07T00:34:18.387Z - GET /src/admin/LoginPage.tsx
2026-08-07T00:34:18.388Z - GET /components/GlobalSearch.tsx
2026-08-07T00:34:18.389Z - GET /pages/JobDetail.tsx
2026-08-07T00:34:18.390Z - GET /pages/Careers.tsx
2026-08-07T00:34:18.390Z - GET /constants.tsx
2026-08-07T00:34:18.391Z - GET /src/admin/AdminLayout.tsx
2026-08-07T00:34:18.392Z - GET /src/admin/Gallery.tsx
2026-08-07T00:34:18.393Z - GET /components/NewsletterPopup.tsx
2026-08-07T00:34:18.394Z - GET /components/Breadcrumbs.tsx
2026-08-07T00:34:18.394Z - GET /src/utils/json.ts
2026-08-07T00:34:18.395Z - GET /components/SEOMeta.tsx
2026-08-07T00:34:18.396Z - GET /components/ui/ArenaButton.tsx
2026-08-07T00:34:18.486Z - GET /src/components/ConfirmDeleteModal.tsx
2026-08-07T00:34:18.488Z - GET /src/admin/components/Toast.tsx
2026-08-07T00:34:18.490Z - GET /src/components/ImageUploader.tsx
2026-08-07T00:34:18.498Z - GET /src/lib/firebase.ts
2026-08-07T00:34:18.502Z - GET /src/admin/components/FormSection.tsx
2026-08-07T00:34:18.506Z - GET /src/admin/components/FormRepeater.tsx
2026-08-07T00:34:18.576Z - GET /firebase-applet-config.json?import
2026-08-07T00:34:18.682Z - GET /assets/Gk%20Logo.png
2026-08-07T00:34:18.703Z - GET /assets/jearsy.png
2026-08-07T00:34:18.706Z - GET /assets/bag.png
2026-08-07T00:34:18.708Z - GET /assets/mat.png
2026-08-07T00:34:18.711Z - GET /assets/mouse.png
2026-08-07T00:34:18.714Z - GET /assets/frame.png
2026-08-07T00:35:48.722Z - GET /api/game-titles
2026-08-07T00:35:48.727Z - GET /api/events
2026-08-07T00:35:48.805Z - GET /api/game-titles
2026-08-07T00:35:48.812Z - GET /api/game_titles
2026-08-07T00:35:49.358Z - GET /api/game_titles
2026-08-07T00:35:49.382Z - GET /api/events
2026-08-07T00:35:55.853Z - GET /api/events
2026-08-07T00:35:59.281Z - GET /api/game-titles
2026-08-07T00:35:59.284Z - GET /api/events
2026-08-07T00:35:59.365Z - GET /api/game-titles
2026-08-07T00:35:59.367Z - GET /api/game_titles
2026-08-07T00:35:59.773Z - GET /api/events
2026-08-07T00:35:59.856Z - GET /api/game_titles
2026-08-07T00:36:07.388Z - GET /
2026-08-07T00:36:07.489Z - GET /@vite/client
2026-08-07T00:36:07.491Z - GET /index.tsx
2026-08-07T00:36:07.492Z - GET /@react-refresh
2026-08-07T00:36:07.652Z - GET /App.tsx
2026-08-07T00:36:07.655Z - GET /node_modules/vite/dist/client/env.mjs
2026-08-07T00:36:07.733Z - GET /pages/Home.tsx
2026-08-07T00:36:07.740Z - GET /pages/About.tsx
2026-08-07T00:36:07.744Z - GET /pages/Schedule.tsx
2026-08-07T00:36:07.746Z - GET /pages/Teams.tsx
2026-08-07T00:36:07.752Z - GET /components/SocialFollowerIcon.tsx
2026-08-07T00:36:07.754Z - GET /src/admin/LoginPage.tsx
2026-08-07T00:36:07.756Z - GET /pages/Information.tsx
2026-08-07T00:36:07.763Z - GET /pages/Careers.tsx
2026-08-07T00:36:07.768Z - GET /pages/Socials.tsx
2026-08-07T00:36:07.771Z - GET /src/admin/Subscribers.tsx
2026-08-07T00:36:07.775Z - GET /pages/NewsDetail.tsx
2026-08-07T00:36:07.777Z - GET /pages/JobDetail.tsx
2026-08-07T00:36:07.780Z - GET /src/admin/Leadership.tsx
2026-08-07T00:36:07.784Z - GET /pages/News.tsx
2026-08-07T00:36:07.790Z - GET /src/admin/AdminLayout.tsx
2026-08-07T00:36:07.792Z - GET /src/admin/News.tsx
2026-08-07T00:36:07.796Z - GET /src/admin/Teams.tsx
2026-08-07T00:36:07.798Z - GET /src/admin/Creators.tsx
2026-08-07T00:36:07.801Z - GET /src/admin/Jobs.tsx
2026-08-07T00:36:07.804Z - GET /src/admin/Users.tsx
2026-08-07T00:36:07.805Z - GET /src/admin/Schedule.tsx
2026-08-07T00:36:07.809Z - GET /src/admin/Gallery.tsx
2026-08-07T00:36:07.813Z - GET /src/admin/Settings.tsx
2026-08-07T00:36:07.816Z - GET /constants.tsx
2026-08-07T00:36:07.818Z - GET /pages/PlayerProfile.tsx
2026-08-07T00:36:07.821Z - GET /pages/EventDetail.tsx
2026-08-07T00:36:07.825Z - GET /src/admin/Dashboard.tsx
2026-08-07T00:36:07.827Z - GET /components/GlobalSearch.tsx
2026-08-07T00:36:07.831Z - GET /components/NewsletterPopup.tsx
2026-08-07T00:36:07.832Z - GET /components/SEOMeta.tsx
2026-08-07T00:36:07.834Z - GET /components/ui/ArenaButton.tsx
2026-08-07T00:36:07.835Z - GET /components/Breadcrumbs.tsx
2026-08-07T00:36:07.841Z - GET /src/utils/json.ts
2026-08-07T00:36:07.844Z - GET /src/lib/firebase.ts
2026-08-07T00:36:07.847Z - GET /src/components/ConfirmDeleteModal.tsx
2026-08-07T00:36:07.884Z - GET /src/admin/components/FormSection.tsx
2026-08-07T00:36:07.886Z - GET /src/components/ImageUploader.tsx
2026-08-07T00:36:07.888Z - GET /src/admin/components/Toast.tsx
2026-08-07T00:36:07.890Z - GET /src/admin/components/FormRepeater.tsx
2026-08-07T00:36:07.922Z - GET /firebase-applet-config.json?import
2026-08-07T00:36:08.015Z - GET /assets/Gk%20Logo.png
2026-08-07T00:36:08.222Z - GET /api/health
2026-08-07T00:36:08.224Z - GET /api/stats
2026-08-07T00:36:08.315Z - GET /api/health
2026-08-07T00:36:10.020Z - GET /api/stats
2026-08-07T00:36:10.023Z - GET /api/activity
2026-08-07T00:36:10.187Z - GET /api/game-titles
2026-08-07T00:36:10.188Z - GET /api/events
2026-08-07T00:36:10.329Z - GET /api/game-titles
2026-08-07T00:36:10.332Z - GET /api/game_titles
2026-08-07T00:36:10.415Z - GET /api/events
2026-08-07T00:36:10.563Z - GET /api/game_titles
2026-08-07T00:36:11.525Z - GET /api/activity
2026-08-07T00:36:18.113Z - DELETE /api/game-titles/9
2026-08-07T00:36:18.191Z - DELETE /api/game_titles/9
2026-08-07T00:36:18.584Z - GET /api/game-titles
2026-08-07T00:36:18.663Z - GET /api/game_titles
2026-08-07T00:36:19.321Z - DELETE /api/game-titles/8
2026-08-07T00:36:19.400Z - DELETE /api/game_titles/8
2026-08-07T00:36:19.497Z - DELETE /api/game-titles/8
2026-08-07T00:36:19.575Z - DELETE /api/game_titles/8
2026-08-07T00:36:19.669Z - DELETE /api/game-titles/8
2026-08-07T00:36:19.750Z - DELETE /api/game_titles/8
2026-08-07T00:36:19.831Z - DELETE /api/game-titles/8
2026-08-07T00:36:19.912Z - DELETE /api/game_titles/8
2026-08-07T00:36:19.961Z - GET /api/game-titles
2026-08-07T00:36:20.041Z - GET /api/game_titles
2026-08-07T00:36:20.043Z - GET /api/game-titles
2026-08-07T00:36:20.128Z - GET /api/game-titles
2026-08-07T00:36:20.144Z - DELETE /api/game-titles/7
2026-08-07T00:36:20.221Z - DELETE /api/game_titles/7
2026-08-07T00:36:20.318Z - GET /api/game-titles
2026-08-07T00:36:20.321Z - GET /api/game_titles
2026-08-07T00:36:20.539Z - GET /api/game_titles
2026-08-07T00:36:20.586Z - GET /api/game-titles
2026-08-07T00:36:20.753Z - GET /api/game_titles
2026-08-07T00:36:20.975Z - GET /api/game_titles
2026-08-07T00:36:22.817Z - DELETE /api/game-titles/6
2026-08-07T00:36:22.895Z - DELETE /api/game_titles/6
2026-08-07T00:36:23.261Z - GET /api/game-titles
2026-08-07T00:36:23.350Z - GET /api/game_titles
2026-08-07T00:36:23.624Z - DELETE /api/game-titles/5
2026-08-07T00:36:23.702Z - DELETE /api/game_titles/5
2026-08-07T00:36:24.071Z - GET /api/game-titles
2026-08-07T00:36:24.148Z - GET /api/game_titles
2026-08-07T00:36:24.313Z - DELETE /api/game-titles/4
2026-08-07T00:36:24.392Z - DELETE /api/game_titles/4
2026-08-07T00:36:24.760Z - GET /api/game-titles
2026-08-07T00:36:24.846Z - GET /api/game_titles
2026-08-07T00:36:29.018Z - DELETE /api/game-titles/2
2026-08-07T00:36:29.097Z - DELETE /api/game_titles/2
2026-08-07T00:36:29.484Z - GET /api/game-titles
2026-08-07T00:36:29.564Z - GET /api/game_titles
2026-08-07T00:36:36.964Z - GET /careers/xfgh
2026-08-07T00:36:37.065Z - GET /@vite/client
2026-08-07T00:36:37.073Z - GET /index.tsx
2026-08-07T00:36:37.079Z - GET /@react-refresh
2026-08-07T00:36:37.287Z - GET /node_modules/vite/dist/client/env.mjs
2026-08-07T00:36:37.289Z - GET /App.tsx
2026-08-07T00:36:37.379Z - GET /pages/Schedule.tsx
2026-08-07T00:36:37.383Z - GET /pages/Home.tsx
2026-08-07T00:36:37.393Z - GET /pages/News.tsx
2026-08-07T00:36:37.396Z - GET /src/admin/Subscribers.tsx
2026-08-07T00:36:37.398Z - GET /src/admin/Leadership.tsx
2026-08-07T00:36:37.399Z - GET /src/admin/Creators.tsx
2026-08-07T00:36:37.405Z - GET /src/admin/Users.tsx
2026-08-07T00:36:37.407Z - GET /src/admin/Dashboard.tsx
2026-08-07T00:36:37.409Z - GET /pages/Socials.tsx
2026-08-07T00:36:37.411Z - GET /src/admin/Jobs.tsx
2026-08-07T00:36:37.413Z - GET /src/admin/LoginPage.tsx
2026-08-07T00:36:37.417Z - GET /components/GlobalSearch.tsx
2026-08-07T00:36:37.418Z - GET /src/admin/Gallery.tsx
2026-08-07T00:36:37.420Z - GET /src/admin/Teams.tsx
2026-08-07T00:36:37.421Z - GET /src/admin/News.tsx
2026-08-07T00:36:37.422Z - GET /pages/PlayerProfile.tsx
2026-08-07T00:36:37.426Z - GET /src/admin/AdminLayout.tsx
2026-08-07T00:36:37.427Z - GET /components/NewsletterPopup.tsx
2026-08-07T00:36:37.429Z - GET /src/admin/Schedule.tsx
2026-08-07T00:36:37.435Z - GET /pages/EventDetail.tsx
2026-08-07T00:36:37.437Z - GET /pages/About.tsx
2026-08-07T00:36:37.438Z - GET /pages/JobDetail.tsx
2026-08-07T00:36:37.441Z - GET /pages/Careers.tsx
2026-08-07T00:36:37.442Z - GET /components/SocialFollowerIcon.tsx
2026-08-07T00:36:37.444Z - GET /pages/NewsDetail.tsx
2026-08-07T00:36:37.447Z - GET /pages/Information.tsx
2026-08-07T00:36:37.449Z - GET /src/admin/Settings.tsx
2026-08-07T00:36:37.450Z - GET /pages/Teams.tsx
2026-08-07T00:36:37.451Z - GET /constants.tsx
2026-08-07T00:36:37.482Z - GET /components/SEOMeta.tsx
2026-08-07T00:36:37.485Z - GET /components/ui/ArenaButton.tsx
2026-08-07T00:36:37.496Z - GET /src/components/ImageUploader.tsx
2026-08-07T00:36:37.499Z - GET /src/utils/json.ts
2026-08-07T00:36:37.502Z - GET /components/Breadcrumbs.tsx
2026-08-07T00:36:37.506Z - GET /src/components/ConfirmDeleteModal.tsx
2026-08-07T00:36:37.507Z - GET /src/admin/components/Toast.tsx
2026-08-07T00:36:37.512Z - GET /src/lib/firebase.ts
2026-08-07T00:36:37.513Z - GET /src/admin/components/FormRepeater.tsx
2026-08-07T00:36:37.514Z - GET /src/admin/components/FormSection.tsx
2026-08-07T00:36:37.591Z - GET /firebase-applet-config.json?import
2026-08-07T00:36:37.708Z - GET /assets/Gk%20Logo.png
2026-08-07T00:36:37.741Z - GET /api/game-titles
2026-08-07T00:36:37.745Z - GET /api/events
2026-08-07T00:36:37.816Z - GET /api/game-titles
2026-08-07T00:36:37.819Z - GET /api/game_titles
2026-08-07T00:36:38.311Z - GET /api/events
2026-08-07T00:36:38.313Z - GET /api/game_titles
2026-08-07T00:37:36.193Z - POST /api/upload
2026-08-07T00:38:09.867Z - GET /api/events
2026-08-07T00:46:27.119Z - POST /api/upload
2026-08-07T00:46:42.246Z - POST /api/upload
2026-08-07T00:51:50.611Z - GET /
2026-08-07T00:51:51.666Z - GET /api/health
2026-08-07T00:52:00.511Z - GET /
2026-08-07T00:52:04.617Z - GET /
2026-08-07T00:52:05.124Z - GET /@vite/client
2026-08-07T00:52:05.127Z - GET /index.tsx
2026-08-07T00:52:05.128Z - GET /@react-refresh
2026-08-07T00:52:05.342Z - GET /App.tsx
2026-08-07T00:52:05.350Z - GET /node_modules/vite/dist/client/env.mjs
2026-08-07T00:52:06.639Z - GET /pages/Home.tsx
2026-08-07T00:52:06.677Z - GET /pages/Schedule.tsx
2026-08-07T00:52:06.693Z - GET /src/admin/Settings.tsx
2026-08-07T00:52:06.794Z - GET /pages/EventDetail.tsx
2026-08-07T00:52:06.800Z - GET /pages/News.tsx
2026-08-07T00:52:06.827Z - GET /pages/Socials.tsx
2026-08-07T00:52:06.851Z - GET /src/admin/Users.tsx
2026-08-07T00:52:06.859Z - GET /src/admin/Schedule.tsx
2026-08-07T00:52:06.865Z - GET /pages/NewsDetail.tsx
2026-08-07T00:52:06.869Z - GET /src/admin/Subscribers.tsx
2026-08-07T00:52:06.872Z - GET /pages/Information.tsx
2026-08-07T00:52:06.875Z - GET /src/admin/Creators.tsx
2026-08-07T00:52:06.878Z - GET /src/admin/Teams.tsx
2026-08-07T00:52:06.880Z - GET /src/admin/AdminLayout.tsx
2026-08-07T00:52:06.882Z - GET /constants.tsx
2026-08-07T00:52:06.887Z - GET /src/admin/Dashboard.tsx
2026-08-07T00:52:06.888Z - GET /src/admin/Leadership.tsx
2026-08-07T00:52:06.891Z - GET /src/admin/Gallery.tsx
2026-08-07T00:52:06.898Z - GET /pages/Careers.tsx
2026-08-07T00:52:06.903Z - GET /pages/JobDetail.tsx
2026-08-07T00:52:06.907Z - GET /src/admin/Jobs.tsx
2026-08-07T00:52:06.910Z - GET /src/admin/LoginPage.tsx
2026-08-07T00:52:06.913Z - GET /pages/Teams.tsx
2026-08-07T00:52:06.915Z - GET /components/NewsletterPopup.tsx
2026-08-07T00:52:06.918Z - GET /pages/PlayerProfile.tsx
2026-08-07T00:52:06.920Z - GET /pages/About.tsx
2026-08-07T00:52:06.923Z - GET /components/SocialFollowerIcon.tsx
2026-08-07T00:52:06.926Z - GET /src/admin/News.tsx
2026-08-07T00:52:06.928Z - GET /components/GlobalSearch.tsx
2026-08-07T00:52:06.931Z - GET /components/SEOMeta.tsx
2026-08-07T00:52:06.934Z - GET /components/ui/ArenaButton.tsx
2026-08-07T00:52:06.936Z - GET /components/Breadcrumbs.tsx
2026-08-07T00:52:06.940Z - GET /src/utils/json.ts
2026-08-07T00:52:06.942Z - GET /src/components/ConfirmDeleteModal.tsx
2026-08-07T00:52:06.945Z - GET /src/components/ImageUploader.tsx
2026-08-07T00:52:06.948Z - GET /src/admin/components/FormRepeater.tsx
2026-08-07T00:52:06.953Z - GET /src/admin/components/FormSection.tsx
2026-08-07T00:52:06.957Z - GET /src/lib/firebase.ts
2026-08-07T00:52:06.960Z - GET /src/admin/components/Toast.tsx
2026-08-07T00:52:07.045Z - GET /firebase-applet-config.json?import
2026-08-07T00:52:07.148Z - GET /assets/Gk%20Logo.png
2026-08-07T00:52:07.165Z - GET /assets/frame.png
2026-08-07T00:52:07.167Z - GET /assets/jearsy.png
2026-08-07T00:52:07.173Z - GET /assets/mat.png
2026-08-07T00:52:07.180Z - GET /assets/bag.png
2026-08-07T00:52:07.182Z - GET /assets/mouse.png
2026-08-07T00:54:09.350Z - GET /
2026-08-07T00:54:09.456Z - GET /@vite/client
2026-08-07T00:54:09.458Z - GET /index.tsx
2026-08-07T00:54:09.462Z - GET /@react-refresh
2026-08-07T00:54:09.625Z - GET /node_modules/vite/dist/client/env.mjs
2026-08-07T00:54:09.629Z - GET /App.tsx
2026-08-07T00:54:09.718Z - GET /pages/Schedule.tsx
2026-08-07T00:54:09.719Z - GET /pages/Home.tsx
2026-08-07T00:54:09.736Z - GET /pages/NewsDetail.tsx
2026-08-07T00:54:09.739Z - GET /pages/News.tsx
2026-08-07T00:54:09.744Z - GET /pages/PlayerProfile.tsx
2026-08-07T00:54:09.747Z - GET /src/admin/Jobs.tsx
2026-08-07T00:54:09.748Z - GET /src/admin/Teams.tsx
2026-08-07T00:54:09.751Z - GET /src/admin/Subscribers.tsx
2026-08-07T00:54:09.754Z - GET /src/admin/Gallery.tsx
2026-08-07T00:54:09.756Z - GET /src/admin/Leadership.tsx
2026-08-07T00:54:09.758Z - GET /src/admin/Users.tsx
2026-08-07T00:54:09.761Z - GET /src/admin/Schedule.tsx
2026-08-07T00:54:09.763Z - GET /src/admin/Creators.tsx
2026-08-07T00:54:09.765Z - GET /src/admin/Settings.tsx
2026-08-07T00:54:09.768Z - GET /pages/Socials.tsx
2026-08-07T00:54:09.769Z - GET /pages/Teams.tsx
2026-08-07T00:54:09.776Z - GET /src/admin/AdminLayout.tsx
2026-08-07T00:54:09.779Z - GET /constants.tsx
2026-08-07T00:54:09.782Z - GET /components/GlobalSearch.tsx
2026-08-07T00:54:09.784Z - GET /pages/Information.tsx
2026-08-07T00:54:09.786Z - GET /src/admin/News.tsx
2026-08-07T00:54:09.789Z - GET /components/NewsletterPopup.tsx
2026-08-07T00:54:09.790Z - GET /src/admin/Dashboard.tsx
2026-08-07T00:54:09.792Z - GET /components/SocialFollowerIcon.tsx
2026-08-07T00:54:09.796Z - GET /pages/EventDetail.tsx
2026-08-07T00:54:09.797Z - GET /src/admin/LoginPage.tsx
2026-08-07T00:54:09.801Z - GET /pages/Careers.tsx
2026-08-07T00:54:09.802Z - GET /pages/About.tsx
2026-08-07T00:54:09.806Z - GET /pages/JobDetail.tsx
2026-08-07T00:54:09.809Z - GET /src/utils/json.ts
2026-08-07T00:54:09.810Z - GET /components/ui/ArenaButton.tsx
2026-08-07T00:54:09.812Z - GET /components/SEOMeta.tsx
2026-08-07T00:54:09.814Z - GET /components/Breadcrumbs.tsx
2026-08-07T00:54:09.829Z - GET /src/components/ConfirmDeleteModal.tsx
2026-08-07T00:54:09.830Z - GET /src/lib/firebase.ts
2026-08-07T00:54:09.836Z - GET /src/components/ImageUploader.tsx
2026-08-07T00:54:09.838Z - GET /src/admin/components/FormSection.tsx
2026-08-07T00:54:09.838Z - GET /src/admin/components/FormRepeater.tsx
2026-08-07T00:54:09.840Z - GET /src/admin/components/Toast.tsx
2026-08-07T00:54:09.915Z - GET /firebase-applet-config.json?import
2026-08-07T00:54:10.008Z - GET /assets/Gk%20Logo.png
2026-08-07T00:54:10.198Z - GET /api/health
2026-08-07T00:54:10.204Z - GET /api/stats
2026-08-07T00:54:10.314Z - GET /api/health
2026-08-07T00:54:13.021Z - GET /api/activity
2026-08-07T00:54:13.025Z - GET /api/stats
2026-08-07T00:54:14.336Z - GET /api/events
2026-08-07T00:54:14.339Z - GET /api/game-titles
2026-08-07T00:54:14.416Z - GET /api/game-titles
2026-08-07T00:54:14.418Z - GET /api/game_titles
2026-08-07T00:54:14.686Z - GET /api/game_titles
2026-08-07T00:54:14.834Z - GET /api/events
2026-08-07T00:54:15.064Z - GET /api/activity
2026-08-07T00:54:40.715Z - POST /api/upload
2026-08-07T01:06:13.435Z - POST /api/upload
2026-08-07T01:06:15.486Z - PUT /api/events/2
2026-08-07T01:06:17.500Z - GET /api/events
2026-08-07T01:06:38.357Z - GET /careers/xfgh
2026-08-07T01:06:38.469Z - GET /@vite/client
2026-08-07T01:06:38.473Z - GET /@react-refresh
2026-08-07T01:06:38.475Z - GET /index.tsx
2026-08-07T01:06:38.617Z - GET /node_modules/vite/dist/client/env.mjs
2026-08-07T01:06:38.641Z - GET /App.tsx
2026-08-07T01:06:38.744Z - GET /pages/NewsDetail.tsx
2026-08-07T01:06:38.745Z - GET /components/SocialFollowerIcon.tsx
2026-08-07T01:06:38.746Z - GET /pages/EventDetail.tsx
2026-08-07T01:06:38.750Z - GET /pages/Socials.tsx
2026-08-07T01:06:38.761Z - GET /src/admin/Leadership.tsx
2026-08-07T01:06:38.765Z - GET /src/admin/Jobs.tsx
2026-08-07T01:06:38.767Z - GET /src/admin/News.tsx
2026-08-07T01:06:38.771Z - GET /src/admin/Subscribers.tsx
2026-08-07T01:06:38.773Z - GET /src/admin/Users.tsx
2026-08-07T01:06:38.775Z - GET /src/admin/Settings.tsx
2026-08-07T01:06:38.777Z - GET /src/admin/AdminLayout.tsx
2026-08-07T01:06:38.781Z - GET /src/admin/Gallery.tsx
2026-08-07T01:06:38.785Z - GET /src/admin/Creators.tsx
2026-08-07T01:06:38.787Z - GET /pages/Schedule.tsx
2026-08-07T01:06:38.791Z - GET /constants.tsx
2026-08-07T01:06:38.794Z - GET /src/admin/Dashboard.tsx
2026-08-07T01:06:38.796Z - GET /src/admin/Teams.tsx
2026-08-07T01:06:38.800Z - GET /pages/Information.tsx
2026-08-07T01:06:38.802Z - GET /pages/News.tsx
2026-08-07T01:06:38.803Z - GET /pages/About.tsx
2026-08-07T01:06:38.806Z - GET /pages/JobDetail.tsx
2026-08-07T01:06:38.808Z - GET /pages/Careers.tsx
2026-08-07T01:06:38.809Z - GET /components/GlobalSearch.tsx
2026-08-07T01:06:38.813Z - GET /src/admin/Schedule.tsx
2026-08-07T01:06:38.815Z - GET /pages/Home.tsx
2026-08-07T01:06:38.818Z - GET /pages/Teams.tsx
2026-08-07T01:06:38.821Z - GET /src/admin/LoginPage.tsx
2026-08-07T01:06:38.824Z - GET /pages/PlayerProfile.tsx
2026-08-07T01:06:38.826Z - GET /components/NewsletterPopup.tsx
2026-08-07T01:06:38.830Z - GET /components/Breadcrumbs.tsx
2026-08-07T01:06:38.832Z - GET /components/ui/ArenaButton.tsx
2026-08-07T01:06:38.835Z - GET /components/SEOMeta.tsx
2026-08-07T01:06:38.842Z - GET /src/components/ImageUploader.tsx
2026-08-07T01:06:38.846Z - GET /src/components/ConfirmDeleteModal.tsx
2026-08-07T01:06:38.851Z - GET /src/utils/json.ts
2026-08-07T01:06:38.852Z - GET /src/admin/components/Toast.tsx
2026-08-07T01:06:38.854Z - GET /src/lib/firebase.ts
2026-08-07T01:06:38.879Z - GET /src/admin/components/FormSection.tsx
2026-08-07T01:06:38.882Z - GET /src/admin/components/FormRepeater.tsx
2026-08-07T01:06:38.933Z - GET /firebase-applet-config.json?import
2026-08-07T01:06:39.055Z - GET /assets/Gk%20Logo.png
2026-08-07T01:06:39.078Z - GET /api/events
2026-08-07T01:06:39.083Z - GET /api/events
2026-08-07T01:06:43.088Z - GET /api/events
2026-08-07T01:06:43.090Z - GET /api/game-titles
2026-08-07T01:06:43.253Z - GET /api/game-titles
2026-08-07T01:06:43.258Z - GET /api/game_titles
2026-08-07T01:06:43.319Z - GET /api/events
2026-08-07T01:06:43.486Z - GET /api/game_titles
2026-08-07T01:06:45.498Z - GET /api/events
2026-08-07T01:07:46.143Z - PUT /api/events/2
2026-08-07T01:07:48.475Z - GET /api/events
2026-08-07T01:07:50.646Z - GET /careers/xfgh
2026-08-07T01:07:50.744Z - GET /@vite/client
2026-08-07T01:07:50.750Z - GET /@react-refresh
2026-08-07T01:07:50.753Z - GET /index.tsx
2026-08-07T01:07:50.910Z - GET /App.tsx
2026-08-07T01:07:50.913Z - GET /node_modules/vite/dist/client/env.mjs
2026-08-07T01:07:51.010Z - GET /pages/Socials.tsx
2026-08-07T01:07:51.013Z - GET /src/admin/Subscribers.tsx
2026-08-07T01:07:51.017Z - GET /pages/NewsDetail.tsx
2026-08-07T01:07:51.027Z - GET /src/admin/Gallery.tsx
2026-08-07T01:07:51.033Z - GET /src/admin/Jobs.tsx
2026-08-07T01:07:51.037Z - GET /pages/News.tsx
2026-08-07T01:07:51.040Z - GET /src/admin/News.tsx
2026-08-07T01:07:51.044Z - GET /src/admin/Creators.tsx
2026-08-07T01:07:51.048Z - GET /src/admin/Settings.tsx
2026-08-07T01:07:51.049Z - GET /src/admin/LoginPage.tsx
2026-08-07T01:07:51.055Z - GET /src/admin/Users.tsx
2026-08-07T01:07:51.057Z - GET /src/admin/Leadership.tsx
2026-08-07T01:07:51.061Z - GET /src/admin/Teams.tsx
2026-08-07T01:07:51.064Z - GET /src/admin/Schedule.tsx
2026-08-07T01:07:51.066Z - GET /src/admin/AdminLayout.tsx
2026-08-07T01:07:51.069Z - GET /constants.tsx
2026-08-07T01:07:51.069Z - GET /pages/Teams.tsx
2026-08-07T01:07:51.070Z - GET /pages/Information.tsx
2026-08-07T01:07:51.074Z - GET /pages/JobDetail.tsx
2026-08-07T01:07:51.077Z - GET /src/admin/Dashboard.tsx
2026-08-07T01:07:51.082Z - GET /components/SocialFollowerIcon.tsx
2026-08-07T01:07:51.085Z - GET /pages/About.tsx
2026-08-07T01:07:51.089Z - GET /pages/Home.tsx
2026-08-07T01:07:51.090Z - GET /pages/Careers.tsx
2026-08-07T01:07:51.092Z - GET /pages/PlayerProfile.tsx
2026-08-07T01:07:51.096Z - GET /pages/Schedule.tsx
2026-08-07T01:07:51.097Z - GET /components/GlobalSearch.tsx
2026-08-07T01:07:51.098Z - GET /components/NewsletterPopup.tsx
2026-08-07T01:07:51.102Z - GET /pages/EventDetail.tsx
2026-08-07T01:07:51.104Z - GET /components/ui/ArenaButton.tsx
2026-08-07T01:07:51.107Z - GET /src/lib/firebase.ts
2026-08-07T01:07:51.108Z - GET /src/components/ConfirmDeleteModal.tsx
2026-08-07T01:07:51.111Z - GET /components/Breadcrumbs.tsx
2026-08-07T01:07:51.114Z - GET /components/SEOMeta.tsx
2026-08-07T01:07:51.115Z - GET /src/admin/components/Toast.tsx
2026-08-07T01:07:51.119Z - GET /src/components/ImageUploader.tsx
2026-08-07T01:07:51.121Z - GET /src/utils/json.ts
2026-08-07T01:07:51.142Z - GET /src/admin/components/FormRepeater.tsx
2026-08-07T01:07:51.146Z - GET /src/admin/components/FormSection.tsx
2026-08-07T01:07:51.254Z - GET /firebase-applet-config.json?import
2026-08-07T01:07:51.357Z - GET /assets/Gk%20Logo.png
2026-08-07T01:07:51.360Z - GET /api/events
2026-08-07T01:07:51.394Z - GET /api/events
2026-08-07T01:08:06.945Z - GET /api/game-titles
2026-08-07T01:08:06.948Z - GET /api/events
2026-08-07T01:08:07.021Z - GET /api/game-titles
2026-08-07T01:08:07.023Z - GET /api/game_titles
2026-08-07T01:08:07.316Z - GET /api/events
2026-08-07T01:08:07.524Z - GET /api/game_titles
2026-08-07T01:08:08.460Z - GET /api/events
2026-08-07T01:08:08.464Z - GET /api/events
2026-08-07T01:09:36.618Z - GET /api/health
2026-08-07T15:48:15.186Z - GET /
2026-08-07T15:48:15.820Z - GET /
2026-08-07T15:48:16.565Z - GET /@vite/client
2026-08-07T15:48:16.571Z - GET /index.tsx
2026-08-07T15:48:16.574Z - GET /@react-refresh
2026-08-07T15:48:16.795Z - GET /node_modules/vite/dist/client/env.mjs
2026-08-07T15:48:16.817Z - GET /node_modules/.vite/deps/react.js?v=5d64ab93
2026-08-07T15:48:16.828Z - GET /node_modules/.vite/deps/react-dom_client.js?v=1417dc0f
2026-08-07T15:48:16.832Z - GET /node_modules/.vite/deps/react_jsx-dev-runtime.js?v=5d64ab93
2026-08-07T15:48:16.838Z - GET /App.tsx
2026-08-07T15:48:17.984Z - GET /pages/Schedule.tsx
2026-08-07T15:48:18.031Z - GET /node_modules/.vite/deps/lucide-react.js?v=9d1cd769
2026-08-07T15:48:18.036Z - GET /pages/Teams.tsx
2026-08-07T15:48:18.074Z - GET /pages/Home.tsx
2026-08-07T15:48:18.125Z - GET /pages/About.tsx
2026-08-07T15:48:18.138Z - GET /node_modules/.vite/deps/framer-motion.js?v=9a2033a5
2026-08-07T15:48:18.139Z - GET /node_modules/.vite/deps/react-router-dom.js?v=1c4c339b
2026-08-07T15:48:18.141Z - GET /src/admin/Settings.tsx
2026-08-07T15:48:18.143Z - GET /src/admin/Schedule.tsx
2026-08-07T15:48:18.148Z - GET /pages/Careers.tsx
2026-08-07T15:48:18.151Z - GET /pages/Information.tsx
2026-08-07T15:48:18.152Z - GET /src/admin/Creators.tsx
2026-08-07T15:48:18.160Z - GET /src/admin/Gallery.tsx
2026-08-07T15:48:18.162Z - GET /src/admin/Users.tsx
2026-08-07T15:48:18.163Z - GET /pages/News.tsx
2026-08-07T15:48:18.166Z - GET /src/admin/News.tsx
2026-08-07T15:48:18.172Z - GET /src/admin/AdminLayout.tsx
2026-08-07T15:48:18.174Z - GET /src/admin/Subscribers.tsx
2026-08-07T15:48:18.177Z - GET /src/admin/Teams.tsx
2026-08-07T15:48:18.184Z - GET /pages/Socials.tsx
2026-08-07T15:48:18.188Z - GET /src/admin/Jobs.tsx
2026-08-07T15:48:18.194Z - GET /pages/PlayerProfile.tsx
2026-08-07T15:48:18.201Z - GET /src/admin/Dashboard.tsx
2026-08-07T15:48:18.202Z - GET /constants.tsx
2026-08-07T15:48:18.203Z - GET /src/admin/Leadership.tsx
2026-08-07T15:48:18.205Z - GET /src/admin/LoginPage.tsx
2026-08-07T15:48:18.206Z - GET /pages/JobDetail.tsx
2026-08-07T15:48:18.208Z - GET /components/GlobalSearch.tsx
2026-08-07T15:48:18.209Z - GET /components/SocialFollowerIcon.tsx
2026-08-07T15:48:18.214Z - GET /components/NewsletterPopup.tsx
2026-08-07T15:48:18.215Z - GET /pages/NewsDetail.tsx
2026-08-07T15:48:18.217Z - GET /pages/EventDetail.tsx
2026-08-07T15:48:18.225Z - GET /components/SEOMeta.tsx
2026-08-07T15:48:18.230Z - GET /components/Breadcrumbs.tsx
2026-08-07T15:48:18.238Z - GET /src/utils/json.ts
2026-08-07T15:48:18.344Z - GET /components/ui/ArenaButton.tsx
2026-08-07T15:48:18.351Z - GET /src/components/ConfirmDeleteModal.tsx
2026-08-07T15:48:18.378Z - GET /src/lib/firebase.ts
2026-08-07T15:48:18.379Z - GET /node_modules/.vite/deps/firebase_auth.js?v=12d44362
2026-08-07T15:48:18.381Z - GET /node_modules/.vite/deps/xlsx.js?v=fa9ababd
2026-08-07T15:48:18.388Z - GET /node_modules/.vite/deps/firebase_firestore.js?v=759a14e1
2026-08-07T15:48:18.392Z - GET /src/admin/components/Toast.tsx
2026-08-07T15:48:18.393Z - GET /src/components/ImageUploader.tsx
2026-08-07T15:48:18.401Z - GET /src/admin/components/FormRepeater.tsx
2026-08-07T15:48:18.404Z - GET /src/admin/components/FormSection.tsx
2026-08-07T15:48:18.408Z - GET /node_modules/.vite/deps/chunk-V5LT2MCF.js?v=be84b0ab
2026-08-07T15:48:18.425Z - GET /node_modules/.vite/deps/chunk-2GTGKKMZ.js?v=be84b0ab
2026-08-07T15:48:18.435Z - GET /node_modules/.vite/deps/chunk-GHX6QOSA.js?v=be84b0ab
2026-08-07T15:48:18.524Z - GET /node_modules/.vite/deps/firebase_app.js?v=5796ffa0
2026-08-07T15:48:18.527Z - GET /firebase-applet-config.json?import
2026-08-07T15:48:18.530Z - GET /node_modules/.vite/deps/chunk-CCHYV7MY.js?v=be84b0ab
2026-08-07T15:48:18.644Z - GET /assets/Gk%20Logo.png
2026-08-07T15:48:18.670Z - GET /assets/mat.png
2026-08-07T15:48:18.675Z - GET /assets/jearsy.png
2026-08-07T15:48:18.679Z - GET /assets/bag.png
2026-08-07T15:48:18.681Z - GET /assets/mouse.png
2026-08-07T15:48:18.683Z - GET /assets/frame.png
2026-08-07T15:48:24.309Z - GET /
2026-08-07T15:48:24.400Z - GET /@vite/client
2026-08-07T15:48:24.403Z - GET /index.tsx
2026-08-07T15:48:24.407Z - GET /@react-refresh
2026-08-07T15:48:24.566Z - GET /App.tsx
2026-08-07T15:48:24.568Z - GET /node_modules/vite/dist/client/env.mjs
2026-08-07T15:48:24.643Z - GET /pages/Home.tsx
2026-08-07T15:48:24.661Z - GET /pages/About.tsx
2026-08-07T15:48:24.663Z - GET /pages/Teams.tsx
2026-08-07T15:48:24.665Z - GET /pages/Schedule.tsx
2026-08-07T15:48:24.669Z - GET /components/SocialFollowerIcon.tsx
2026-08-07T15:48:24.671Z - GET /pages/EventDetail.tsx
2026-08-07T15:48:24.675Z - GET /src/admin/Users.tsx
2026-08-07T15:48:24.678Z - GET /src/admin/Subscribers.tsx
2026-08-07T15:48:24.680Z - GET /src/admin/Jobs.tsx
2026-08-07T15:48:24.683Z - GET /src/admin/Creators.tsx
2026-08-07T15:48:24.685Z - GET /src/admin/News.tsx
2026-08-07T15:48:24.687Z - GET /src/admin/Teams.tsx
2026-08-07T15:48:24.690Z - GET /src/admin/Schedule.tsx
2026-08-07T15:48:24.692Z - GET /pages/Information.tsx
2026-08-07T15:48:24.697Z - GET /src/admin/Dashboard.tsx
2026-08-07T15:48:24.699Z - GET /pages/PlayerProfile.tsx
2026-08-07T15:48:24.701Z - GET /components/NewsletterPopup.tsx
2026-08-07T15:48:24.702Z - GET /constants.tsx
2026-08-07T15:48:24.705Z - GET /pages/JobDetail.tsx
2026-08-07T15:48:24.707Z - GET /src/admin/AdminLayout.tsx
2026-08-07T15:48:24.709Z - GET /src/admin/Leadership.tsx
2026-08-07T15:48:24.710Z - GET /components/GlobalSearch.tsx
2026-08-07T15:48:24.716Z - GET /src/admin/LoginPage.tsx
2026-08-07T15:48:24.718Z - GET /pages/Socials.tsx
2026-08-07T15:48:24.719Z - GET /pages/NewsDetail.tsx
2026-08-07T15:48:24.722Z - GET /src/admin/Settings.tsx
2026-08-07T15:48:24.724Z - GET /src/admin/Gallery.tsx
2026-08-07T15:48:24.726Z - GET /pages/News.tsx
2026-08-07T15:48:24.728Z - GET /pages/Careers.tsx
2026-08-07T15:48:24.733Z - GET /components/SEOMeta.tsx
2026-08-07T15:48:24.737Z - GET /components/Breadcrumbs.tsx
2026-08-07T15:48:24.743Z - GET /components/ui/ArenaButton.tsx
2026-08-07T15:48:24.746Z - GET /src/utils/json.ts
2026-08-07T15:48:24.752Z - GET /src/components/ConfirmDeleteModal.tsx
2026-08-07T15:48:24.761Z - GET /src/lib/firebase.ts
2026-08-07T15:48:24.766Z - GET /src/components/ImageUploader.tsx
2026-08-07T15:48:24.770Z - GET /src/admin/components/FormRepeater.tsx
2026-08-07T15:48:24.773Z - GET /src/admin/components/Toast.tsx
2026-08-07T15:48:24.775Z - GET /src/admin/components/FormSection.tsx
2026-08-07T15:48:24.837Z - GET /firebase-applet-config.json?import
2026-08-07T15:48:24.929Z - GET /assets/Gk%20Logo.png
2026-08-07T15:48:25.180Z - GET /api/health
2026-08-07T15:48:25.215Z - GET /api/stats
2026-08-07T15:48:25.260Z - GET /api/health
2026-08-07T15:48:28.561Z - GET /api/activity
2026-08-07T15:48:28.564Z - GET /api/stats
2026-08-07T15:48:30.100Z - GET /api/activity
2026-08-07T15:48:33.360Z - GET /api/news_categories
2026-08-07T15:48:33.363Z - GET /api/news
2026-08-07T15:48:33.365Z - GET /api/news_tags
2026-08-07T15:48:33.368Z - GET /api/news_authors
2026-08-07T15:48:33.596Z - GET /api/news_categories
2026-08-07T15:48:33.859Z - GET /api/news
2026-08-07T15:48:33.868Z - GET /api/news_authors
2026-08-07T15:48:33.876Z - GET /api/news_tags
2026-08-07T15:48:38.552Z - GET /api/news
2026-08-07T15:48:40.572Z - GET /careers/xfgh
2026-08-07T15:48:40.688Z - GET /@vite/client
2026-08-07T15:48:40.692Z - GET /@react-refresh
2026-08-07T15:48:40.693Z - GET /index.tsx
2026-08-07T15:48:40.848Z - GET /node_modules/.vite/deps/react_jsx-dev-runtime.js?v=5d64ab93
2026-08-07T15:48:40.850Z - GET /App.tsx
2026-08-07T15:48:40.852Z - GET /node_modules/.vite/deps/react-dom_client.js?v=1417dc0f
2026-08-07T15:48:40.854Z - GET /node_modules/.vite/deps/react.js?v=5d64ab93
2026-08-07T15:48:40.857Z - GET /node_modules/vite/dist/client/env.mjs
2026-08-07T15:48:40.932Z - GET /node_modules/.vite/deps/chunk-2GTGKKMZ.js?v=be84b0ab
2026-08-07T15:48:40.934Z - GET /node_modules/.vite/deps/chunk-GHX6QOSA.js?v=be84b0ab
2026-08-07T15:48:40.956Z - GET /node_modules/.vite/deps/chunk-V5LT2MCF.js?v=be84b0ab
2026-08-07T15:48:40.973Z - GET /node_modules/.vite/deps/react-router-dom.js?v=1c4c339b
2026-08-07T15:48:40.985Z - GET /pages/News.tsx
2026-08-07T15:48:40.989Z - GET /pages/EventDetail.tsx
2026-08-07T15:48:41.001Z - GET /pages/Socials.tsx
2026-08-07T15:48:41.006Z - GET /src/admin/Dashboard.tsx
2026-08-07T15:48:41.009Z - GET /src/admin/Settings.tsx
2026-08-07T15:48:41.010Z - GET /pages/About.tsx
2026-08-07T15:48:41.013Z - GET /src/admin/News.tsx
2026-08-07T15:48:41.017Z - GET /src/admin/Users.tsx
2026-08-07T15:48:41.018Z - GET /src/admin/LoginPage.tsx
2026-08-07T15:48:41.019Z - GET /src/admin/Subscribers.tsx
2026-08-07T15:48:41.022Z - GET /src/admin/Schedule.tsx
2026-08-07T15:48:41.029Z - GET /src/admin/Creators.tsx
2026-08-07T15:48:41.033Z - GET /src/admin/Gallery.tsx
2026-08-07T15:48:41.037Z - GET /src/admin/Leadership.tsx
2026-08-07T15:48:41.039Z - GET /src/admin/Teams.tsx
2026-08-07T15:48:41.050Z - GET /src/admin/Jobs.tsx
2026-08-07T15:48:41.053Z - GET /pages/Information.tsx
2026-08-07T15:48:41.055Z - GET /pages/Careers.tsx
2026-08-07T15:48:41.058Z - GET /node_modules/.vite/deps/framer-motion.js?v=9a2033a5
2026-08-07T15:48:41.067Z - GET /constants.tsx
2026-08-07T15:48:41.085Z - GET /components/GlobalSearch.tsx
2026-08-07T15:48:41.089Z - GET /node_modules/.vite/deps/lucide-react.js?v=9d1cd769
2026-08-07T15:48:41.092Z - GET /pages/Home.tsx
2026-08-07T15:48:41.096Z - GET /pages/PlayerProfile.tsx
2026-08-07T15:48:41.100Z - GET /src/admin/AdminLayout.tsx
2026-08-07T15:48:41.104Z - GET /components/SocialFollowerIcon.tsx
2026-08-07T15:48:41.108Z - GET /components/NewsletterPopup.tsx
2026-08-07T15:48:41.111Z - GET /pages/Schedule.tsx
2026-08-07T15:48:41.114Z - GET /pages/NewsDetail.tsx
2026-08-07T15:48:41.117Z - GET /pages/Teams.tsx
2026-08-07T15:48:41.126Z - GET /pages/JobDetail.tsx
2026-08-07T15:48:41.188Z - GET /components/ui/ArenaButton.tsx
2026-08-07T15:48:41.197Z - GET /src/components/ConfirmDeleteModal.tsx
2026-08-07T15:48:41.203Z - GET /src/lib/firebase.ts
2026-08-07T15:48:41.206Z - GET /node_modules/.vite/deps/firebase_auth.js?v=12d44362
2026-08-07T15:48:41.209Z - GET /components/Breadcrumbs.tsx
2026-08-07T15:48:41.212Z - GET /components/SEOMeta.tsx
2026-08-07T15:48:41.213Z - GET /src/components/ImageUploader.tsx
2026-08-07T15:48:41.215Z - GET /src/utils/json.ts
2026-08-07T15:48:41.220Z - GET /node_modules/.vite/deps/xlsx.js?v=fa9ababd
2026-08-07T15:48:41.227Z - GET /node_modules/.vite/deps/firebase_firestore.js?v=759a14e1
2026-08-07T15:48:41.235Z - GET /src/admin/components/Toast.tsx
2026-08-07T15:48:41.258Z - GET /src/admin/components/FormRepeater.tsx
2026-08-07T15:48:41.266Z - GET /src/admin/components/FormSection.tsx
2026-08-07T15:48:41.287Z - GET /node_modules/.vite/deps/firebase_app.js?v=5796ffa0
2026-08-07T15:48:41.288Z - GET /firebase-applet-config.json?import
2026-08-07T15:48:41.295Z - GET /node_modules/.vite/deps/chunk-CCHYV7MY.js?v=be84b0ab
2026-08-07T15:48:41.404Z - GET /assets/Gk%20Logo.png
2026-08-07T15:48:41.407Z - GET /api/news
2026-08-07T15:48:41.420Z - GET /api/news
2026-08-07T15:48:46.075Z - DELETE /api/news/1
2026-08-07T15:48:46.555Z - GET /api/news
2026-08-07T15:48:46.557Z - GET /api/news_tags
2026-08-07T15:48:46.558Z - GET /api/news_authors
2026-08-07T15:48:46.561Z - GET /api/news_categories
2026-08-07T15:48:47.437Z - DELETE /api/news/2
2026-08-07T15:48:48.048Z - GET /api/news
2026-08-07T15:48:48.053Z - GET /api/news_categories
2026-08-07T15:48:48.054Z - GET /api/news_tags
2026-08-07T15:48:48.055Z - GET /api/news_authors
2026-08-07T15:48:48.732Z - DELETE /api/news/3
2026-08-07T15:48:49.352Z - GET /api/news
2026-08-07T15:48:49.354Z - GET /api/news_categories
2026-08-07T15:48:49.358Z - GET /api/news_authors
2026-08-07T15:48:49.369Z - GET /api/news_tags
2026-08-07T15:48:51.023Z - GET /careers/xfgh
2026-08-07T15:48:51.117Z - GET /@vite/client
2026-08-07T15:48:51.118Z - GET /index.tsx
2026-08-07T15:48:51.127Z - GET /@react-refresh
2026-08-07T15:48:51.281Z - GET /App.tsx
2026-08-07T15:48:51.284Z - GET /node_modules/vite/dist/client/env.mjs
2026-08-07T15:48:51.383Z - GET /pages/Teams.tsx
2026-08-07T15:48:51.385Z - GET /pages/Schedule.tsx
2026-08-07T15:48:51.387Z - GET /pages/About.tsx
2026-08-07T15:48:51.388Z - GET /pages/Home.tsx
2026-08-07T15:48:51.390Z - GET /pages/PlayerProfile.tsx
2026-08-07T15:48:51.392Z - GET /src/admin/Subscribers.tsx
2026-08-07T15:48:51.393Z - GET /src/admin/Settings.tsx
2026-08-07T15:48:51.395Z - GET /pages/NewsDetail.tsx
2026-08-07T15:48:51.398Z - GET /src/admin/Creators.tsx
2026-08-07T15:48:51.399Z - GET /src/admin/Jobs.tsx
2026-08-07T15:48:51.400Z - GET /pages/JobDetail.tsx
2026-08-07T15:48:51.403Z - GET /src/admin/Users.tsx
2026-08-07T15:48:51.404Z - GET /src/admin/Dashboard.tsx
2026-08-07T15:48:51.405Z - GET /pages/Information.tsx
2026-08-07T15:48:51.407Z - GET /pages/Socials.tsx
2026-08-07T15:48:51.408Z - GET /components/GlobalSearch.tsx
2026-08-07T15:48:51.409Z - GET /src/admin/Teams.tsx
2026-08-07T15:48:51.410Z - GET /pages/News.tsx
2026-08-07T15:48:51.411Z - GET /src/admin/Schedule.tsx
2026-08-07T15:48:51.412Z - GET /src/admin/News.tsx
2026-08-07T15:48:51.414Z - GET /src/admin/Gallery.tsx
2026-08-07T15:48:51.415Z - GET /src/admin/Leadership.tsx
2026-08-07T15:48:51.417Z - GET /src/admin/AdminLayout.tsx
2026-08-07T15:48:51.418Z - GET /components/NewsletterPopup.tsx
2026-08-07T15:48:51.419Z - GET /pages/EventDetail.tsx
2026-08-07T15:48:51.421Z - GET /src/admin/LoginPage.tsx
2026-08-07T15:48:51.422Z - GET /pages/Careers.tsx
2026-08-07T15:48:51.423Z - GET /constants.tsx
2026-08-07T15:48:51.424Z - GET /components/SocialFollowerIcon.tsx
2026-08-07T15:48:51.467Z - GET /components/Breadcrumbs.tsx
2026-08-07T15:48:51.470Z - GET /components/SEOMeta.tsx
2026-08-07T15:48:51.471Z - GET /src/utils/json.ts
2026-08-07T15:48:51.474Z - GET /components/ui/ArenaButton.tsx
2026-08-07T15:48:51.479Z - GET /src/components/ConfirmDeleteModal.tsx
2026-08-07T15:48:51.483Z - GET /src/lib/firebase.ts
2026-08-07T15:48:51.574Z - GET /src/admin/components/Toast.tsx
2026-08-07T15:48:51.576Z - GET /src/admin/components/FormRepeater.tsx
2026-08-07T15:48:51.578Z - GET /src/admin/components/FormSection.tsx
2026-08-07T15:48:51.580Z - GET /src/components/ImageUploader.tsx
2026-08-07T15:48:51.581Z - GET /firebase-applet-config.json?import
2026-08-07T15:48:51.668Z - GET /assets/Gk%20Logo.png
2026-08-07T15:48:51.672Z - GET /api/news
2026-08-07T15:48:51.707Z - GET /api/news
2026-08-07T15:49:04.686Z - GET /api/news
2026-08-07T15:49:13.983Z - PUT /api/news/4
2026-08-07T15:51:03.970Z - GET /
2026-08-07T15:51:08.273Z - GET /
2026-08-07T15:51:08.815Z - GET /@vite/client
2026-08-07T15:51:08.817Z - GET /@react-refresh
2026-08-07T15:51:08.826Z - GET /index.tsx
2026-08-07T15:51:09.006Z - GET /node_modules/vite/dist/client/env.mjs
2026-08-07T15:51:09.016Z - GET /App.tsx
2026-08-07T15:51:10.193Z - GET /pages/PlayerProfile.tsx
2026-08-07T15:51:10.227Z - GET /pages/NewsDetail.tsx
2026-08-07T15:51:10.238Z - GET /src/admin/News.tsx
2026-08-07T15:51:10.280Z - GET /components/SocialFollowerIcon.tsx
2026-08-07T15:51:10.334Z - GET /pages/News.tsx
2026-08-07T15:51:10.358Z - GET /src/admin/Creators.tsx
2026-08-07T15:51:10.384Z - GET /src/admin/Schedule.tsx
2026-08-07T15:51:10.390Z - GET /src/admin/Gallery.tsx
2026-08-07T15:51:10.395Z - GET /src/admin/Jobs.tsx
2026-08-07T15:51:10.397Z - GET /src/admin/Teams.tsx
2026-08-07T15:51:10.403Z - GET /pages/Socials.tsx
2026-08-07T15:51:10.406Z - GET /src/admin/Settings.tsx
2026-08-07T15:51:10.408Z - GET /src/admin/LoginPage.tsx
2026-08-07T15:51:10.410Z - GET /src/admin/Dashboard.tsx
2026-08-07T15:51:10.412Z - GET /pages/Information.tsx
2026-08-07T15:51:10.414Z - GET /components/GlobalSearch.tsx
2026-08-07T15:51:10.416Z - GET /pages/Schedule.tsx
2026-08-07T15:51:10.418Z - GET /src/admin/Users.tsx
2026-08-07T15:51:10.420Z - GET /pages/Careers.tsx
2026-08-07T15:51:10.423Z - GET /src/admin/Subscribers.tsx
2026-08-07T15:51:10.425Z - GET /src/admin/Leadership.tsx
2026-08-07T15:51:10.431Z - GET /pages/About.tsx
2026-08-07T15:51:10.434Z - GET /src/admin/AdminLayout.tsx
2026-08-07T15:51:10.435Z - GET /pages/Teams.tsx
2026-08-07T15:51:10.439Z - GET /pages/JobDetail.tsx
2026-08-07T15:51:10.443Z - GET /constants.tsx
2026-08-07T15:51:10.445Z - GET /pages/EventDetail.tsx
2026-08-07T15:51:10.449Z - GET /pages/Home.tsx
2026-08-07T15:51:10.454Z - GET /components/NewsletterPopup.tsx
2026-08-07T15:51:10.462Z - GET /components/Breadcrumbs.tsx
2026-08-07T15:51:10.465Z - GET /components/SEOMeta.tsx
2026-08-07T15:51:10.467Z - GET /components/ui/ArenaButton.tsx
2026-08-07T15:51:10.469Z - GET /src/utils/json.ts
2026-08-07T15:51:10.554Z - GET /src/components/ImageUploader.tsx
2026-08-07T15:51:10.557Z - GET /src/components/ConfirmDeleteModal.tsx
2026-08-07T15:51:10.592Z - GET /src/admin/components/Toast.tsx
2026-08-07T15:51:10.691Z - GET /src/admin/components/FormRepeater.tsx
2026-08-07T15:51:10.695Z - GET /src/admin/components/FormSection.tsx
2026-08-07T15:51:10.718Z - GET /src/lib/firebase.ts
2026-08-07T15:51:10.821Z - GET /firebase-applet-config.json?import
2026-08-07T15:51:10.967Z - GET /assets/Gk%20Logo.png
2026-08-07T15:51:10.972Z - GET /assets/bag.png
2026-08-07T15:51:10.973Z - GET /assets/mat.png
2026-08-07T15:51:10.974Z - GET /assets/frame.png
2026-08-07T15:51:10.976Z - GET /assets/mouse.png
2026-08-07T15:51:10.977Z - GET /assets/jearsy.png
2026-08-07T15:52:18.947Z - GET /
2026-08-07T15:52:19.060Z - GET /@vite/client
2026-08-07T15:52:19.063Z - GET /@react-refresh
2026-08-07T15:52:19.064Z - GET /index.tsx
2026-08-07T15:52:19.224Z - GET /App.tsx
2026-08-07T15:52:19.226Z - GET /node_modules/vite/dist/client/env.mjs
2026-08-07T15:52:19.331Z - GET /pages/EventDetail.tsx
2026-08-07T15:52:19.333Z - GET /pages/Socials.tsx
2026-08-07T15:52:19.335Z - GET /src/admin/News.tsx
2026-08-07T15:52:19.340Z - GET /src/admin/Settings.tsx
2026-08-07T15:52:19.341Z - GET /src/admin/Leadership.tsx
2026-08-07T15:52:19.345Z - GET /src/admin/Teams.tsx
2026-08-07T15:52:19.348Z - GET /src/admin/Creators.tsx
2026-08-07T15:52:19.349Z - GET /src/admin/Dashboard.tsx
2026-08-07T15:52:19.352Z - GET /src/admin/Gallery.tsx
2026-08-07T15:52:19.354Z - GET /src/admin/AdminLayout.tsx
2026-08-07T15:52:19.356Z - GET /pages/About.tsx
2026-08-07T15:52:19.357Z - GET /pages/JobDetail.tsx
2026-08-07T15:52:19.361Z - GET /src/admin/Jobs.tsx
2026-08-07T15:52:19.363Z - GET /src/admin/Users.tsx
2026-08-07T15:52:19.365Z - GET /pages/Careers.tsx
2026-08-07T15:52:19.367Z - GET /pages/Teams.tsx
2026-08-07T15:52:19.369Z - GET /pages/Information.tsx
2026-08-07T15:52:19.371Z - GET /src/admin/LoginPage.tsx
2026-08-07T15:52:19.373Z - GET /src/admin/Schedule.tsx
2026-08-07T15:52:19.375Z - GET /pages/Schedule.tsx
2026-08-07T15:52:19.377Z - GET /constants.tsx
2026-08-07T15:52:19.379Z - GET /pages/PlayerProfile.tsx
2026-08-07T15:52:19.382Z - GET /pages/News.tsx
2026-08-07T15:52:19.384Z - GET /pages/Home.tsx
2026-08-07T15:52:19.386Z - GET /components/NewsletterPopup.tsx
2026-08-07T15:52:19.389Z - GET /src/admin/Subscribers.tsx
2026-08-07T15:52:19.391Z - GET /pages/NewsDetail.tsx
2026-08-07T15:52:19.392Z - GET /components/GlobalSearch.tsx
2026-08-07T15:52:19.395Z - GET /components/SocialFollowerIcon.tsx
2026-08-07T15:52:19.411Z - GET /components/Breadcrumbs.tsx
2026-08-07T15:52:19.414Z - GET /components/SEOMeta.tsx
2026-08-07T15:52:19.419Z - GET /src/components/ImageUploader.tsx
2026-08-07T15:52:19.421Z - GET /src/admin/components/Toast.tsx
2026-08-07T15:52:19.423Z - GET /components/ui/ArenaButton.tsx
2026-08-07T15:52:19.426Z - GET /src/components/ConfirmDeleteModal.tsx
2026-08-07T15:52:19.429Z - GET /src/utils/json.ts
2026-08-07T15:52:19.430Z - GET /src/admin/components/FormSection.tsx
2026-08-07T15:52:19.432Z - GET /src/admin/components/FormRepeater.tsx
2026-08-07T15:52:19.440Z - GET /src/lib/firebase.ts
2026-08-07T15:52:19.605Z - GET /firebase-applet-config.json?import
2026-08-07T15:52:19.705Z - GET /assets/Gk%20Logo.png
2026-08-07T15:52:19.794Z - GET /api/stats
2026-08-07T15:52:19.812Z - GET /api/health
2026-08-07T15:52:19.888Z - GET /api/health
2026-08-07T15:52:20.942Z - GET /api/activity
2026-08-07T15:52:20.946Z - GET /api/stats
2026-08-07T15:52:22.611Z - GET /api/activity
2026-08-07T15:52:44.857Z - GET /api/news
2026-08-07T15:52:44.861Z - GET /api/news_categories
2026-08-07T15:52:44.864Z - GET /api/news_authors
2026-08-07T15:52:44.867Z - GET /api/news_tags
2026-08-07T15:52:45.128Z - GET /api/news
2026-08-07T15:52:45.137Z - GET /api/news_authors
2026-08-07T15:52:45.139Z - GET /api/news_categories
2026-08-07T15:52:45.365Z - GET /api/news_tags
2026-08-07T15:52:49.090Z - DELETE /api/news/5
2026-08-07T15:52:49.741Z - GET /api/news
2026-08-07T15:52:49.743Z - GET /api/news_categories
2026-08-07T15:52:49.745Z - GET /api/news_tags
2026-08-07T15:52:49.749Z - GET /api/news_authors
2026-08-07T15:52:50.554Z - DELETE /api/news/6
2026-08-07T15:52:50.921Z - GET /api/news
2026-08-07T15:52:50.926Z - GET /api/news_categories
2026-08-07T15:52:50.928Z - GET /api/news_tags
2026-08-07T15:52:50.929Z - GET /api/news_authors
2026-08-07T15:52:57.385Z - PUT /api/news/4
2026-08-07T15:52:59.267Z - GET /api/news
2026-08-07T15:52:59.268Z - GET /api/news_categories
2026-08-07T15:52:59.272Z - GET /api/news_authors
2026-08-07T15:52:59.275Z - GET /api/news_tags
2026-08-07T15:53:03.387Z - GET /careers/xfgh
2026-08-07T15:53:03.575Z - GET /index.tsx
2026-08-07T15:53:03.578Z - GET /@vite/client
2026-08-07T15:53:03.580Z - GET /@react-refresh
2026-08-07T15:53:03.696Z - GET /App.tsx
2026-08-07T15:53:03.759Z - GET /node_modules/vite/dist/client/env.mjs
2026-08-07T15:53:03.848Z - GET /pages/Home.tsx
2026-08-07T15:53:03.854Z - GET /pages/Schedule.tsx
2026-08-07T15:53:03.858Z - GET /components/NewsletterPopup.tsx
2026-08-07T15:53:03.860Z - GET /components/SocialFollowerIcon.tsx
2026-08-07T15:53:03.862Z - GET /pages/EventDetail.tsx
2026-08-07T15:53:03.872Z - GET /src/admin/Users.tsx
2026-08-07T15:53:03.874Z - GET /src/admin/Subscribers.tsx
2026-08-07T15:53:03.877Z - GET /pages/Socials.tsx
2026-08-07T15:53:03.881Z - GET /src/admin/Jobs.tsx
2026-08-07T15:53:03.885Z - GET /pages/Teams.tsx
2026-08-07T15:53:03.890Z - GET /constants.tsx
2026-08-07T15:53:03.892Z - GET /pages/NewsDetail.tsx
2026-08-07T15:53:03.894Z - GET /pages/Information.tsx
2026-08-07T15:53:03.898Z - GET /pages/PlayerProfile.tsx
2026-08-07T15:53:03.905Z - GET /src/admin/Teams.tsx
2026-08-07T15:53:03.913Z - GET /src/admin/Settings.tsx
2026-08-07T15:53:03.915Z - GET /pages/JobDetail.tsx
2026-08-07T15:53:03.919Z - GET /src/admin/Creators.tsx
2026-08-07T15:53:03.923Z - GET /pages/Careers.tsx
2026-08-07T15:53:03.925Z - GET /src/admin/News.tsx
2026-08-07T15:53:03.930Z - GET /src/admin/Dashboard.tsx
2026-08-07T15:53:03.932Z - GET /src/admin/Leadership.tsx
2026-08-07T15:53:03.936Z - GET /src/admin/Gallery.tsx
2026-08-07T15:53:03.939Z - GET /pages/News.tsx
2026-08-07T15:53:03.942Z - GET /components/GlobalSearch.tsx
2026-08-07T15:53:03.944Z - GET /src/admin/Schedule.tsx
2026-08-07T15:53:03.950Z - GET /src/admin/AdminLayout.tsx
2026-08-07T15:53:03.951Z - GET /pages/About.tsx
2026-08-07T15:53:03.968Z - GET /src/admin/LoginPage.tsx
2026-08-07T15:53:04.073Z - GET /src/lib/firebase.ts
2026-08-07T15:53:04.109Z - GET /src/components/ConfirmDeleteModal.tsx
2026-08-07T15:53:04.110Z - GET /components/ui/ArenaButton.tsx
2026-08-07T15:53:04.118Z - GET /components/Breadcrumbs.tsx
2026-08-07T15:53:04.120Z - GET /components/SEOMeta.tsx
2026-08-07T15:53:04.126Z - GET /src/utils/json.ts
2026-08-07T15:53:04.127Z - GET /src/components/ImageUploader.tsx
2026-08-07T15:53:04.215Z - GET /src/admin/components/FormSection.tsx
2026-08-07T15:53:04.218Z - GET /firebase-applet-config.json?import
2026-08-07T15:53:04.221Z - GET /src/admin/components/Toast.tsx
2026-08-07T15:53:04.225Z - GET /src/admin/components/FormRepeater.tsx
2026-08-07T15:53:04.335Z - GET /api/news
2026-08-07T15:53:04.338Z - GET /assets/Gk%20Logo.png
2026-08-07T15:53:04.350Z - GET /api/news
2026-08-07T15:53:45.859Z - PUT /api/news/4
2026-08-07T15:53:47.416Z - GET /api/news
2026-08-07T15:53:47.419Z - GET /api/news_tags
2026-08-07T15:53:47.421Z - GET /api/news_authors
2026-08-07T15:53:47.423Z - GET /api/news_categories
2026-08-07T15:53:50.990Z - GET /careers/xfgh
2026-08-07T15:53:51.094Z - GET /@vite/client
2026-08-07T15:53:51.098Z - GET /@react-refresh
2026-08-07T15:53:51.099Z - GET /index.tsx
2026-08-07T15:53:51.250Z - GET /node_modules/vite/dist/client/env.mjs
2026-08-07T15:53:51.255Z - GET /App.tsx
2026-08-07T15:53:51.356Z - GET /pages/Home.tsx
2026-08-07T15:53:51.359Z - GET /pages/Teams.tsx
2026-08-07T15:53:51.360Z - GET /pages/Schedule.tsx
2026-08-07T15:53:51.374Z - GET /pages/PlayerProfile.tsx
2026-08-07T15:53:51.374Z - GET /pages/NewsDetail.tsx
2026-08-07T15:53:51.377Z - GET /pages/News.tsx
2026-08-07T15:53:51.383Z - GET /src/admin/Settings.tsx
2026-08-07T15:53:51.384Z - GET /src/admin/Subscribers.tsx
2026-08-07T15:53:51.385Z - GET /src/admin/AdminLayout.tsx
2026-08-07T15:53:51.388Z - GET /pages/Information.tsx
2026-08-07T15:53:51.390Z - GET /constants.tsx
2026-08-07T15:53:51.396Z - GET /src/admin/Jobs.tsx
2026-08-07T15:53:51.398Z - GET /src/admin/Schedule.tsx
2026-08-07T15:53:51.399Z - GET /pages/Socials.tsx
2026-08-07T15:53:51.400Z - GET /src/admin/Creators.tsx
2026-08-07T15:53:51.403Z - GET /src/admin/News.tsx
2026-08-07T15:53:51.404Z - GET /src/admin/Dashboard.tsx
2026-08-07T15:53:51.405Z - GET /components/SocialFollowerIcon.tsx
2026-08-07T15:53:51.406Z - GET /src/admin/Leadership.tsx
2026-08-07T15:53:51.407Z - GET /pages/JobDetail.tsx
2026-08-07T15:53:51.410Z - GET /src/admin/Gallery.tsx
2026-08-07T15:53:51.413Z - GET /components/NewsletterPopup.tsx
2026-08-07T15:53:51.416Z - GET /components/GlobalSearch.tsx
2026-08-07T15:53:51.419Z - GET /src/admin/LoginPage.tsx
2026-08-07T15:53:51.421Z - GET /src/admin/Users.tsx
2026-08-07T15:53:51.423Z - GET /pages/Careers.tsx
2026-08-07T15:53:51.426Z - GET /pages/EventDetail.tsx
2026-08-07T15:53:51.428Z - GET /src/admin/Teams.tsx
2026-08-07T15:53:51.431Z - GET /pages/About.tsx
2026-08-07T15:53:51.454Z - GET /components/SEOMeta.tsx
2026-08-07T15:53:51.465Z - GET /components/ui/ArenaButton.tsx
2026-08-07T15:53:51.467Z - GET /src/utils/json.ts
2026-08-07T15:53:51.469Z - GET /components/Breadcrumbs.tsx
2026-08-07T15:53:51.470Z - GET /src/components/ConfirmDeleteModal.tsx
2026-08-07T15:53:51.471Z - GET /src/lib/firebase.ts
2026-08-07T15:53:51.558Z - GET /src/admin/components/FormSection.tsx
2026-08-07T15:53:51.560Z - GET /firebase-applet-config.json?import
2026-08-07T15:53:51.564Z - GET /src/admin/components/FormRepeater.tsx
2026-08-07T15:53:51.565Z - GET /src/admin/components/Toast.tsx
2026-08-07T15:53:51.567Z - GET /src/components/ImageUploader.tsx
2026-08-07T15:53:51.667Z - GET /api/news
2026-08-07T15:53:51.671Z - GET /assets/Gk%20Logo.png
2026-08-07T15:53:51.700Z - GET /api/news
2026-08-07T15:54:26.704Z - PUT /api/news/4
2026-08-07T15:54:29.263Z - GET /api/news_authors
2026-08-07T15:54:29.265Z - GET /api/news_categories
2026-08-07T15:54:29.269Z - GET /api/news
2026-08-07T15:54:29.271Z - GET /api/news_tags
2026-08-07T15:54:30.947Z - GET /careers/xfgh
2026-08-07T15:54:31.043Z - GET /@vite/client
2026-08-07T15:54:31.045Z - GET /@react-refresh
2026-08-07T15:54:31.048Z - GET /index.tsx
2026-08-07T15:54:31.200Z - GET /node_modules/vite/dist/client/env.mjs
2026-08-07T15:54:31.202Z - GET /App.tsx
2026-08-07T15:54:31.288Z - GET /pages/Home.tsx
2026-08-07T15:54:31.289Z - GET /pages/Schedule.tsx
2026-08-07T15:54:31.296Z - GET /src/admin/LoginPage.tsx
2026-08-07T15:54:31.298Z - GET /pages/EventDetail.tsx
2026-08-07T15:54:31.299Z - GET /src/admin/AdminLayout.tsx
2026-08-07T15:54:31.301Z - GET /pages/Information.tsx
2026-08-07T15:54:31.302Z - GET /src/admin/Dashboard.tsx
2026-08-07T15:54:31.304Z - GET /pages/News.tsx
2026-08-07T15:54:31.307Z - GET /pages/JobDetail.tsx
2026-08-07T15:54:31.308Z - GET /pages/Socials.tsx
2026-08-07T15:54:31.310Z - GET /pages/Careers.tsx
2026-08-07T15:54:31.312Z - GET /src/admin/Users.tsx
2026-08-07T15:54:31.313Z - GET /pages/About.tsx
2026-08-07T15:54:31.315Z - GET /src/admin/Leadership.tsx
2026-08-07T15:54:31.316Z - GET /src/admin/Creators.tsx
2026-08-07T15:54:31.318Z - GET /components/GlobalSearch.tsx
2026-08-07T15:54:31.320Z - GET /src/admin/Settings.tsx
2026-08-07T15:54:31.321Z - GET /src/admin/News.tsx
2026-08-07T15:54:31.323Z - GET /src/admin/Teams.tsx
2026-08-07T15:54:31.325Z - GET /components/NewsletterPopup.tsx
2026-08-07T15:54:31.326Z - GET /src/admin/Gallery.tsx
2026-08-07T15:54:31.327Z - GET /components/SocialFollowerIcon.tsx
2026-08-07T15:54:31.329Z - GET /pages/PlayerProfile.tsx
2026-08-07T15:54:31.330Z - GET /pages/Teams.tsx
2026-08-07T15:54:31.332Z - GET /pages/NewsDetail.tsx
2026-08-07T15:54:31.333Z - GET /src/admin/Schedule.tsx
2026-08-07T15:54:31.334Z - GET /src/admin/Subscribers.tsx
2026-08-07T15:54:31.336Z - GET /src/admin/Jobs.tsx
2026-08-07T15:54:31.337Z - GET /constants.tsx
2026-08-07T15:54:31.366Z - GET /components/SEOMeta.tsx
2026-08-07T15:54:31.366Z - GET /components/ui/ArenaButton.tsx
2026-08-07T15:54:31.369Z - GET /src/utils/json.ts
2026-08-07T15:54:31.371Z - GET /components/Breadcrumbs.tsx
2026-08-07T15:54:31.373Z - GET /src/lib/firebase.ts
2026-08-07T15:54:31.390Z - GET /src/components/ConfirmDeleteModal.tsx
2026-08-07T15:54:31.393Z - GET /src/components/ImageUploader.tsx
2026-08-07T15:54:31.396Z - GET /src/admin/components/Toast.tsx
2026-08-07T15:54:31.400Z - GET /src/admin/components/FormRepeater.tsx
2026-08-07T15:54:31.401Z - GET /src/admin/components/FormSection.tsx
2026-08-07T15:54:31.574Z - GET /firebase-applet-config.json?import
2026-08-07T15:54:31.671Z - GET /assets/Gk%20Logo.png
2026-08-07T15:54:31.673Z - GET /api/news
2026-08-07T15:54:31.685Z - GET /api/news
2026-08-07T15:54:47.997Z - PUT /api/news/4
2026-08-07T15:54:49.563Z - GET /api/news
2026-08-07T15:54:49.566Z - GET /api/news_authors
2026-08-07T15:54:49.568Z - GET /api/news_tags
2026-08-07T15:54:49.571Z - GET /api/news_categories
2026-08-07T15:54:52.536Z - GET /careers/xfgh
2026-08-07T15:54:52.648Z - GET /@vite/client
2026-08-07T15:54:52.669Z - GET /@react-refresh
2026-08-07T15:54:52.675Z - GET /index.tsx
2026-08-07T15:54:52.797Z - GET /node_modules/vite/dist/client/env.mjs
2026-08-07T15:54:52.802Z - GET /App.tsx
2026-08-07T15:54:52.891Z - GET /pages/Home.tsx
2026-08-07T15:54:52.903Z - GET /src/admin/AdminLayout.tsx
2026-08-07T15:54:52.904Z - GET /src/admin/LoginPage.tsx
2026-08-07T15:54:52.908Z - GET /pages/Information.tsx
2026-08-07T15:54:52.909Z - GET /pages/Careers.tsx
2026-08-07T15:54:52.909Z - GET /pages/JobDetail.tsx
2026-08-07T15:54:52.910Z - GET /pages/Schedule.tsx
2026-08-07T15:54:52.914Z - GET /src/admin/Subscribers.tsx
2026-08-07T15:54:52.915Z - GET /components/NewsletterPopup.tsx
2026-08-07T15:54:52.916Z - GET /pages/Teams.tsx
2026-08-07T15:54:52.918Z - GET /src/admin/Leadership.tsx
2026-08-07T15:54:52.919Z - GET /src/admin/Schedule.tsx
2026-08-07T15:54:52.924Z - GET /constants.tsx
2026-08-07T15:54:52.925Z - GET /pages/News.tsx
2026-08-07T15:54:52.926Z - GET /src/admin/News.tsx
2026-08-07T15:54:52.927Z - GET /pages/NewsDetail.tsx
2026-08-07T15:54:52.929Z - GET /pages/PlayerProfile.tsx
2026-08-07T15:54:52.930Z - GET /src/admin/Settings.tsx
2026-08-07T15:54:52.931Z - GET /pages/Socials.tsx
2026-08-07T15:54:52.932Z - GET /src/admin/Users.tsx
2026-08-07T15:54:52.933Z - GET /src/admin/Teams.tsx
2026-08-07T15:54:52.933Z - GET /components/SocialFollowerIcon.tsx
2026-08-07T15:54:52.934Z - GET /src/admin/Dashboard.tsx
2026-08-07T15:54:52.935Z - GET /src/admin/Creators.tsx
2026-08-07T15:54:52.936Z - GET /pages/EventDetail.tsx
2026-08-07T15:54:52.937Z - GET /src/admin/Gallery.tsx
2026-08-07T15:54:52.938Z - GET /pages/About.tsx
2026-08-07T15:54:52.939Z - GET /components/GlobalSearch.tsx
2026-08-07T15:54:52.939Z - GET /src/admin/Jobs.tsx
2026-08-07T15:54:52.975Z - GET /components/SEOMeta.tsx
2026-08-07T15:54:52.977Z - GET /components/ui/ArenaButton.tsx
2026-08-07T15:54:52.983Z - GET /src/lib/firebase.ts
2026-08-07T15:54:52.985Z - GET /src/utils/json.ts
2026-08-07T15:54:52.987Z - GET /components/Breadcrumbs.tsx
2026-08-07T15:54:52.991Z - GET /src/components/ConfirmDeleteModal.tsx
2026-08-07T15:54:53.003Z - GET /src/components/ImageUploader.tsx
2026-08-07T15:54:53.005Z - GET /src/admin/components/FormSection.tsx
2026-08-07T15:54:53.008Z - GET /src/admin/components/FormRepeater.tsx
2026-08-07T15:54:53.012Z - GET /src/admin/components/Toast.tsx
2026-08-07T15:54:53.059Z - GET /firebase-applet-config.json?import
2026-08-07T15:54:53.148Z - GET /api/news
2026-08-07T15:54:53.149Z - GET /assets/Gk%20Logo.png
2026-08-07T15:54:53.168Z - GET /api/news
2026-08-07T15:56:15.827Z - PUT /api/news/4
2026-08-07T15:56:17.663Z - GET /api/news_categories
2026-08-07T15:56:17.665Z - GET /api/news
2026-08-07T15:56:17.668Z - GET /api/news_authors
2026-08-07T15:56:17.670Z - GET /api/news_tags
2026-08-07T15:56:21.453Z - GET /careers/xfgh
2026-08-07T15:56:21.556Z - GET /index.tsx
2026-08-07T15:56:21.557Z - GET /@react-refresh
2026-08-07T15:56:21.559Z - GET /@vite/client
2026-08-07T15:56:21.713Z - GET /App.tsx
2026-08-07T15:56:21.714Z - GET /node_modules/vite/dist/client/env.mjs
2026-08-07T15:56:21.815Z - GET /pages/Home.tsx
2026-08-07T15:56:21.825Z - GET /pages/Teams.tsx
2026-08-07T15:56:21.827Z - GET /pages/Schedule.tsx
2026-08-07T15:56:21.830Z - GET /pages/News.tsx
2026-08-07T15:56:21.831Z - GET /pages/Socials.tsx
2026-08-07T15:56:21.832Z - GET /pages/NewsDetail.tsx
2026-08-07T15:56:21.834Z - GET /src/admin/Users.tsx
2026-08-07T15:56:21.838Z - GET /src/admin/Gallery.tsx
2026-08-07T15:56:21.841Z - GET /src/admin/Jobs.tsx
2026-08-07T15:56:21.842Z - GET /src/admin/Leadership.tsx
2026-08-07T15:56:21.844Z - GET /pages/JobDetail.tsx
2026-08-07T15:56:21.845Z - GET /src/admin/Creators.tsx
2026-08-07T15:56:21.846Z - GET /src/admin/Teams.tsx
2026-08-07T15:56:21.849Z - GET /src/admin/LoginPage.tsx
2026-08-07T15:56:21.851Z - GET /pages/Information.tsx
2026-08-07T15:56:21.853Z - GET /src/admin/Schedule.tsx
2026-08-07T15:56:21.855Z - GET /pages/EventDetail.tsx
2026-08-07T15:56:21.856Z - GET /src/admin/Subscribers.tsx
2026-08-07T15:56:21.858Z - GET /src/admin/Dashboard.tsx
2026-08-07T15:56:21.860Z - GET /constants.tsx
2026-08-07T15:56:21.862Z - GET /components/NewsletterPopup.tsx
2026-08-07T15:56:21.863Z - GET /components/GlobalSearch.tsx
2026-08-07T15:56:21.865Z - GET /pages/Careers.tsx
2026-08-07T15:56:21.866Z - GET /pages/About.tsx
2026-08-07T15:56:21.868Z - GET /pages/PlayerProfile.tsx
2026-08-07T15:56:21.869Z - GET /src/admin/AdminLayout.tsx
2026-08-07T15:56:21.870Z - GET /components/SocialFollowerIcon.tsx
2026-08-07T15:56:21.873Z - GET /src/admin/Settings.tsx
2026-08-07T15:56:21.875Z - GET /src/admin/News.tsx
2026-08-07T15:56:21.895Z - GET /components/ui/ArenaButton.tsx
2026-08-07T15:56:21.898Z - GET /components/SEOMeta.tsx
2026-08-07T15:56:21.902Z - GET /components/Breadcrumbs.tsx
2026-08-07T15:56:21.906Z - GET /src/utils/json.ts
2026-08-07T15:56:21.912Z - GET /src/components/ImageUploader.tsx
2026-08-07T15:56:21.913Z - GET /src/components/ConfirmDeleteModal.tsx
2026-08-07T15:56:21.914Z - GET /src/admin/components/Toast.tsx
2026-08-07T15:56:21.924Z - GET /src/admin/components/FormRepeater.tsx
2026-08-07T15:56:21.926Z - GET /src/admin/components/FormSection.tsx
2026-08-07T15:56:21.927Z - GET /src/lib/firebase.ts
2026-08-07T15:56:22.004Z - GET /firebase-applet-config.json?import
2026-08-07T15:56:22.100Z - GET /api/news
2026-08-07T15:56:22.103Z - GET /assets/Gk%20Logo.png
2026-08-07T15:56:22.122Z - GET /api/news
2026-08-07T15:57:31.092Z - POST /api/upload
2026-08-07T15:57:33.670Z - POST /api/news_authors
2026-08-07T15:57:33.965Z - GET /api/news_tags
2026-08-07T15:57:33.966Z - GET /api/news_categories
2026-08-07T15:57:33.973Z - GET /api/news_authors
2026-08-07T15:57:33.978Z - GET /api/news
2026-08-07T15:58:34.602Z - GET /
2026-08-07T15:58:38.181Z - GET /
2026-08-07T15:58:38.704Z - GET /@vite/client
2026-08-07T15:58:38.707Z - GET /@react-refresh
2026-08-07T15:58:38.717Z - GET /index.tsx
2026-08-07T15:58:38.911Z - GET /node_modules/vite/dist/client/env.mjs
2026-08-07T15:58:38.916Z - GET /App.tsx
2026-08-07T15:58:40.250Z - GET /pages/Home.tsx
2026-08-07T15:58:40.258Z - GET /pages/Schedule.tsx
2026-08-07T15:58:40.264Z - GET /src/admin/News.tsx
2026-08-07T15:58:40.336Z - GET /pages/About.tsx
2026-08-07T15:58:40.371Z - GET /src/admin/Jobs.tsx
2026-08-07T15:58:40.374Z - GET /src/admin/Users.tsx
2026-08-07T15:58:40.375Z - GET /pages/Socials.tsx
2026-08-07T15:58:40.376Z - GET /src/admin/Settings.tsx
2026-08-07T15:58:40.377Z - GET /pages/Teams.tsx
2026-08-07T15:58:40.412Z - GET /src/admin/Gallery.tsx
2026-08-07T15:58:40.418Z - GET /src/admin/Schedule.tsx
2026-08-07T15:58:40.421Z - GET /src/admin/AdminLayout.tsx
2026-08-07T15:58:40.424Z - GET /src/admin/Leadership.tsx
2026-08-07T15:58:40.426Z - GET /src/admin/Teams.tsx
2026-08-07T15:58:40.429Z - GET /src/admin/Dashboard.tsx
2026-08-07T15:58:40.431Z - GET /pages/Careers.tsx
2026-08-07T15:58:40.433Z - GET /src/admin/LoginPage.tsx
2026-08-07T15:58:40.435Z - GET /pages/Information.tsx
2026-08-07T15:58:40.438Z - GET /pages/EventDetail.tsx
2026-08-07T15:58:40.439Z - GET /src/admin/Creators.tsx
2026-08-07T15:58:40.442Z - GET /src/admin/Subscribers.tsx
2026-08-07T15:58:40.444Z - GET /pages/NewsDetail.tsx
2026-08-07T15:58:40.446Z - GET /components/GlobalSearch.tsx
2026-08-07T15:58:40.449Z - GET /pages/News.tsx
2026-08-07T15:58:40.451Z - GET /pages/PlayerProfile.tsx
2026-08-07T15:58:40.456Z - GET /constants.tsx
2026-08-07T15:58:40.459Z - GET /components/NewsletterPopup.tsx
2026-08-07T15:58:40.463Z - GET /components/SocialFollowerIcon.tsx
2026-08-07T15:58:40.466Z - GET /pages/JobDetail.tsx
2026-08-07T15:58:40.468Z - GET /components/SEOMeta.tsx
2026-08-07T15:58:40.470Z - GET /components/ui/ArenaButton.tsx
2026-08-07T15:58:40.475Z - GET /components/Breadcrumbs.tsx
2026-08-07T15:58:40.478Z - GET /src/utils/json.ts
2026-08-07T15:58:40.482Z - GET /src/components/ImageUploader.tsx
2026-08-07T15:58:40.485Z - GET /src/admin/components/Toast.tsx
2026-08-07T15:58:40.488Z - GET /src/components/ConfirmDeleteModal.tsx
2026-08-07T15:58:40.526Z - GET /src/admin/components/FormRepeater.tsx
2026-08-07T15:58:40.528Z - GET /src/admin/components/FormSection.tsx
2026-08-07T15:58:40.534Z - GET /src/lib/firebase.ts
2026-08-07T15:58:40.622Z - GET /firebase-applet-config.json?import
2026-08-07T15:58:40.729Z - GET /assets/Gk%20Logo.png
2026-08-07T15:58:40.749Z - GET /assets/frame.png
2026-08-07T15:58:40.752Z - GET /assets/mouse.png
2026-08-07T15:58:40.755Z - GET /assets/bag.png
2026-08-07T15:58:40.757Z - GET /assets/jearsy.png
2026-08-07T15:58:40.761Z - GET /assets/mat.png
2026-08-07T16:00:36.496Z - GET /
2026-08-07T16:00:36.600Z - GET /@vite/client
2026-08-07T16:00:36.602Z - GET /index.tsx
2026-08-07T16:00:36.608Z - GET /@react-refresh
2026-08-07T16:00:36.754Z - GET /node_modules/vite/dist/client/env.mjs
2026-08-07T16:00:36.758Z - GET /App.tsx
2026-08-07T16:00:36.843Z - GET /pages/Schedule.tsx
2026-08-07T16:00:36.846Z - GET /pages/Home.tsx
2026-08-07T16:00:36.853Z - GET /pages/Teams.tsx
2026-08-07T16:00:36.858Z - GET /pages/About.tsx
2026-08-07T16:00:36.860Z - GET /src/admin/Subscribers.tsx
2026-08-07T16:00:36.863Z - GET /pages/News.tsx
2026-08-07T16:00:36.866Z - GET /pages/Socials.tsx
2026-08-07T16:00:36.870Z - GET /src/admin/Gallery.tsx
2026-08-07T16:00:36.874Z - GET /src/admin/News.tsx
2026-08-07T16:00:36.876Z - GET /src/admin/Settings.tsx
2026-08-07T16:00:36.878Z - GET /src/admin/Schedule.tsx
2026-08-07T16:00:36.882Z - GET /src/admin/Teams.tsx
2026-08-07T16:00:36.885Z - GET /pages/JobDetail.tsx
2026-08-07T16:00:36.887Z - GET /src/admin/Creators.tsx
2026-08-07T16:00:36.890Z - GET /pages/Careers.tsx
2026-08-07T16:00:36.892Z - GET /src/admin/Users.tsx
2026-08-07T16:00:36.894Z - GET /pages/NewsDetail.tsx
2026-08-07T16:00:36.898Z - GET /src/admin/Leadership.tsx
2026-08-07T16:00:36.900Z - GET /src/admin/LoginPage.tsx
2026-08-07T16:00:36.902Z - GET /src/admin/Jobs.tsx
2026-08-07T16:00:36.904Z - GET /pages/Information.tsx
2026-08-07T16:00:36.907Z - GET /components/NewsletterPopup.tsx
2026-08-07T16:00:36.909Z - GET /src/admin/Dashboard.tsx
2026-08-07T16:00:36.911Z - GET /src/admin/AdminLayout.tsx
2026-08-07T16:00:36.913Z - GET /pages/EventDetail.tsx
2026-08-07T16:00:36.916Z - GET /pages/PlayerProfile.tsx
2026-08-07T16:00:36.921Z - GET /components/SocialFollowerIcon.tsx
2026-08-07T16:00:36.925Z - GET /constants.tsx
2026-08-07T16:00:36.928Z - GET /components/GlobalSearch.tsx
2026-08-07T16:00:36.931Z - GET /components/Breadcrumbs.tsx
2026-08-07T16:00:36.933Z - GET /src/utils/json.ts
2026-08-07T16:00:36.934Z - GET /components/SEOMeta.tsx
2026-08-07T16:00:36.938Z - GET /components/ui/ArenaButton.tsx
2026-08-07T16:00:36.942Z - GET /src/components/ConfirmDeleteModal.tsx
2026-08-07T16:00:36.943Z - GET /src/lib/firebase.ts
2026-08-07T16:00:36.953Z - GET /src/admin/components/Toast.tsx
2026-08-07T16:00:36.955Z - GET /src/components/ImageUploader.tsx
2026-08-07T16:00:36.963Z - GET /src/admin/components/FormSection.tsx
2026-08-07T16:00:36.966Z - GET /src/admin/components/FormRepeater.tsx
2026-08-07T16:00:37.019Z - GET /firebase-applet-config.json?import
2026-08-07T16:00:37.114Z - GET /assets/Gk%20Logo.png
2026-08-07T16:00:37.522Z - GET /api/health
2026-08-07T16:00:37.527Z - GET /api/stats
2026-08-07T16:00:37.599Z - GET /api/health
2026-08-07T16:00:39.331Z - GET /api/activity
2026-08-07T16:00:39.336Z - GET /api/stats
2026-08-07T16:00:40.649Z - GET /api/activity
2026-08-07T16:00:44.497Z - GET /api/news_tags
2026-08-07T16:00:44.501Z - GET /api/news_authors
2026-08-07T16:00:44.505Z - GET /api/news
2026-08-07T16:00:44.509Z - GET /api/news_categories
2026-08-07T16:00:44.723Z - GET /api/news_tags
2026-08-07T16:00:44.753Z - GET /api/news_authors
2026-08-07T16:00:45.000Z - GET /api/news_categories
2026-08-07T16:00:45.040Z - GET /api/news
2026-08-07T16:01:31.433Z - GET /
2026-08-07T16:01:35.789Z - GET /
2026-08-07T16:01:36.358Z - GET /index.tsx
2026-08-07T16:01:36.360Z - GET /@vite/client
2026-08-07T16:01:36.363Z - GET /@react-refresh
2026-08-07T16:01:36.530Z - GET /App.tsx
2026-08-07T16:01:37.807Z - GET /node_modules/vite/dist/client/env.mjs
2026-08-07T16:01:37.824Z - GET /pages/Home.tsx
2026-08-07T16:01:37.825Z - GET /pages/Information.tsx
2026-08-07T16:01:37.826Z - GET /src/admin/LoginPage.tsx
2026-08-07T16:01:37.827Z - GET /src/admin/Dashboard.tsx
2026-08-07T16:01:37.828Z - GET /pages/Teams.tsx
2026-08-07T16:01:37.829Z - GET /pages/JobDetail.tsx
2026-08-07T16:01:37.875Z - GET /pages/About.tsx
2026-08-07T16:01:37.901Z - GET /src/admin/News.tsx
2026-08-07T16:01:37.913Z - GET /src/admin/Users.tsx
2026-08-07T16:01:37.972Z - GET /pages/PlayerProfile.tsx
2026-08-07T16:01:38.019Z - GET /src/admin/Jobs.tsx
2026-08-07T16:01:38.061Z - GET /components/NewsletterPopup.tsx
2026-08-07T16:01:38.092Z - GET /src/admin/Gallery.tsx
2026-08-07T16:01:38.097Z - GET /pages/NewsDetail.tsx
2026-08-07T16:01:38.131Z - GET /src/admin/Settings.tsx
2026-08-07T16:01:38.134Z - GET /pages/Schedule.tsx
2026-08-07T16:01:38.136Z - GET /pages/Careers.tsx
2026-08-07T16:01:38.137Z - GET /pages/EventDetail.tsx
2026-08-07T16:01:38.137Z - GET /components/GlobalSearch.tsx
2026-08-07T16:01:38.138Z - GET /src/admin/Schedule.tsx
2026-08-07T16:01:38.139Z - GET /src/admin/AdminLayout.tsx
2026-08-07T16:01:38.140Z - GET /pages/Socials.tsx
2026-08-07T16:01:38.146Z - GET /src/admin/Subscribers.tsx
2026-08-07T16:01:38.148Z - GET /src/admin/Creators.tsx
2026-08-07T16:01:38.150Z - GET /components/SocialFollowerIcon.tsx
2026-08-07T16:01:38.151Z - GET /src/admin/Leadership.tsx
2026-08-07T16:01:38.152Z - GET /src/admin/Teams.tsx
2026-08-07T16:01:38.153Z - GET /pages/News.tsx
2026-08-07T16:01:38.155Z - GET /constants.tsx
2026-08-07T16:01:38.155Z - GET /components/SEOMeta.tsx
2026-08-07T16:01:38.156Z - GET /components/ui/ArenaButton.tsx
2026-08-07T16:01:38.157Z - GET /components/Breadcrumbs.tsx
2026-08-07T16:01:38.158Z - GET /src/utils/json.ts
2026-08-07T16:01:38.158Z - GET /src/lib/firebase.ts
2026-08-07T16:01:38.159Z - GET /src/components/ConfirmDeleteModal.tsx
2026-08-07T16:01:38.175Z - GET /src/admin/components/Toast.tsx
2026-08-07T16:01:38.177Z - GET /src/components/ImageUploader.tsx
2026-08-07T16:01:38.229Z - GET /src/admin/components/FormRepeater.tsx
2026-08-07T16:01:38.251Z - GET /src/admin/components/FormSection.tsx
2026-08-07T16:01:38.261Z - GET /firebase-applet-config.json?import
2026-08-07T16:01:38.348Z - GET /assets/Gk%20Logo.png
2026-08-07T16:01:38.367Z - GET /assets/jearsy.png
2026-08-07T16:01:38.373Z - GET /assets/mat.png
2026-08-07T16:01:38.374Z - GET /assets/mouse.png
2026-08-07T16:01:38.376Z - GET /assets/bag.png
2026-08-07T16:01:38.377Z - GET /assets/frame.png
2026-08-07T16:01:47.795Z - GET /
2026-08-07T16:01:47.891Z - GET /@vite/client
2026-08-07T16:01:47.892Z - GET /index.tsx
2026-08-07T16:01:47.897Z - GET /@react-refresh
2026-08-07T16:01:48.053Z - GET /App.tsx
2026-08-07T16:01:48.054Z - GET /node_modules/vite/dist/client/env.mjs
2026-08-07T16:01:48.133Z - GET /pages/Home.tsx
2026-08-07T16:01:48.138Z - GET /pages/Teams.tsx
2026-08-07T16:01:48.142Z - GET /pages/Schedule.tsx
2026-08-07T16:01:48.163Z - GET /components/NewsletterPopup.tsx
2026-08-07T16:01:48.168Z - GET /constants.tsx
2026-08-07T16:01:48.170Z - GET /pages/EventDetail.tsx
2026-08-07T16:01:48.173Z - GET /src/admin/Teams.tsx
2026-08-07T16:01:48.174Z - GET /components/SocialFollowerIcon.tsx
2026-08-07T16:01:48.175Z - GET /src/admin/Dashboard.tsx
2026-08-07T16:01:48.180Z - GET /src/admin/Subscribers.tsx
2026-08-07T16:01:48.188Z - GET /pages/About.tsx
2026-08-07T16:01:48.190Z - GET /pages/PlayerProfile.tsx
2026-08-07T16:01:48.192Z - GET /src/admin/Jobs.tsx
2026-08-07T16:01:48.194Z - GET /pages/News.tsx
2026-08-07T16:01:48.196Z - GET /src/admin/Leadership.tsx
2026-08-07T16:01:48.198Z - GET /src/admin/Gallery.tsx
2026-08-07T16:01:48.203Z - GET /pages/Information.tsx
2026-08-07T16:01:48.204Z - GET /src/admin/AdminLayout.tsx
2026-08-07T16:01:48.207Z - GET /src/admin/Settings.tsx
2026-08-07T16:01:48.210Z - GET /pages/NewsDetail.tsx
2026-08-07T16:01:48.212Z - GET /src/admin/Users.tsx
2026-08-07T16:01:48.214Z - GET /components/GlobalSearch.tsx
2026-08-07T16:01:48.216Z - GET /pages/Socials.tsx
2026-08-07T16:01:48.218Z - GET /src/admin/Schedule.tsx
2026-08-07T16:01:48.222Z - GET /src/admin/LoginPage.tsx
2026-08-07T16:01:48.225Z - GET /src/admin/News.tsx
2026-08-07T16:01:48.227Z - GET /src/admin/Creators.tsx
2026-08-07T16:01:48.229Z - GET /pages/Careers.tsx
2026-08-07T16:01:48.234Z - GET /pages/JobDetail.tsx
2026-08-07T16:01:48.237Z - GET /components/ui/ArenaButton.tsx
2026-08-07T16:01:48.239Z - GET /src/utils/json.ts
2026-08-07T16:01:48.241Z - GET /components/Breadcrumbs.tsx
2026-08-07T16:01:48.243Z - GET /components/SEOMeta.tsx
2026-08-07T16:01:48.246Z - GET /src/lib/firebase.ts
2026-08-07T16:01:48.257Z - GET /src/components/ImageUploader.tsx
2026-08-07T16:01:48.261Z - GET /src/admin/components/Toast.tsx
2026-08-07T16:01:48.264Z - GET /src/admin/components/FormRepeater.tsx
2026-08-07T16:01:48.266Z - GET /src/components/ConfirmDeleteModal.tsx
2026-08-07T16:01:48.268Z - GET /src/admin/components/FormSection.tsx
2026-08-07T16:01:48.324Z - GET /firebase-applet-config.json?import
2026-08-07T16:01:48.420Z - GET /assets/Gk%20Logo.png
2026-08-07T16:01:48.676Z - GET /api/health
2026-08-07T16:01:48.682Z - GET /api/stats
2026-08-07T16:01:48.758Z - GET /api/health
2026-08-07T16:01:50.039Z - GET /api/stats
2026-08-07T16:01:50.044Z - GET /api/activity
2026-08-07T16:01:51.349Z - GET /api/activity
2026-08-07T16:02:00.295Z - GET /api/news
2026-08-07T16:02:00.300Z - GET /api/news_authors
2026-08-07T16:02:00.302Z - GET /api/news_categories
2026-08-07T16:02:00.305Z - GET /api/news_tags
2026-08-07T16:02:00.568Z - GET /api/news_authors
2026-08-07T16:02:00.570Z - GET /api/news_tags
2026-08-07T16:02:00.573Z - GET /api/news
2026-08-07T16:02:00.576Z - GET /api/news_categories
2026-08-07T16:02:14.748Z - POST /api/upload
2026-08-07T16:02:16.371Z - POST /api/news_authors
2026-08-07T16:02:16.600Z - GET /api/news_tags
2026-08-07T16:02:16.603Z - GET /api/news_authors
2026-08-07T16:02:16.606Z - GET /api/news
2026-08-07T16:02:16.608Z - GET /api/news_categories
2026-08-07T16:02:22.152Z - GET /
2026-08-07T16:02:22.260Z - GET /@vite/client
2026-08-07T16:02:22.263Z - GET /index.tsx
2026-08-07T16:02:22.268Z - GET /@react-refresh
2026-08-07T16:02:22.510Z - GET /App.tsx
2026-08-07T16:02:22.513Z - GET /node_modules/vite/dist/client/env.mjs
2026-08-07T16:02:22.602Z - GET /pages/Home.tsx
2026-08-07T16:02:22.611Z - GET /src/admin/Settings.tsx
2026-08-07T16:02:22.625Z - GET /pages/Schedule.tsx
2026-08-07T16:02:22.625Z - GET /pages/Socials.tsx
2026-08-07T16:02:22.626Z - GET /src/admin/Leadership.tsx
2026-08-07T16:02:22.638Z - GET /src/admin/Gallery.tsx
2026-08-07T16:02:22.639Z - GET /src/admin/Creators.tsx
2026-08-07T16:02:22.639Z - GET /pages/Information.tsx
2026-08-07T16:02:22.640Z - GET /pages/Careers.tsx
2026-08-07T16:02:22.641Z - GET /pages/JobDetail.tsx
2026-08-07T16:02:22.641Z - GET /pages/PlayerProfile.tsx
2026-08-07T16:02:22.642Z - GET /pages/EventDetail.tsx
2026-08-07T16:02:22.642Z - GET /src/admin/News.tsx
2026-08-07T16:02:22.643Z - GET /constants.tsx
2026-08-07T16:02:22.644Z - GET /src/admin/Schedule.tsx
2026-08-07T16:02:22.644Z - GET /components/SocialFollowerIcon.tsx
2026-08-07T16:02:22.645Z - GET /pages/About.tsx
2026-08-07T16:02:22.645Z - GET /src/admin/Teams.tsx
2026-08-07T16:02:22.646Z - GET /src/admin/LoginPage.tsx
2026-08-07T16:02:22.646Z - GET /src/admin/AdminLayout.tsx
2026-08-07T16:02:22.647Z - GET /pages/News.tsx
2026-08-07T16:02:22.647Z - GET /src/admin/Jobs.tsx
2026-08-07T16:02:22.648Z - GET /src/admin/Dashboard.tsx
2026-08-07T16:02:22.649Z - GET /components/NewsletterPopup.tsx
2026-08-07T16:02:22.662Z - GET /components/GlobalSearch.tsx
2026-08-07T16:02:22.663Z - GET /pages/Teams.tsx
2026-08-07T16:02:22.665Z - GET /src/admin/Users.tsx
2026-08-07T16:02:22.666Z - GET /pages/NewsDetail.tsx
2026-08-07T16:02:22.667Z - GET /src/admin/Subscribers.tsx
2026-08-07T16:02:22.688Z - GET /components/ui/ArenaButton.tsx
2026-08-07T16:02:22.692Z - GET /components/SEOMeta.tsx
2026-08-07T16:02:22.713Z - GET /src/utils/json.ts
2026-08-07T16:02:22.718Z - GET /components/Breadcrumbs.tsx
2026-08-07T16:02:22.720Z - GET /src/components/ImageUploader.tsx
2026-08-07T16:02:22.721Z - GET /src/components/ConfirmDeleteModal.tsx
2026-08-07T16:02:22.750Z - GET /src/lib/firebase.ts
2026-08-07T16:02:22.753Z - GET /src/admin/components/FormRepeater.tsx
2026-08-07T16:02:22.755Z - GET /src/admin/components/FormSection.tsx
2026-08-07T16:02:22.757Z - GET /src/admin/components/Toast.tsx
2026-08-07T16:02:22.830Z - GET /firebase-applet-config.json?import
2026-08-07T16:02:22.926Z - GET /assets/Gk%20Logo.png
2026-08-07T16:02:23.171Z - GET /api/health
2026-08-07T16:02:23.174Z - GET /api/stats
2026-08-07T16:02:23.247Z - GET /api/health
2026-08-07T16:02:24.506Z - GET /api/stats
2026-08-07T16:02:24.512Z - GET /api/activity
2026-08-07T16:02:25.567Z - GET /api/activity
2026-08-07T16:02:27.311Z - GET /api/creators
2026-08-07T16:02:27.542Z - GET /api/creators
2026-08-07T16:02:29.034Z - GET /api/jobs
2026-08-07T16:02:29.257Z - GET /api/jobs
2026-08-07T16:02:30.244Z - GET /api/news_authors
2026-08-07T16:02:30.245Z - GET /api/news_categories
2026-08-07T16:02:30.249Z - GET /api/news
2026-08-07T16:02:30.252Z - GET /api/news_tags
2026-08-07T16:02:30.482Z - GET /api/news_categories
2026-08-07T16:02:30.487Z - GET /api/news
2026-08-07T16:02:30.487Z - GET /api/news_tags
2026-08-07T16:02:30.713Z - GET /api/news_authors
2026-08-07T16:02:49.648Z - POST /api/upload
2026-08-07T16:03:22.300Z - PUT /api/news/4
2026-08-07T16:03:22.618Z - GET /api/news_categories
2026-08-07T16:03:22.620Z - GET /api/news
2026-08-07T16:03:22.625Z - GET /api/news_tags
2026-08-07T16:03:22.628Z - GET /api/news_authors
2026-08-07T16:03:36.329Z - POST /api/news_categories
2026-08-07T16:03:36.578Z - GET /api/news_tags
2026-08-07T16:03:36.580Z - GET /api/news_authors
2026-08-07T16:03:36.583Z - GET /api/news
2026-08-07T16:03:36.586Z - GET /api/news_categories
2026-08-07T16:03:43.936Z - PUT /api/news/4
2026-08-07T16:03:44.357Z - GET /api/news_tags
2026-08-07T16:03:44.359Z - GET /api/news_categories
2026-08-07T16:03:44.363Z - GET /api/news
2026-08-07T16:03:44.367Z - GET /api/news_authors
2026-08-07T16:03:54.239Z - PUT /api/news/4
2026-08-07T16:03:54.503Z - GET /api/news
2026-08-07T16:03:54.509Z - GET /api/news_tags
2026-08-07T16:03:54.513Z - GET /api/news_authors
2026-08-07T16:03:54.533Z - GET /api/news_categories
2026-08-07T16:04:05.250Z - PUT /api/news/4
2026-08-07T16:04:05.594Z - GET /api/news_categories
2026-08-07T16:04:05.596Z - GET /api/news
2026-08-07T16:04:05.613Z - GET /api/news_authors
2026-08-07T16:04:05.615Z - GET /api/news_tags
2026-08-07T16:04:12.405Z - PUT /api/news/4
2026-08-07T16:04:12.664Z - GET /api/news_tags
2026-08-07T16:04:12.668Z - GET /api/news_categories
2026-08-07T16:04:12.671Z - GET /api/news
2026-08-07T16:04:12.673Z - GET /api/news_authors
2026-08-07T16:04:18.690Z - GET /
2026-08-07T16:04:18.798Z - GET /@vite/client
2026-08-07T16:04:18.801Z - GET /index.tsx
2026-08-07T16:04:18.805Z - GET /@react-refresh
2026-08-07T16:04:18.965Z - GET /node_modules/vite/dist/client/env.mjs
2026-08-07T16:04:18.967Z - GET /App.tsx
2026-08-07T16:04:19.054Z - GET /pages/Schedule.tsx
2026-08-07T16:04:19.055Z - GET /pages/About.tsx
2026-08-07T16:04:19.056Z - GET /pages/Teams.tsx
2026-08-07T16:04:19.060Z - GET /pages/Careers.tsx
2026-08-07T16:04:19.061Z - GET /pages/Home.tsx
2026-08-07T16:04:19.065Z - GET /src/admin/Teams.tsx
2026-08-07T16:04:19.066Z - GET /src/admin/Schedule.tsx
2026-08-07T16:04:19.069Z - GET /pages/JobDetail.tsx
2026-08-07T16:04:19.070Z - GET /src/admin/Dashboard.tsx
2026-08-07T16:04:19.070Z - GET /constants.tsx
2026-08-07T16:04:19.071Z - GET /pages/Information.tsx
2026-08-07T16:04:19.077Z - GET /pages/NewsDetail.tsx
2026-08-07T16:04:19.079Z - GET /pages/PlayerProfile.tsx
2026-08-07T16:04:19.082Z - GET /components/NewsletterPopup.tsx
2026-08-07T16:04:19.084Z - GET /pages/Socials.tsx
2026-08-07T16:04:19.085Z - GET /components/SocialFollowerIcon.tsx
2026-08-07T16:04:19.086Z - GET /src/admin/Users.tsx
2026-08-07T16:04:19.086Z - GET /src/admin/Creators.tsx
2026-08-07T16:04:19.087Z - GET /components/GlobalSearch.tsx
2026-08-07T16:04:19.087Z - GET /src/admin/Settings.tsx
2026-08-07T16:04:19.088Z - GET /src/admin/Gallery.tsx
2026-08-07T16:04:19.089Z - GET /pages/EventDetail.tsx
2026-08-07T16:04:19.089Z - GET /pages/News.tsx
2026-08-07T16:04:19.089Z - GET /src/admin/AdminLayout.tsx
2026-08-07T16:04:19.091Z - GET /src/admin/Subscribers.tsx
2026-08-07T16:04:19.092Z - GET /src/admin/Leadership.tsx
2026-08-07T16:04:19.092Z - GET /src/admin/Jobs.tsx
2026-08-07T16:04:19.093Z - GET /src/admin/News.tsx
2026-08-07T16:04:19.093Z - GET /src/admin/LoginPage.tsx
2026-08-07T16:04:19.137Z - GET /src/utils/json.ts
2026-08-07T16:04:19.138Z - GET /components/SEOMeta.tsx
2026-08-07T16:04:19.140Z - GET /components/Breadcrumbs.tsx
2026-08-07T16:04:19.146Z - GET /components/ui/ArenaButton.tsx
2026-08-07T16:04:19.148Z - GET /src/admin/components/FormRepeater.tsx
2026-08-07T16:04:19.149Z - GET /src/admin/components/Toast.tsx
2026-08-07T16:04:19.151Z - GET /src/admin/components/FormSection.tsx
2026-08-07T16:04:19.152Z - GET /src/components/ConfirmDeleteModal.tsx
2026-08-07T16:04:19.155Z - GET /src/components/ImageUploader.tsx
2026-08-07T16:04:19.166Z - GET /src/lib/firebase.ts
2026-08-07T16:04:19.243Z - GET /firebase-applet-config.json?import
2026-08-07T16:04:19.334Z - GET /assets/Gk%20Logo.png
2026-08-07T16:04:19.427Z - GET /api/stats
2026-08-07T16:04:19.429Z - GET /api/health
2026-08-07T16:04:19.591Z - GET /api/health
2026-08-07T16:04:20.495Z - GET /api/activity
2026-08-07T16:04:20.497Z - GET /api/stats
2026-08-07T16:04:21.782Z - GET /api/activity
2026-08-07T16:04:22.203Z - GET /api/news_authors
2026-08-07T16:04:22.204Z - GET /api/news_tags
2026-08-07T16:04:22.211Z - GET /api/news_categories
2026-08-07T16:04:22.216Z - GET /api/news
2026-08-07T16:04:22.541Z - GET /api/news
2026-08-07T16:04:22.544Z - GET /api/news_authors
2026-08-07T16:04:22.549Z - GET /api/news_categories
2026-08-07T16:04:22.551Z - GET /api/news_tags
2026-08-07T16:04:27.062Z - PUT /api/news/4
2026-08-07T16:04:27.317Z - GET /api/news
2026-08-07T16:04:27.320Z - GET /api/news_categories
2026-08-07T16:04:27.323Z - GET /api/news_authors
2026-08-07T16:04:27.328Z - GET /api/news_tags
2026-08-07T16:04:34.982Z - POST /api/news
2026-08-07T16:04:35.226Z - GET /api/news
2026-08-07T16:04:35.231Z - GET /api/news_tags
2026-08-07T16:04:35.233Z - GET /api/news_authors
2026-08-07T16:04:35.235Z - GET /api/news_categories
2026-08-07T16:04:43.658Z - PUT /api/news/4
2026-08-07T16:04:43.920Z - GET /api/news_categories
2026-08-07T16:04:43.923Z - GET /api/news
2026-08-07T16:04:43.925Z - GET /api/news_tags
2026-08-07T16:04:43.928Z - GET /api/news_authors
2026-08-07T16:04:50.529Z - PUT /api/news/7
2026-08-07T16:04:50.769Z - GET /api/news_authors
2026-08-07T16:04:50.771Z - GET /api/news_categories
2026-08-07T16:04:50.774Z - GET /api/news_tags
2026-08-07T16:04:50.776Z - GET /api/news
2026-08-07T16:04:54.659Z - PUT /api/news/7
2026-08-07T16:04:54.884Z - GET /api/news_categories
2026-08-07T16:04:54.885Z - GET /api/news_authors
2026-08-07T16:04:54.888Z - GET /api/news
2026-08-07T16:04:54.890Z - GET /api/news_tags
2026-08-07T16:05:05.819Z - PUT /api/news/4
2026-08-07T16:05:06.075Z - GET /api/news_categories
2026-08-07T16:05:06.077Z - GET /api/news_authors
2026-08-07T16:05:06.080Z - GET /api/news_tags
2026-08-07T16:05:06.085Z - GET /api/news
2026-08-07T16:05:11.765Z - PUT /api/news/7
2026-08-07T16:05:12.014Z - GET /api/news
2026-08-07T16:05:12.020Z - GET /api/news_tags
2026-08-07T16:05:12.023Z - GET /api/news_authors
2026-08-07T16:05:12.026Z - GET /api/news_categories
2026-08-07T16:05:19.992Z - DELETE /api/news/4
2026-08-07T16:05:20.466Z - GET /api/news_authors
2026-08-07T16:05:20.468Z - GET /api/news
2026-08-07T16:05:20.472Z - GET /api/news_tags
2026-08-07T16:05:20.477Z - GET /api/news_categories
2026-08-07T16:06:30.520Z - PUT /api/news/7
2026-08-07T16:06:31.114Z - GET /api/news_authors
2026-08-07T16:06:31.116Z - GET /api/news_tags
2026-08-07T16:06:31.118Z - GET /api/news
2026-08-07T16:06:31.121Z - GET /api/news_categories
2026-08-07T16:06:38.018Z - PUT /api/news/7
2026-08-07T16:06:38.584Z - GET /api/news
2026-08-07T16:06:38.589Z - GET /api/news_tags
2026-08-07T16:06:38.591Z - GET /api/news_authors
2026-08-07T16:06:38.593Z - GET /api/news_categories
2026-08-07T16:06:43.929Z - PUT /api/news/7
2026-08-07T16:06:44.520Z - GET /api/news_authors
2026-08-07T16:06:44.523Z - GET /api/news_categories
2026-08-07T16:06:44.526Z - GET /api/news
2026-08-07T16:06:44.530Z - GET /api/news_tags
2026-08-07T16:06:47.733Z - GET /careers/xfgh
2026-08-07T16:06:47.843Z - GET /@vite/client
2026-08-07T16:06:47.845Z - GET /index.tsx
2026-08-07T16:06:47.847Z - GET /@react-refresh
2026-08-07T16:06:48.001Z - GET /App.tsx
2026-08-07T16:06:48.004Z - GET /node_modules/vite/dist/client/env.mjs
2026-08-07T16:06:48.105Z - GET /pages/Home.tsx
2026-08-07T16:06:48.113Z - GET /pages/EventDetail.tsx
2026-08-07T16:06:48.114Z - GET /components/SocialFollowerIcon.tsx
2026-08-07T16:06:48.114Z - GET /components/NewsletterPopup.tsx
2026-08-07T16:06:48.122Z - GET /src/admin/Users.tsx
2026-08-07T16:06:48.123Z - GET /pages/NewsDetail.tsx
2026-08-07T16:06:48.124Z - GET /src/admin/News.tsx
2026-08-07T16:06:48.131Z - GET /src/admin/Jobs.tsx
2026-08-07T16:06:48.132Z - GET /src/admin/AdminLayout.tsx
2026-08-07T16:06:48.133Z - GET /src/admin/Creators.tsx
2026-08-07T16:06:48.134Z - GET /pages/Socials.tsx
2026-08-07T16:06:48.136Z - GET /pages/PlayerProfile.tsx
2026-08-07T16:06:48.137Z - GET /src/admin/Schedule.tsx
2026-08-07T16:06:48.138Z - GET /src/admin/Leadership.tsx
2026-08-07T16:06:48.139Z - GET /pages/Information.tsx
2026-08-07T16:06:48.140Z - GET /pages/News.tsx
2026-08-07T16:06:48.140Z - GET /src/admin/LoginPage.tsx
2026-08-07T16:06:48.142Z - GET /src/admin/Dashboard.tsx
2026-08-07T16:06:48.143Z - GET /components/GlobalSearch.tsx
2026-08-07T16:06:48.144Z - GET /src/admin/Subscribers.tsx
2026-08-07T16:06:48.145Z - GET /pages/About.tsx
2026-08-07T16:06:48.146Z - GET /src/admin/Settings.tsx
2026-08-07T16:06:48.147Z - GET /src/admin/Gallery.tsx
2026-08-07T16:06:48.148Z - GET /pages/Teams.tsx
2026-08-07T16:06:48.149Z - GET /src/admin/Teams.tsx
2026-08-07T16:06:48.151Z - GET /pages/Schedule.tsx
2026-08-07T16:06:48.152Z - GET /constants.tsx
2026-08-07T16:06:48.153Z - GET /pages/JobDetail.tsx
2026-08-07T16:06:48.154Z - GET /pages/Careers.tsx
2026-08-07T16:06:48.198Z - GET /components/ui/ArenaButton.tsx
2026-08-07T16:06:48.202Z - GET /components/SEOMeta.tsx
2026-08-07T16:06:48.213Z - GET /components/Breadcrumbs.tsx
2026-08-07T16:06:48.214Z - GET /src/components/ConfirmDeleteModal.tsx
2026-08-07T16:06:48.215Z - GET /src/lib/firebase.ts
2026-08-07T16:06:48.252Z - GET /src/admin/components/Toast.tsx
2026-08-07T16:06:48.254Z - GET /src/admin/components/FormSection.tsx
2026-08-07T16:06:48.255Z - GET /src/components/ImageUploader.tsx
2026-08-07T16:06:48.257Z - GET /src/utils/json.ts
2026-08-07T16:06:48.258Z - GET /src/admin/components/FormRepeater.tsx
2026-08-07T16:06:48.292Z - GET /firebase-applet-config.json?import
2026-08-07T16:06:48.398Z - GET /assets/Gk%20Logo.png
2026-08-07T16:06:48.408Z - GET /api/news
2026-08-07T16:06:48.413Z - GET /api/news
2026-08-07T16:06:55.334Z - GET /api/news
2026-08-07T16:06:59.287Z - GET /api/news
2026-08-07T16:06:59.297Z - GET /api/news
2026-08-07T16:07:24.788Z - PUT /api/news/7
2026-08-07T16:07:25.354Z - GET /api/news_authors
2026-08-07T16:07:25.355Z - GET /api/news
2026-08-07T16:07:25.358Z - GET /api/news_categories
2026-08-07T16:07:25.369Z - GET /api/news_tags
2026-08-07T16:07:27.095Z - GET /careers/xfgh
2026-08-07T16:07:27.198Z - GET /@vite/client
2026-08-07T16:07:27.199Z - GET /index.tsx
2026-08-07T16:07:27.202Z - GET /@react-refresh
2026-08-07T16:07:27.360Z - GET /node_modules/vite/dist/client/env.mjs
2026-08-07T16:07:27.363Z - GET /App.tsx
2026-08-07T16:07:27.471Z - GET /pages/Schedule.tsx
2026-08-07T16:07:27.472Z - GET /pages/PlayerProfile.tsx
2026-08-07T16:07:27.473Z - GET /pages/News.tsx
2026-08-07T16:07:27.474Z - GET /src/admin/Jobs.tsx
2026-08-07T16:07:27.475Z - GET /src/admin/News.tsx
2026-08-07T16:07:27.476Z - GET /src/admin/Settings.tsx
2026-08-07T16:07:27.476Z - GET /src/admin/Schedule.tsx
2026-08-07T16:07:27.477Z - GET /pages/Socials.tsx
2026-08-07T16:07:27.477Z - GET /src/admin/Gallery.tsx
2026-08-07T16:07:27.478Z - GET /src/admin/Users.tsx
2026-08-07T16:07:27.479Z - GET /pages/NewsDetail.tsx
2026-08-07T16:07:27.480Z - GET /src/admin/Leadership.tsx
2026-08-07T16:07:27.482Z - GET /src/admin/Creators.tsx
2026-08-07T16:07:27.483Z - GET /pages/Home.tsx
2026-08-07T16:07:27.484Z - GET /src/admin/Subscribers.tsx
2026-08-07T16:07:27.485Z - GET /src/admin/AdminLayout.tsx
2026-08-07T16:07:27.486Z - GET /pages/Careers.tsx
2026-08-07T16:07:27.487Z - GET /pages/JobDetail.tsx
2026-08-07T16:07:27.488Z - GET /components/GlobalSearch.tsx
2026-08-07T16:07:27.489Z - GET /pages/Information.tsx
2026-08-07T16:07:27.490Z - GET /pages/Teams.tsx
2026-08-07T16:07:27.491Z - GET /src/admin/LoginPage.tsx
2026-08-07T16:07:27.492Z - GET /components/SocialFollowerIcon.tsx
2026-08-07T16:07:27.493Z - GET /pages/EventDetail.tsx
2026-08-07T16:07:27.494Z - GET /src/admin/Teams.tsx
2026-08-07T16:07:27.495Z - GET /pages/About.tsx
2026-08-07T16:07:27.496Z - GET /components/NewsletterPopup.tsx
2026-08-07T16:07:27.497Z - GET /src/admin/Dashboard.tsx
2026-08-07T16:07:27.498Z - GET /constants.tsx
2026-08-07T16:07:27.557Z - GET /components/Breadcrumbs.tsx
2026-08-07T16:07:27.558Z - GET /components/SEOMeta.tsx
2026-08-07T16:07:27.562Z - GET /src/utils/json.ts
2026-08-07T16:07:27.563Z - GET /components/ui/ArenaButton.tsx
2026-08-07T16:07:27.565Z - GET /src/components/ConfirmDeleteModal.tsx
2026-08-07T16:07:27.566Z - GET /src/admin/components/FormRepeater.tsx
2026-08-07T16:07:27.567Z - GET /src/components/ImageUploader.tsx
2026-08-07T16:07:27.568Z - GET /src/admin/components/FormSection.tsx
2026-08-07T16:07:27.569Z - GET /src/admin/components/Toast.tsx
2026-08-07T16:07:27.570Z - GET /src/lib/firebase.ts
2026-08-07T16:07:27.644Z - GET /firebase-applet-config.json?import
2026-08-07T16:07:27.750Z - GET /assets/Gk%20Logo.png
2026-08-07T16:07:27.752Z - GET /api/news
2026-08-07T16:07:27.777Z - GET /api/news
2026-08-07T16:10:54.002Z - GET /
2026-08-07T16:10:57.446Z - GET /
2026-08-07T16:10:57.984Z - GET /@vite/client
2026-08-07T16:10:57.987Z - GET /@react-refresh
2026-08-07T16:10:57.995Z - GET /index.tsx
2026-08-07T16:10:58.196Z - GET /App.tsx
2026-08-07T16:10:58.200Z - GET /node_modules/vite/dist/client/env.mjs
2026-08-07T16:10:59.514Z - GET /pages/Home.tsx
2026-08-07T16:10:59.575Z - GET /pages/Schedule.tsx
2026-08-07T16:10:59.581Z - GET /pages/NewsDetail.tsx
2026-08-07T16:10:59.614Z - GET /pages/PlayerProfile.tsx
2026-08-07T16:10:59.663Z - GET /pages/EventDetail.tsx
2026-08-07T16:10:59.686Z - GET /src/admin/Subscribers.tsx
2026-08-07T16:10:59.688Z - GET /pages/News.tsx
2026-08-07T16:10:59.689Z - GET /src/admin/Users.tsx
2026-08-07T16:10:59.690Z - GET /pages/Socials.tsx
2026-08-07T16:10:59.730Z - GET /src/admin/Settings.tsx
2026-08-07T16:10:59.735Z - GET /src/admin/Jobs.tsx
2026-08-07T16:10:59.738Z - GET /pages/JobDetail.tsx
2026-08-07T16:10:59.741Z - GET /src/admin/News.tsx
2026-08-07T16:10:59.751Z - GET /src/admin/Teams.tsx
2026-08-07T16:10:59.754Z - GET /src/admin/Schedule.tsx
2026-08-07T16:10:59.757Z - GET /src/admin/LoginPage.tsx
2026-08-07T16:10:59.758Z - GET /pages/About.tsx
2026-08-07T16:10:59.760Z - GET /src/admin/Gallery.tsx
2026-08-07T16:10:59.762Z - GET /src/admin/AdminLayout.tsx
2026-08-07T16:10:59.764Z - GET /pages/Careers.tsx
2026-08-07T16:10:59.767Z - GET /components/NewsletterPopup.tsx
2026-08-07T16:10:59.769Z - GET /constants.tsx
2026-08-07T16:10:59.770Z - GET /pages/Information.tsx
2026-08-07T16:10:59.773Z - GET /components/SocialFollowerIcon.tsx
2026-08-07T16:10:59.777Z - GET /pages/Teams.tsx
2026-08-07T16:10:59.781Z - GET /src/admin/Creators.tsx
2026-08-07T16:10:59.785Z - GET /src/admin/Dashboard.tsx
2026-08-07T16:10:59.789Z - GET /components/GlobalSearch.tsx
2026-08-07T16:10:59.794Z - GET /src/admin/Leadership.tsx
2026-08-07T16:10:59.795Z - GET /components/SEOMeta.tsx
2026-08-07T16:10:59.798Z - GET /components/ui/ArenaButton.tsx
2026-08-07T16:10:59.801Z - GET /src/utils/json.ts
2026-08-07T16:10:59.802Z - GET /components/Breadcrumbs.tsx
2026-08-07T16:10:59.806Z - GET /src/lib/firebase.ts
2026-08-07T16:10:59.809Z - GET /src/components/ConfirmDeleteModal.tsx
2026-08-07T16:10:59.851Z - GET /src/admin/components/FormSection.tsx
2026-08-07T16:10:59.860Z - GET /src/components/ImageUploader.tsx
2026-08-07T16:10:59.863Z - GET /src/admin/components/FormRepeater.tsx
2026-08-07T16:10:59.866Z - GET /src/admin/components/Toast.tsx
2026-08-07T16:10:59.886Z - GET /firebase-applet-config.json?import
2026-08-07T16:10:59.999Z - GET /assets/Gk%20Logo.png
2026-08-07T16:11:00.021Z - GET /assets/mat.png
2026-08-07T16:11:00.025Z - GET /assets/jearsy.png
2026-08-07T16:11:00.030Z - GET /assets/mouse.png
2026-08-07T16:11:00.035Z - GET /assets/bag.png
2026-08-07T16:11:00.038Z - GET /assets/frame.png
2026-08-07T16:11:11.344Z - GET /
2026-08-07T16:11:11.447Z - GET /@vite/client
2026-08-07T16:11:11.449Z - GET /index.tsx
2026-08-07T16:11:11.451Z - GET /@react-refresh
2026-08-07T16:11:11.605Z - GET /node_modules/vite/dist/client/env.mjs
2026-08-07T16:11:11.609Z - GET /App.tsx
2026-08-07T16:11:11.702Z - GET /pages/About.tsx
2026-08-07T16:11:11.709Z - GET /pages/Careers.tsx
2026-08-07T16:11:11.715Z - GET /pages/Information.tsx
2026-08-07T16:11:11.717Z - GET /pages/Home.tsx
2026-08-07T16:11:11.722Z - GET /src/admin/LoginPage.tsx
2026-08-07T16:11:11.725Z - GET /pages/Teams.tsx
2026-08-07T16:11:11.731Z - GET /pages/PlayerProfile.tsx
2026-08-07T16:11:11.734Z - GET /pages/News.tsx
2026-08-07T16:11:11.737Z - GET /pages/Schedule.tsx
2026-08-07T16:11:11.744Z - GET /src/admin/Jobs.tsx
2026-08-07T16:11:11.751Z - GET /src/admin/Users.tsx
2026-08-07T16:11:11.755Z - GET /src/admin/Creators.tsx
2026-08-07T16:11:11.759Z - GET /pages/NewsDetail.tsx
2026-08-07T16:11:11.761Z - GET /components/SocialFollowerIcon.tsx
2026-08-07T16:11:11.765Z - GET /src/admin/News.tsx
2026-08-07T16:11:11.768Z - GET /src/admin/Subscribers.tsx
2026-08-07T16:11:11.771Z - GET /components/NewsletterPopup.tsx
2026-08-07T16:11:11.774Z - GET /src/admin/AdminLayout.tsx
2026-08-07T16:11:11.779Z - GET /src/admin/Settings.tsx
2026-08-07T16:11:11.783Z - GET /constants.tsx
2026-08-07T16:11:11.785Z - GET /pages/Socials.tsx
2026-08-07T16:11:11.790Z - GET /src/admin/Teams.tsx
2026-08-07T16:11:11.791Z - GET /src/admin/Schedule.tsx
2026-08-07T16:11:11.794Z - GET /pages/JobDetail.tsx
2026-08-07T16:11:11.799Z - GET /src/admin/Gallery.tsx
2026-08-07T16:11:11.802Z - GET /pages/EventDetail.tsx
2026-08-07T16:11:11.804Z - GET /src/admin/Leadership.tsx
2026-08-07T16:11:11.808Z - GET /components/GlobalSearch.tsx
2026-08-07T16:11:11.811Z - GET /src/admin/Dashboard.tsx
2026-08-07T16:11:11.814Z - GET /components/SEOMeta.tsx
2026-08-07T16:11:11.818Z - GET /components/Breadcrumbs.tsx
2026-08-07T16:11:11.823Z - GET /components/ui/ArenaButton.tsx
2026-08-07T16:11:11.826Z - GET /src/utils/json.ts
2026-08-07T16:11:11.829Z - GET /src/lib/firebase.ts
2026-08-07T16:11:11.835Z - GET /src/components/ConfirmDeleteModal.tsx
2026-08-07T16:11:11.840Z - GET /src/components/ImageUploader.tsx
2026-08-07T16:11:11.842Z - GET /src/admin/components/Toast.tsx
2026-08-07T16:11:11.872Z - GET /src/admin/components/FormSection.tsx
2026-08-07T16:11:11.878Z - GET /src/admin/components/FormRepeater.tsx
2026-08-07T16:11:11.907Z - GET /firebase-applet-config.json?import
2026-08-07T16:11:11.998Z - GET /assets/Gk%20Logo.png
2026-08-07T16:11:12.127Z - GET /api/health
2026-08-07T16:11:12.132Z - GET /api/stats
2026-08-07T16:11:12.204Z - GET /api/health
2026-08-07T16:11:13.586Z - GET /api/stats
2026-08-07T16:11:13.591Z - GET /api/activity
2026-08-07T16:11:14.609Z - GET /api/activity
2026-08-07T16:11:38.338Z - GET /api/news
2026-08-07T16:11:38.448Z - GET /api/news_authors
2026-08-07T16:11:38.453Z - GET /api/news_tags
2026-08-07T16:11:38.566Z - GET /api/news_categories
2026-08-07T16:11:38.595Z - GET /api/news
2026-08-07T16:11:38.702Z - GET /api/news_tags
2026-08-07T16:11:38.706Z - GET /api/news_authors
2026-08-07T16:11:38.802Z - GET /api/news_categories
2026-08-07T16:11:46.549Z - PUT /api/news/7
2026-08-07T16:11:47.138Z - GET /api/news_categories
2026-08-07T16:11:47.140Z - GET /api/news_tags
2026-08-07T16:11:47.144Z - GET /api/news
2026-08-07T16:11:47.147Z - GET /api/news_authors
2026-08-07T16:11:49.659Z - GET /careers/xfgh
2026-08-07T16:11:49.763Z - GET /@vite/client
2026-08-07T16:11:49.766Z - GET /index.tsx
2026-08-07T16:11:49.767Z - GET /@react-refresh
2026-08-07T16:11:49.924Z - GET /node_modules/vite/dist/client/env.mjs
2026-08-07T16:11:49.925Z - GET /App.tsx
2026-08-07T16:11:50.019Z - GET /pages/Teams.tsx
2026-08-07T16:11:50.020Z - GET /pages/Schedule.tsx
2026-08-07T16:11:50.021Z - GET /pages/Home.tsx
2026-08-07T16:11:50.047Z - GET /pages/PlayerProfile.tsx
2026-08-07T16:11:50.048Z - GET /components/SocialFollowerIcon.tsx
2026-08-07T16:11:50.050Z - GET /pages/NewsDetail.tsx
2026-08-07T16:11:50.053Z - GET /pages/Information.tsx
2026-08-07T16:11:50.055Z - GET /pages/About.tsx
2026-08-07T16:11:50.058Z - GET /pages/News.tsx
2026-08-07T16:11:50.069Z - GET /pages/Careers.tsx
2026-08-07T16:11:50.070Z - GET /src/admin/Schedule.tsx
2026-08-07T16:11:50.070Z - GET /src/admin/Subscribers.tsx
2026-08-07T16:11:50.071Z - GET /pages/Socials.tsx
2026-08-07T16:11:50.072Z - GET /src/admin/LoginPage.tsx
2026-08-07T16:11:50.073Z - GET /src/admin/Jobs.tsx
2026-08-07T16:11:50.073Z - GET /src/admin/Teams.tsx
2026-08-07T16:11:50.074Z - GET /src/admin/Users.tsx
2026-08-07T16:11:50.075Z - GET /src/admin/Leadership.tsx
2026-08-07T16:11:50.075Z - GET /src/admin/Settings.tsx
2026-08-07T16:11:50.076Z - GET /src/admin/News.tsx
2026-08-07T16:11:50.083Z - GET /src/admin/Gallery.tsx
2026-08-07T16:11:50.084Z - GET /components/GlobalSearch.tsx
2026-08-07T16:11:50.085Z - GET /pages/EventDetail.tsx
2026-08-07T16:11:50.086Z - GET /pages/JobDetail.tsx
2026-08-07T16:11:50.092Z - GET /components/NewsletterPopup.tsx
2026-08-07T16:11:50.093Z - GET /src/admin/Creators.tsx
2026-08-07T16:11:50.094Z - GET /src/admin/Dashboard.tsx
2026-08-07T16:11:50.095Z - GET /constants.tsx
2026-08-07T16:11:50.103Z - GET /src/admin/AdminLayout.tsx
2026-08-07T16:11:50.114Z - GET /components/SEOMeta.tsx
2026-08-07T16:11:50.115Z - GET /components/Breadcrumbs.tsx
2026-08-07T16:11:50.117Z - GET /src/utils/json.ts
2026-08-07T16:11:50.144Z - GET /components/ui/ArenaButton.tsx
2026-08-07T16:11:50.164Z - GET /src/components/ConfirmDeleteModal.tsx
2026-08-07T16:11:50.166Z - GET /src/lib/firebase.ts
2026-08-07T16:11:50.167Z - GET /src/components/ImageUploader.tsx
2026-08-07T16:11:50.170Z - GET /src/admin/components/Toast.tsx
2026-08-07T16:11:50.172Z - GET /src/admin/components/FormSection.tsx
2026-08-07T16:11:50.173Z - GET /src/admin/components/FormRepeater.tsx
2026-08-07T16:11:50.238Z - GET /firebase-applet-config.json?import
2026-08-07T16:11:50.343Z - GET /assets/Gk%20Logo.png
2026-08-07T16:11:50.344Z - GET /api/news
2026-08-07T16:11:50.373Z - GET /api/news
2026-08-07T16:12:05.665Z - PUT /api/news/7
2026-08-07T16:12:06.216Z - GET /api/news
2026-08-07T16:12:06.218Z - GET /api/news_categories
2026-08-07T16:12:06.220Z - GET /api/news_authors
2026-08-07T16:12:06.223Z - GET /api/news_tags
2026-08-07T16:12:08.318Z - GET /careers/xfgh
2026-08-07T16:12:08.536Z - GET /@react-refresh
2026-08-07T16:12:08.538Z - GET /@vite/client
2026-08-07T16:12:08.539Z - GET /index.tsx
2026-08-07T16:12:08.659Z - GET /App.tsx
2026-08-07T16:12:08.663Z - GET /node_modules/vite/dist/client/env.mjs
2026-08-07T16:12:08.795Z - GET /components/GlobalSearch.tsx
2026-08-07T16:12:08.796Z - GET /components/NewsletterPopup.tsx
2026-08-07T16:12:08.797Z - GET /pages/PlayerProfile.tsx
2026-08-07T16:12:08.798Z - GET /pages/EventDetail.tsx
2026-08-07T16:12:08.799Z - GET /pages/NewsDetail.tsx
2026-08-07T16:12:08.802Z - GET /src/admin/Users.tsx
2026-08-07T16:12:08.803Z - GET /pages/Careers.tsx
2026-08-07T16:12:08.805Z - GET /pages/News.tsx
2026-08-07T16:12:08.807Z - GET /pages/Schedule.tsx
2026-08-07T16:12:08.808Z - GET /src/admin/Gallery.tsx
2026-08-07T16:12:08.809Z - GET /src/admin/Subscribers.tsx
2026-08-07T16:12:08.810Z - GET /src/admin/Leadership.tsx
2026-08-07T16:12:08.811Z - GET /pages/Home.tsx
2026-08-07T16:12:08.813Z - GET /src/admin/Settings.tsx
2026-08-07T16:12:08.814Z - GET /src/admin/Schedule.tsx
2026-08-07T16:12:08.815Z - GET /src/admin/LoginPage.tsx
2026-08-07T16:12:08.816Z - GET /components/SocialFollowerIcon.tsx
2026-08-07T16:12:08.817Z - GET /pages/Socials.tsx
2026-08-07T16:12:08.818Z - GET /src/admin/Jobs.tsx
2026-08-07T16:12:08.820Z - GET /src/admin/Dashboard.tsx
2026-08-07T16:12:08.821Z - GET /src/admin/News.tsx
2026-08-07T16:12:08.822Z - GET /pages/Information.tsx
2026-08-07T16:12:08.823Z - GET /pages/About.tsx
2026-08-07T16:12:08.824Z - GET /src/admin/Teams.tsx
2026-08-07T16:12:08.826Z - GET /pages/JobDetail.tsx
2026-08-07T16:12:08.827Z - GET /pages/Teams.tsx
2026-08-07T16:12:08.829Z - GET /constants.tsx
2026-08-07T16:12:08.830Z - GET /src/admin/Creators.tsx
2026-08-07T16:12:08.885Z - GET /src/lib/firebase.ts
2026-08-07T16:12:08.892Z - GET /components/SEOMeta.tsx
2026-08-07T16:12:08.893Z - GET /src/utils/json.ts
2026-08-07T16:12:08.894Z - GET /components/Breadcrumbs.tsx
2026-08-07T16:12:08.895Z - GET /components/ui/ArenaButton.tsx
2026-08-07T16:12:08.902Z - GET /src/components/ConfirmDeleteModal.tsx
2026-08-07T16:12:08.903Z - GET /src/components/ImageUploader.tsx
2026-08-07T16:12:08.905Z - GET /src/admin/components/Toast.tsx
2026-08-07T16:12:08.907Z - GET /src/admin/components/FormRepeater.tsx
2026-08-07T16:12:08.909Z - GET /src/admin/components/FormSection.tsx
2026-08-07T16:12:08.956Z - GET /src/admin/AdminLayout.tsx
2026-08-07T16:12:08.962Z - GET /firebase-applet-config.json?import
2026-08-07T16:12:09.067Z - GET /assets/Gk%20Logo.png
2026-08-07T16:12:09.068Z - GET /api/news
2026-08-07T16:12:09.104Z - GET /api/news
2026-08-07T16:12:19.278Z - POST /api/news
2026-08-07T16:12:19.547Z - GET /api/news
2026-08-07T16:13:30.521Z - GET /
2026-08-07T16:13:34.908Z - GET /
2026-08-07T16:13:35.506Z - GET /index.tsx
2026-08-07T16:13:35.508Z - GET /@vite/client
2026-08-07T16:13:35.512Z - GET /@react-refresh
2026-08-07T16:13:35.810Z - GET /node_modules/vite/dist/client/env.mjs
2026-08-07T16:13:35.818Z - GET /App.tsx
2026-08-07T16:13:37.207Z - GET /pages/Home.tsx
2026-08-07T16:13:37.210Z - GET /pages/Careers.tsx
2026-08-07T16:13:37.269Z - GET /pages/Teams.tsx
2026-08-07T16:13:37.316Z - GET /pages/Schedule.tsx
2026-08-07T16:13:37.370Z - GET /pages/About.tsx
2026-08-07T16:13:37.386Z - GET /pages/Socials.tsx
2026-08-07T16:13:37.429Z - GET /src/admin/Gallery.tsx
2026-08-07T16:13:37.467Z - GET /src/admin/Subscribers.tsx
2026-08-07T16:13:37.501Z - GET /src/admin/Schedule.tsx
2026-08-07T16:13:37.504Z - GET /src/admin/Dashboard.tsx
2026-08-07T16:13:37.505Z - GET /src/admin/Teams.tsx
2026-08-07T16:13:37.506Z - GET /components/GlobalSearch.tsx
2026-08-07T16:13:37.507Z - GET /pages/EventDetail.tsx
2026-08-07T16:13:37.508Z - GET /src/admin/Settings.tsx
2026-08-07T16:13:37.508Z - GET /src/admin/Users.tsx
2026-08-07T16:13:37.509Z - GET /components/SocialFollowerIcon.tsx
2026-08-07T16:13:37.510Z - GET /pages/NewsDetail.tsx
2026-08-07T16:13:37.518Z - GET /pages/JobDetail.tsx
2026-08-07T16:13:37.519Z - GET /src/admin/LoginPage.tsx
2026-08-07T16:13:37.520Z - GET /src/admin/Creators.tsx
2026-08-07T16:13:37.521Z - GET /src/admin/News.tsx
2026-08-07T16:13:37.529Z - GET /src/admin/Leadership.tsx
2026-08-07T16:13:37.530Z - GET /pages/PlayerProfile.tsx
2026-08-07T16:13:37.531Z - GET /pages/Information.tsx
2026-08-07T16:13:37.532Z - GET /src/admin/Jobs.tsx
2026-08-07T16:13:37.533Z - GET /constants.tsx
2026-08-07T16:13:37.534Z - GET /pages/News.tsx
2026-08-07T16:13:37.535Z - GET /components/NewsletterPopup.tsx
2026-08-07T16:13:37.545Z - GET /src/admin/AdminLayout.tsx
2026-08-07T16:13:37.549Z - GET /components/Breadcrumbs.tsx
2026-08-07T16:13:37.550Z - GET /components/ui/ArenaButton.tsx
2026-08-07T16:13:37.551Z - GET /components/SEOMeta.tsx
2026-08-07T16:13:37.552Z - GET /src/utils/json.ts
2026-08-07T16:13:37.566Z - GET /src/admin/components/Toast.tsx
2026-08-07T16:13:37.567Z - GET /src/components/ConfirmDeleteModal.tsx
2026-08-07T16:13:37.569Z - GET /src/lib/firebase.ts
2026-08-07T16:13:37.569Z - GET /src/components/ImageUploader.tsx
2026-08-07T16:13:37.609Z - GET /src/admin/components/FormSection.tsx
2026-08-07T16:13:37.614Z - GET /src/admin/components/FormRepeater.tsx
2026-08-07T16:13:37.669Z - GET /firebase-applet-config.json?import
2026-08-07T16:13:37.770Z - GET /assets/Gk%20Logo.png
2026-08-07T16:13:37.793Z - GET /assets/mat.png
2026-08-07T16:13:37.795Z - GET /assets/jearsy.png
2026-08-07T16:13:37.796Z - GET /assets/frame.png
2026-08-07T16:13:37.797Z - GET /assets/mouse.png
2026-08-07T16:13:37.798Z - GET /assets/bag.png
2026-08-07T16:14:20.751Z - GET /
2026-08-07T16:14:20.857Z - GET /index.tsx
2026-08-07T16:14:20.860Z - GET /@vite/client
2026-08-07T16:14:20.865Z - GET /@react-refresh
2026-08-07T16:14:21.053Z - GET /App.tsx
2026-08-07T16:14:21.062Z - GET /node_modules/vite/dist/client/env.mjs
2026-08-07T16:14:21.141Z - GET /pages/Home.tsx
2026-08-07T16:14:21.146Z - GET /pages/Schedule.tsx
2026-08-07T16:14:21.161Z - GET /pages/Careers.tsx
2026-08-07T16:14:21.164Z - GET /pages/About.tsx
2026-08-07T16:14:21.168Z - GET /pages/Teams.tsx
2026-08-07T16:14:21.181Z - GET /pages/Information.tsx
2026-08-07T16:14:21.184Z - GET /pages/JobDetail.tsx
2026-08-07T16:14:21.187Z - GET /src/admin/Teams.tsx
2026-08-07T16:14:21.191Z - GET /src/admin/Schedule.tsx
2026-08-07T16:14:21.194Z - GET /src/admin/AdminLayout.tsx
2026-08-07T16:14:21.197Z - GET /src/admin/Leadership.tsx
2026-08-07T16:14:21.200Z - GET /src/admin/Jobs.tsx
2026-08-07T16:14:21.202Z - GET /src/admin/Dashboard.tsx
2026-08-07T16:14:21.207Z - GET /components/NewsletterPopup.tsx
2026-08-07T16:14:21.215Z - GET /src/admin/Gallery.tsx
2026-08-07T16:14:21.219Z - GET /pages/Socials.tsx
2026-08-07T16:14:21.222Z - GET /pages/News.tsx
2026-08-07T16:14:21.225Z - GET /src/admin/LoginPage.tsx
2026-08-07T16:14:21.226Z - GET /constants.tsx
2026-08-07T16:14:21.230Z - GET /src/admin/News.tsx
2026-08-07T16:14:21.232Z - GET /pages/EventDetail.tsx
2026-08-07T16:14:21.236Z - GET /pages/NewsDetail.tsx
2026-08-07T16:14:21.240Z - GET /pages/PlayerProfile.tsx
2026-08-07T16:14:21.245Z - GET /src/admin/Users.tsx
2026-08-07T16:14:21.248Z - GET /src/admin/Settings.tsx
2026-08-07T16:14:21.252Z - GET /src/admin/Subscribers.tsx
2026-08-07T16:14:21.255Z - GET /src/admin/Creators.tsx
2026-08-07T16:14:21.257Z - GET /components/SocialFollowerIcon.tsx
2026-08-07T16:14:21.260Z - GET /components/GlobalSearch.tsx
2026-08-07T16:14:21.265Z - GET /src/utils/json.ts
2026-08-07T16:14:21.267Z - GET /components/Breadcrumbs.tsx
2026-08-07T16:14:21.271Z - GET /components/ui/ArenaButton.tsx
2026-08-07T16:14:21.275Z - GET /components/SEOMeta.tsx
2026-08-07T16:14:21.278Z - GET /src/admin/components/Toast.tsx
2026-08-07T16:14:21.282Z - GET /src/admin/components/FormSection.tsx
2026-08-07T16:14:21.285Z - GET /src/admin/components/FormRepeater.tsx
2026-08-07T16:14:21.288Z - GET /src/components/ConfirmDeleteModal.tsx
2026-08-07T16:14:21.291Z - GET /src/lib/firebase.ts
2026-08-07T16:14:21.325Z - GET /src/components/ImageUploader.tsx
2026-08-07T16:14:21.372Z - GET /firebase-applet-config.json?import
2026-08-07T16:14:21.564Z - GET /api/stats
2026-08-07T16:14:21.582Z - GET /assets/Gk%20Logo.png
2026-08-07T16:14:21.583Z - GET /api/health
2026-08-07T16:14:21.674Z - GET /api/health
2026-08-07T16:14:23.184Z - GET /api/stats
2026-08-07T16:14:23.189Z - GET /api/activity
2026-08-07T16:14:24.226Z - GET /api/activity
2026-08-07T16:14:25.949Z - GET /api/news
2026-08-07T16:14:25.955Z - GET /api/news_tags
2026-08-07T16:14:25.958Z - GET /api/news_authors
2026-08-07T16:14:25.962Z - GET /api/news_categories
2026-08-07T16:14:26.181Z - GET /api/news
2026-08-07T16:14:26.241Z - GET /api/news_authors
2026-08-07T16:14:26.254Z - GET /api/news_categories
2026-08-07T16:14:26.277Z - GET /api/news_tags
2026-08-07T16:14:28.801Z - GET /api/jobs
2026-08-07T16:14:29.278Z - GET /api/jobs
2026-08-07T16:14:29.798Z - GET /api/gallery
2026-08-07T16:14:30.020Z - GET /api/gallery
2026-08-07T16:14:30.537Z - GET /api/events
2026-08-07T16:14:30.542Z - GET /api/game-titles
2026-08-07T16:14:30.622Z - GET /api/game-titles
2026-08-07T16:14:30.625Z - GET /api/game_titles
2026-08-07T16:14:30.764Z - GET /api/events
2026-08-07T16:14:31.109Z - GET /api/game_titles
2026-08-07T16:14:32.982Z - GET /api/news
2026-08-07T16:14:32.986Z - GET /api/news_tags
2026-08-07T16:14:32.991Z - GET /api/news_authors
2026-08-07T16:14:32.996Z - GET /api/news_categories
2026-08-07T16:14:33.213Z - GET /api/news
2026-08-07T16:14:33.216Z - GET /api/news_tags
2026-08-07T16:14:33.237Z - GET /api/news_authors
2026-08-07T16:14:33.254Z - GET /api/news_categories
2026-08-07T16:14:51.922Z - GET /careers/xfgh
2026-08-07T16:14:52.023Z - GET /@vite/client
2026-08-07T16:14:52.025Z - GET /index.tsx
2026-08-07T16:14:52.030Z - GET /@react-refresh
2026-08-07T16:14:52.184Z - GET /App.tsx
2026-08-07T16:14:52.187Z - GET /node_modules/vite/dist/client/env.mjs
2026-08-07T16:14:52.282Z - GET /pages/About.tsx
2026-08-07T16:14:52.286Z - GET /pages/Careers.tsx
2026-08-07T16:14:52.290Z - GET /pages/Schedule.tsx
2026-08-07T16:14:52.296Z - GET /pages/Home.tsx
2026-08-07T16:14:52.302Z - GET /pages/News.tsx
2026-08-07T16:14:52.306Z - GET /pages/PlayerProfile.tsx
2026-08-07T16:14:52.308Z - GET /pages/NewsDetail.tsx
2026-08-07T16:14:52.311Z - GET /pages/Teams.tsx
2026-08-07T16:14:52.315Z - GET /src/admin/Creators.tsx
2026-08-07T16:14:52.320Z - GET /src/admin/LoginPage.tsx
2026-08-07T16:14:52.324Z - GET /components/GlobalSearch.tsx
2026-08-07T16:14:52.328Z - GET /src/admin/Leadership.tsx
2026-08-07T16:14:52.329Z - GET /src/admin/Subscribers.tsx
2026-08-07T16:14:52.331Z - GET /src/admin/Gallery.tsx
2026-08-07T16:14:52.335Z - GET /src/admin/Jobs.tsx
2026-08-07T16:14:52.340Z - GET /src/admin/Dashboard.tsx
2026-08-07T16:14:52.345Z - GET /pages/EventDetail.tsx
2026-08-07T16:14:52.346Z - GET /components/SocialFollowerIcon.tsx
2026-08-07T16:14:52.347Z - GET /src/admin/Schedule.tsx
2026-08-07T16:14:52.348Z - GET /pages/Information.tsx
2026-08-07T16:14:52.348Z - GET /src/admin/Teams.tsx
2026-08-07T16:14:52.349Z - GET /src/admin/Settings.tsx
2026-08-07T16:14:52.350Z - GET /pages/JobDetail.tsx
2026-08-07T16:14:52.350Z - GET /src/admin/Users.tsx
2026-08-07T16:14:52.351Z - GET /src/admin/News.tsx
2026-08-07T16:14:52.356Z - GET /constants.tsx
2026-08-07T16:14:52.357Z - GET /pages/Socials.tsx
2026-08-07T16:14:52.358Z - GET /src/admin/AdminLayout.tsx
2026-08-07T16:14:52.358Z - GET /components/NewsletterPopup.tsx
2026-08-07T16:14:52.374Z - GET /components/SEOMeta.tsx
2026-08-07T16:14:52.375Z - GET /components/Breadcrumbs.tsx
2026-08-07T16:14:52.383Z - GET /components/ui/ArenaButton.tsx
2026-08-07T16:14:52.384Z - GET /src/utils/json.ts
2026-08-07T16:14:52.418Z - GET /src/lib/firebase.ts
2026-08-07T16:14:52.419Z - GET /src/admin/components/Toast.tsx
2026-08-07T16:14:52.419Z - GET /src/components/ImageUploader.tsx
2026-08-07T16:14:52.420Z - GET /src/components/ConfirmDeleteModal.tsx
2026-08-07T16:14:52.517Z - GET /src/admin/components/FormSection.tsx
2026-08-07T16:14:52.522Z - GET /firebase-applet-config.json?import
2026-08-07T16:14:52.527Z - GET /src/admin/components/FormRepeater.tsx
2026-08-07T16:14:52.626Z - GET /api/news
2026-08-07T16:14:52.631Z - GET /assets/Gk%20Logo.png
2026-08-07T16:14:52.646Z - GET /api/news
2026-08-07T16:14:54.865Z - GET /api/news
2026-08-07T16:14:56.874Z - GET /api/news
2026-08-07T16:14:59.082Z - GET /api/news
2026-08-07T16:16:15.799Z - GET /api/news_categories
2026-08-07T16:17:21.268Z - GET /
2026-08-07T16:17:26.183Z - GET /
2026-08-07T16:17:26.705Z - GET /@vite/client
2026-08-07T16:17:26.709Z - GET /@react-refresh
2026-08-07T16:17:26.719Z - GET /index.tsx
2026-08-07T16:17:26.900Z - GET /node_modules/vite/dist/client/env.mjs
2026-08-07T16:17:26.905Z - GET /App.tsx
2026-08-07T16:17:28.207Z - GET /pages/Home.tsx
2026-08-07T16:17:28.218Z - GET /pages/About.tsx
2026-08-07T16:17:28.221Z - GET /pages/Teams.tsx
2026-08-07T16:17:28.222Z - GET /pages/Schedule.tsx
2026-08-07T16:17:28.258Z - GET /src/admin/News.tsx
2026-08-07T16:17:28.311Z - GET /pages/News.tsx
2026-08-07T16:17:28.339Z - GET /pages/PlayerProfile.tsx
2026-08-07T16:17:28.366Z - GET /src/admin/Users.tsx
2026-08-07T16:17:28.372Z - GET /pages/NewsDetail.tsx
2026-08-07T16:17:28.376Z - GET /src/admin/Jobs.tsx
2026-08-07T16:17:28.378Z - GET /src/admin/LoginPage.tsx
2026-08-07T16:17:28.383Z - GET /src/admin/Settings.tsx
2026-08-07T16:17:28.385Z - GET /src/admin/Subscribers.tsx
2026-08-07T16:17:28.389Z - GET /src/admin/Leadership.tsx
2026-08-07T16:17:28.392Z - GET /src/admin/Schedule.tsx
2026-08-07T16:17:28.395Z - GET /src/admin/Gallery.tsx
2026-08-07T16:17:28.402Z - GET /src/admin/Teams.tsx
2026-08-07T16:17:28.406Z - GET /src/admin/Creators.tsx
2026-08-07T16:17:28.409Z - GET /src/admin/Dashboard.tsx
2026-08-07T16:17:28.411Z - GET /pages/EventDetail.tsx
2026-08-07T16:17:28.414Z - GET /pages/Information.tsx
2026-08-07T16:17:28.418Z - GET /components/GlobalSearch.tsx
2026-08-07T16:17:28.420Z - GET /components/NewsletterPopup.tsx
2026-08-07T16:17:28.424Z - GET /pages/JobDetail.tsx
2026-08-07T16:17:28.426Z - GET /pages/Socials.tsx
2026-08-07T16:17:28.430Z - GET /src/admin/AdminLayout.tsx
2026-08-07T16:17:28.432Z - GET /pages/Careers.tsx
2026-08-07T16:17:28.435Z - GET /constants.tsx
2026-08-07T16:17:28.436Z - GET /components/SocialFollowerIcon.tsx
2026-08-07T16:17:28.439Z - GET /components/ui/ArenaButton.tsx
2026-08-07T16:17:28.443Z - GET /components/SEOMeta.tsx
2026-08-07T16:17:28.446Z - GET /components/Breadcrumbs.tsx
2026-08-07T16:17:28.449Z - GET /src/utils/json.ts
2026-08-07T16:17:28.453Z - GET /src/components/ConfirmDeleteModal.tsx
2026-08-07T16:17:28.457Z - GET /src/components/ImageUploader.tsx
2026-08-07T16:17:28.459Z - GET /src/admin/components/Toast.tsx
2026-08-07T16:17:28.510Z - GET /src/lib/firebase.ts
2026-08-07T16:17:28.521Z - GET /src/admin/components/FormSection.tsx
2026-08-07T16:17:28.524Z - GET /src/admin/components/FormRepeater.tsx
2026-08-07T16:17:28.588Z - GET /firebase-applet-config.json?import
2026-08-07T16:17:28.684Z - GET /assets/Gk%20Logo.png
2026-08-07T16:17:28.698Z - GET /assets/frame.png
2026-08-07T16:17:28.701Z - GET /assets/jearsy.png
2026-08-07T16:17:28.704Z - GET /assets/mat.png
2026-08-07T16:17:28.707Z - GET /assets/bag.png
2026-08-07T16:17:28.709Z - GET /assets/mouse.png
2026-08-07T16:17:34.208Z - GET /api/news_categories
2026-08-07T16:17:34.226Z - GET /api/news
2026-08-07T16:21:22.661Z - GET /assets/bag.png
2026-08-07T16:21:22.665Z - GET /assets/jearsy.png
2026-08-07T16:21:22.669Z - GET /assets/mat.png
2026-08-07T16:21:22.672Z - GET /assets/frame.png
2026-08-07T16:21:22.675Z - GET /assets/mouse.png
2026-08-07T16:24:09.947Z - GET /
2026-08-07T16:24:10.053Z - GET /index.tsx
2026-08-07T16:24:10.057Z - GET /@vite/client
2026-08-07T16:24:10.062Z - GET /@react-refresh
2026-08-07T16:24:10.217Z - GET /App.tsx
2026-08-07T16:24:10.223Z - GET /node_modules/vite/dist/client/env.mjs
2026-08-07T16:24:10.303Z - GET /pages/Teams.tsx
2026-08-07T16:24:10.305Z - GET /pages/Schedule.tsx
2026-08-07T16:24:10.315Z - GET /pages/Home.tsx
2026-08-07T16:24:10.319Z - GET /pages/Socials.tsx
2026-08-07T16:24:10.320Z - GET /src/admin/News.tsx
2026-08-07T16:24:10.321Z - GET /pages/PlayerProfile.tsx
2026-08-07T16:24:10.324Z - GET /pages/NewsDetail.tsx
2026-08-07T16:24:10.334Z - GET /src/admin/Jobs.tsx
2026-08-07T16:24:10.335Z - GET /pages/JobDetail.tsx
2026-08-07T16:24:10.341Z - GET /src/admin/Settings.tsx
2026-08-07T16:24:10.343Z - GET /pages/About.tsx
2026-08-07T16:24:10.346Z - GET /src/admin/LoginPage.tsx
2026-08-07T16:24:10.349Z - GET /src/admin/Schedule.tsx
2026-08-07T16:24:10.354Z - GET /src/admin/Leadership.tsx
2026-08-07T16:24:10.357Z - GET /components/NewsletterPopup.tsx
2026-08-07T16:24:10.361Z - GET /pages/News.tsx
2026-08-07T16:24:10.364Z - GET /src/admin/Gallery.tsx
2026-08-07T16:24:10.367Z - GET /pages/Careers.tsx
2026-08-07T16:24:10.372Z - GET /src/admin/AdminLayout.tsx
2026-08-07T16:24:10.374Z - GET /src/admin/Users.tsx
2026-08-07T16:24:10.378Z - GET /src/admin/Subscribers.tsx
2026-08-07T16:24:10.381Z - GET /constants.tsx
2026-08-07T16:24:10.385Z - GET /src/admin/Teams.tsx
2026-08-07T16:24:10.386Z - GET /pages/EventDetail.tsx
2026-08-07T16:24:10.388Z - GET /src/admin/Creators.tsx
2026-08-07T16:24:10.389Z - GET /src/admin/Dashboard.tsx
2026-08-07T16:24:10.399Z - GET /components/SocialFollowerIcon.tsx
2026-08-07T16:24:10.400Z - GET /components/GlobalSearch.tsx
2026-08-07T16:24:10.401Z - GET /pages/Information.tsx
2026-08-07T16:24:10.406Z - GET /components/Breadcrumbs.tsx
2026-08-07T16:24:10.421Z - GET /components/ui/ArenaButton.tsx
2026-08-07T16:24:10.422Z - GET /components/SEOMeta.tsx
2026-08-07T16:24:10.423Z - GET /src/utils/json.ts
2026-08-07T16:24:10.423Z - GET /src/admin/components/Toast.tsx
2026-08-07T16:24:10.424Z - GET /src/components/ImageUploader.tsx
2026-08-07T16:24:10.424Z - GET /src/components/ConfirmDeleteModal.tsx
2026-08-07T16:24:10.523Z - GET /src/admin/components/FormSection.tsx
2026-08-07T16:24:10.524Z - GET /src/lib/firebase.ts
2026-08-07T16:24:10.525Z - GET /src/admin/components/FormRepeater.tsx
2026-08-07T16:24:10.609Z - GET /firebase-applet-config.json?import
2026-08-07T16:24:10.717Z - GET /assets/Gk%20Logo.png
2026-08-07T16:24:14.923Z - GET /
2026-08-07T16:24:15.019Z - GET /index.tsx
2026-08-07T16:24:15.020Z - GET /@vite/client
2026-08-07T16:24:15.043Z - GET /@react-refresh
2026-08-07T16:24:15.195Z - GET /node_modules/vite/dist/client/env.mjs
2026-08-07T16:24:15.199Z - GET /App.tsx
2026-08-07T16:24:15.291Z - GET /pages/Home.tsx
2026-08-07T16:24:15.298Z - GET /pages/Teams.tsx
2026-08-07T16:24:15.301Z - GET /pages/Schedule.tsx
2026-08-07T16:24:15.307Z - GET /pages/About.tsx
2026-08-07T16:24:15.313Z - GET /pages/PlayerProfile.tsx
2026-08-07T16:24:15.324Z - GET /pages/NewsDetail.tsx
2026-08-07T16:24:15.330Z - GET /pages/News.tsx
2026-08-07T16:24:15.334Z - GET /src/admin/News.tsx
2026-08-07T16:24:15.338Z - GET /components/NewsletterPopup.tsx
2026-08-07T16:24:15.343Z - GET /src/admin/Subscribers.tsx
2026-08-07T16:24:15.347Z - GET /src/admin/Users.tsx
2026-08-07T16:24:15.348Z - GET /src/admin/Creators.tsx
2026-08-07T16:24:15.351Z - GET /pages/Careers.tsx
2026-08-07T16:24:15.355Z - GET /pages/Information.tsx
2026-08-07T16:24:15.361Z - GET /pages/JobDetail.tsx
2026-08-07T16:24:15.363Z - GET /pages/EventDetail.tsx
2026-08-07T16:24:15.371Z - GET /constants.tsx
2026-08-07T16:24:15.378Z - GET /src/admin/Dashboard.tsx
2026-08-07T16:24:15.379Z - GET /src/admin/AdminLayout.tsx
2026-08-07T16:24:15.380Z - GET /src/admin/LoginPage.tsx
2026-08-07T16:24:15.381Z - GET /src/admin/Jobs.tsx
2026-08-07T16:24:15.382Z - GET /pages/Socials.tsx
2026-08-07T16:24:15.382Z - GET /src/admin/Schedule.tsx
2026-08-07T16:24:15.383Z - GET /src/admin/Settings.tsx
2026-08-07T16:24:15.384Z - GET /components/SocialFollowerIcon.tsx
2026-08-07T16:24:15.384Z - GET /src/admin/Leadership.tsx
2026-08-07T16:24:15.385Z - GET /src/admin/Teams.tsx
2026-08-07T16:24:15.386Z - GET /src/admin/Gallery.tsx
2026-08-07T16:24:15.386Z - GET /components/GlobalSearch.tsx
2026-08-07T16:24:15.407Z - GET /components/SEOMeta.tsx
2026-08-07T16:24:15.408Z - GET /components/ui/ArenaButton.tsx
2026-08-07T16:24:15.409Z - GET /components/Breadcrumbs.tsx
2026-08-07T16:24:15.437Z - GET /src/utils/json.ts
2026-08-07T16:24:15.471Z - GET /src/components/ConfirmDeleteModal.tsx
2026-08-07T16:24:15.472Z - GET /src/components/ImageUploader.tsx
2026-08-07T16:24:15.473Z - GET /src/lib/firebase.ts
2026-08-07T16:24:15.474Z - GET /src/admin/components/Toast.tsx
2026-08-07T16:24:15.532Z - GET /src/admin/components/FormRepeater.tsx
2026-08-07T16:24:15.534Z - GET /src/admin/components/FormSection.tsx
2026-08-07T16:24:15.558Z - GET /firebase-applet-config.json?import
2026-08-07T16:24:15.658Z - GET /assets/Gk%20Logo.png
2026-08-07T16:24:15.676Z - GET /api/stats
2026-08-07T16:24:15.680Z - GET /api/health
2026-08-07T16:24:15.759Z - GET /api/health
2026-08-07T16:24:17.188Z - GET /api/stats
2026-08-07T16:24:17.194Z - GET /api/activity
2026-08-07T16:24:18.216Z - GET /api/activity
2026-08-07T16:24:28.327Z - GET /api/news
2026-08-07T16:24:28.513Z - GET /api/events
2026-08-07T16:24:28.678Z - GET /api/teams
2026-08-07T16:24:56.228Z - GET /api/settings
2026-08-07T16:24:56.308Z - GET /api/settings
2026-08-07T16:25:06.462Z - GET /assets/mat.png
2026-08-07T16:25:06.467Z - GET /assets/jearsy.png
2026-08-07T16:25:06.474Z - GET /assets/mouse.png
2026-08-07T16:25:06.478Z - GET /assets/bag.png
2026-08-07T16:25:06.482Z - GET /assets/frame.png
2026-08-07T16:26:36.615Z - GET /
2026-08-07T16:26:40.099Z - GET /
2026-08-07T16:26:40.629Z - GET /@vite/client
2026-08-07T16:26:40.631Z - GET /index.tsx
2026-08-07T16:26:40.790Z - GET /@react-refresh
2026-08-07T16:26:40.797Z - GET /node_modules/vite/dist/client/env.mjs
2026-08-07T16:26:42.003Z - GET /App.tsx
2026-08-07T16:26:42.164Z - GET /pages/Home.tsx
2026-08-07T16:26:42.232Z - GET /pages/Schedule.tsx
2026-08-07T16:26:42.305Z - GET /pages/Teams.tsx
2026-08-07T16:26:42.322Z - GET /pages/About.tsx
2026-08-07T16:26:42.390Z - GET /pages/Careers.tsx
2026-08-07T16:26:42.474Z - GET /pages/JobDetail.tsx
2026-08-07T16:26:42.513Z - GET /pages/Information.tsx
2026-08-07T16:26:42.563Z - GET /src/admin/AdminLayout.tsx
2026-08-07T16:26:42.597Z - GET /src/admin/Dashboard.tsx
2026-08-07T16:26:42.649Z - GET /src/admin/LoginPage.tsx
2026-08-07T16:26:42.682Z - GET /src/admin/Teams.tsx
2026-08-07T16:26:42.733Z - GET /src/admin/Creators.tsx
2026-08-07T16:26:42.767Z - GET /src/admin/Schedule.tsx
2026-08-07T16:26:42.819Z - GET /src/admin/Gallery.tsx
2026-08-07T16:26:42.850Z - GET /src/admin/Jobs.tsx
2026-08-07T16:26:42.905Z - GET /src/admin/Leadership.tsx
2026-08-07T16:26:42.936Z - GET /src/admin/Settings.tsx
2026-08-07T16:26:42.989Z - GET /src/admin/Users.tsx
2026-08-07T16:26:43.021Z - GET /src/admin/Subscribers.tsx
2026-08-07T16:26:43.077Z - GET /src/admin/News.tsx
2026-08-07T16:26:43.106Z - GET /pages/Socials.tsx
2026-08-07T16:26:43.175Z - GET /pages/News.tsx
2026-08-07T16:26:43.189Z - GET /pages/NewsDetail.tsx
2026-08-07T16:26:43.256Z - GET /pages/PlayerProfile.tsx
2026-08-07T16:26:43.271Z - GET /pages/EventDetail.tsx
2026-08-07T16:26:43.342Z - GET /components/SocialFollowerIcon.tsx
2026-08-07T16:26:43.355Z - GET /components/NewsletterPopup.tsx
2026-08-07T16:26:43.423Z - GET /components/GlobalSearch.tsx
2026-08-07T16:26:43.436Z - GET /constants.tsx
2026-08-07T16:26:43.552Z - GET /components/ui/ArenaButton.tsx
2026-08-07T16:26:43.559Z - GET /components/SEOMeta.tsx
2026-08-07T16:26:43.638Z - GET /components/Breadcrumbs.tsx
2026-08-07T16:26:43.641Z - GET /src/utils/json.ts
2026-08-07T16:26:43.724Z - GET /src/lib/firebase.ts
2026-08-07T16:26:43.734Z - GET /src/components/ImageUploader.tsx
2026-08-07T16:26:43.804Z - GET /src/components/ConfirmDeleteModal.tsx
2026-08-07T16:26:43.818Z - GET /src/admin/components/FormSection.tsx
2026-08-07T16:26:43.892Z - GET /src/admin/components/FormRepeater.tsx
2026-08-07T16:26:43.901Z - GET /src/admin/components/Toast.tsx
2026-08-07T16:26:43.996Z - GET /firebase-applet-config.json?import
2026-08-07T16:26:44.102Z - GET /assets/Gk%20Logo.png
2026-08-07T16:26:44.188Z - GET /assets/frame.png
2026-08-07T16:26:44.269Z - GET /assets/mat.png
2026-08-07T16:26:44.367Z - GET /assets/mouse.png
2026-08-07T16:26:44.481Z - GET /assets/bag.png
2026-08-07T16:26:44.501Z - GET /assets/jearsy.png
2026-08-07T16:26:44.597Z - GET /api/news
2026-08-07T16:26:44.616Z - GET /api/events
2026-08-07T16:26:44.619Z - GET /api/teams
2026-08-07T16:26:44.631Z - GET /api/stats
2026-08-07T16:26:44.922Z - GET /api/news
2026-08-07T16:26:44.930Z - GET /api/teams
2026-08-07T16:26:44.971Z - GET /api/events
2026-08-07T16:26:46.019Z - GET /api/stats
2026-08-07T16:38:14.538Z - GET /assets/NO%20PHOTO.png
2026-08-07T16:38:14.546Z - GET /assets/Jorhdys.png
2026-08-07T16:38:14.548Z - GET /api/teams
2026-08-07T16:38:14.551Z - GET /api/creators
2026-08-07T16:38:14.557Z - GET /assets/Breezi.png
2026-08-07T16:38:14.961Z - GET /api/creators
2026-08-07T16:38:15.111Z - GET /api/teams
2026-08-07T16:38:15.340Z - GET /api/teams/5/players
2026-08-07T16:38:15.342Z - GET /api/teams/1/players
2026-08-07T16:38:15.351Z - GET /api/teams/2/players
2026-08-07T16:38:15.354Z - GET /api/teams/3/players
2026-08-07T16:38:22.110Z - GET /
2026-08-07T16:38:22.230Z - GET /@vite/client
2026-08-07T16:38:22.238Z - GET /index.tsx
2026-08-07T16:38:22.278Z - GET /@react-refresh
2026-08-07T16:38:22.463Z - GET /node_modules/vite/dist/client/env.mjs
2026-08-07T16:38:22.468Z - GET /App.tsx
2026-08-07T16:38:22.554Z - GET /pages/Home.tsx
2026-08-07T16:38:22.571Z - GET /pages/Schedule.tsx
2026-08-07T16:38:22.577Z - GET /pages/Information.tsx
2026-08-07T16:38:22.579Z - GET /pages/EventDetail.tsx
2026-08-07T16:38:22.581Z - GET /components/SocialFollowerIcon.tsx
2026-08-07T16:38:22.595Z - GET /src/admin/Settings.tsx
2026-08-07T16:38:22.596Z - GET /src/admin/Leadership.tsx
2026-08-07T16:38:22.597Z - GET /pages/News.tsx
2026-08-07T16:38:22.606Z - GET /src/admin/Teams.tsx
2026-08-07T16:38:22.623Z - GET /pages/Socials.tsx
2026-08-07T16:38:22.623Z - GET /pages/NewsDetail.tsx
2026-08-07T16:38:22.624Z - GET /src/admin/Dashboard.tsx
2026-08-07T16:38:22.625Z - GET /src/admin/Schedule.tsx
2026-08-07T16:38:22.626Z - GET /src/admin/News.tsx
2026-08-07T16:38:22.627Z - GET /pages/PlayerProfile.tsx
2026-08-07T16:38:22.627Z - GET /src/admin/Gallery.tsx
2026-08-07T16:38:22.642Z - GET /src/admin/Subscribers.tsx
2026-08-07T16:38:22.659Z - GET /pages/JobDetail.tsx
2026-08-07T16:38:22.667Z - GET /components/NewsletterPopup.tsx
2026-08-07T16:38:22.669Z - GET /constants.tsx
2026-08-07T16:38:22.670Z - GET /src/admin/Creators.tsx
2026-08-07T16:38:22.671Z - GET /pages/Teams.tsx
2026-08-07T16:38:22.671Z - GET /src/admin/AdminLayout.tsx
2026-08-07T16:38:22.672Z - GET /components/GlobalSearch.tsx
2026-08-07T16:38:22.672Z - GET /src/admin/LoginPage.tsx
2026-08-07T16:38:22.673Z - GET /pages/About.tsx
2026-08-07T16:38:22.674Z - GET /pages/Careers.tsx
2026-08-07T16:38:22.674Z - GET /src/admin/Jobs.tsx
2026-08-07T16:38:22.675Z - GET /src/admin/Users.tsx
2026-08-07T16:38:22.720Z - GET /components/SEOMeta.tsx
2026-08-07T16:38:22.725Z - GET /src/utils/json.ts
2026-08-07T16:38:22.726Z - GET /src/components/ConfirmDeleteModal.tsx
2026-08-07T16:38:22.729Z - GET /components/ui/ArenaButton.tsx
2026-08-07T16:38:22.731Z - GET /components/Breadcrumbs.tsx
2026-08-07T16:38:22.734Z - GET /src/admin/components/Toast.tsx
2026-08-07T16:38:22.735Z - GET /src/admin/components/FormSection.tsx
2026-08-07T16:38:22.757Z - GET /src/components/ImageUploader.tsx
2026-08-07T16:38:22.758Z - GET /src/admin/components/FormRepeater.tsx
2026-08-07T16:38:22.778Z - GET /src/lib/firebase.ts
2026-08-07T16:38:22.860Z - GET /firebase-applet-config.json?import
2026-08-07T16:38:22.973Z - GET /assets/Gk%20Logo.png
2026-08-07T16:38:23.162Z - GET /api/health
2026-08-07T16:38:23.169Z - GET /api/stats
2026-08-07T16:38:23.245Z - GET /api/health
2026-08-07T16:38:24.221Z - GET /api/stats
2026-08-07T16:38:24.226Z - GET /api/activity
2026-08-07T16:38:25.516Z - GET /api/leadership
2026-08-07T16:38:26.049Z - GET /api/leadership
2026-08-07T16:38:26.064Z - GET /api/activity
2026-08-07T16:38:26.866Z - GET /api/teams
2026-08-07T16:38:27.097Z - GET /api/teams
2026-08-07T16:38:29.583Z - DELETE /api/teams/1
2026-08-07T16:38:29.978Z - GET /api/teams
2026-08-07T16:38:31.808Z - DELETE /api/teams/2
2026-08-07T16:38:32.191Z - GET /api/teams
2026-08-07T16:38:33.549Z - DELETE /api/teams/3
2026-08-07T16:38:34.176Z - GET /api/teams
2026-08-07T16:38:34.674Z - GET /api/creators
2026-08-07T16:38:35.167Z - GET /api/creators
2026-08-07T16:38:38.298Z - DELETE /api/creators/2
2026-08-07T16:38:38.696Z - GET /api/creators
2026-08-07T16:38:44.934Z - GET /api/game-titles
2026-08-07T16:38:44.939Z - GET /api/events
2026-08-07T16:38:45.039Z - GET /api/game_titles
2026-08-07T16:38:45.041Z - GET /api/game-titles
2026-08-07T16:38:45.184Z - GET /api/events
2026-08-07T16:38:45.305Z - GET /api/game_titles
2026-08-07T16:38:49.278Z - DELETE /api/events/3
2026-08-07T16:38:49.919Z - GET /api/events
2026-08-07T16:38:54.498Z - DELETE /api/events/4
2026-08-07T16:38:54.916Z - GET /api/events
2026-08-07T16:39:01.935Z - PUT /api/events/2
2026-08-07T16:39:02.219Z - GET /api/events
2026-08-07T16:39:03.692Z - GET /api/gallery
2026-08-07T16:39:03.949Z - GET /api/gallery
2026-08-07T16:39:04.745Z - GET /api/jobs
2026-08-07T16:39:04.981Z - GET /api/jobs
2026-08-07T16:39:06.133Z - GET /api/news_categories
2026-08-07T16:39:06.135Z - GET /api/news
2026-08-07T16:39:06.151Z - GET /api/news_tags
2026-08-07T16:39:06.158Z - GET /api/news_authors
2026-08-07T16:39:06.385Z - GET /api/news_categories
2026-08-07T16:39:06.399Z - GET /api/news_authors
2026-08-07T16:39:06.532Z - GET /api/news
2026-08-07T16:39:06.535Z - GET /api/news_tags
2026-08-07T16:39:18.701Z - GET /careers/xfgh
2026-08-07T16:39:18.820Z - GET /@vite/client
2026-08-07T16:39:18.831Z - GET /@react-refresh
2026-08-07T16:39:18.839Z - GET /index.tsx
2026-08-07T16:39:18.999Z - GET /App.tsx
2026-08-07T16:39:19.008Z - GET /node_modules/vite/dist/client/env.mjs
2026-08-07T16:39:19.105Z - GET /pages/Home.tsx
2026-08-07T16:39:19.115Z - GET /src/admin/Schedule.tsx
2026-08-07T16:39:19.116Z - GET /pages/Teams.tsx
2026-08-07T16:39:19.117Z - GET /src/admin/Dashboard.tsx
2026-08-07T16:39:19.127Z - GET /src/admin/Teams.tsx
2026-08-07T16:39:19.135Z - GET /pages/JobDetail.tsx
2026-08-07T16:39:19.137Z - GET /src/admin/Gallery.tsx
2026-08-07T16:39:19.137Z - GET /pages/Careers.tsx
2026-08-07T16:39:19.159Z - GET /pages/Schedule.tsx
2026-08-07T16:39:19.161Z - GET /src/admin/Leadership.tsx
2026-08-07T16:39:19.170Z - GET /pages/PlayerProfile.tsx
2026-08-07T16:39:19.171Z - GET /components/SocialFollowerIcon.tsx
2026-08-07T16:39:19.172Z - GET /src/admin/Jobs.tsx
2026-08-07T16:39:19.172Z - GET /src/admin/News.tsx
2026-08-07T16:39:19.173Z - GET /src/admin/AdminLayout.tsx
2026-08-07T16:39:19.174Z - GET /pages/About.tsx
2026-08-07T16:39:19.176Z - GET /pages/Information.tsx
2026-08-07T16:39:19.178Z - GET /pages/Socials.tsx
2026-08-07T16:39:19.184Z - GET /pages/News.tsx
2026-08-07T16:39:19.187Z - GET /components/GlobalSearch.tsx
2026-08-07T16:39:19.188Z - GET /src/admin/LoginPage.tsx
2026-08-07T16:39:19.189Z - GET /src/admin/Settings.tsx
2026-08-07T16:39:19.189Z - GET /components/NewsletterPopup.tsx
2026-08-07T16:39:19.191Z - GET /pages/NewsDetail.tsx
2026-08-07T16:39:19.218Z - GET /constants.tsx
2026-08-07T16:39:19.221Z - GET /src/admin/Creators.tsx
2026-08-07T16:39:19.222Z - GET /pages/EventDetail.tsx
2026-08-07T16:39:19.223Z - GET /src/admin/Users.tsx
2026-08-07T16:39:19.223Z - GET /src/admin/Subscribers.tsx
2026-08-07T16:39:19.249Z - GET /components/Breadcrumbs.tsx
2026-08-07T16:39:19.254Z - GET /src/components/ImageUploader.tsx
2026-08-07T16:39:19.261Z - GET /components/SEOMeta.tsx
2026-08-07T16:39:19.267Z - GET /src/components/ConfirmDeleteModal.tsx
2026-08-07T16:39:19.278Z - GET /src/utils/json.ts
2026-08-07T16:39:19.283Z - GET /components/ui/ArenaButton.tsx
2026-08-07T16:39:19.289Z - GET /src/admin/components/Toast.tsx
2026-08-07T16:39:19.295Z - GET /src/admin/components/FormSection.tsx
2026-08-07T16:39:19.303Z - GET /src/admin/components/FormRepeater.tsx
2026-08-07T16:39:19.304Z - GET /src/lib/firebase.ts
2026-08-07T16:39:19.386Z - GET /firebase-applet-config.json?import
2026-08-07T16:39:19.553Z - GET /assets/frame.png
2026-08-07T16:39:19.558Z - GET /assets/mat.png
2026-08-07T16:39:19.563Z - GET /api/events
2026-08-07T16:39:19.572Z - GET /assets/mouse.png
2026-08-07T16:39:19.575Z - GET /assets/Gk%20Logo.png
2026-08-07T16:39:19.580Z - GET /api/teams
2026-08-07T16:39:19.589Z - GET /api/stats
2026-08-07T16:39:19.594Z - GET /assets/bag.png
2026-08-07T16:39:19.601Z - GET /api/news
2026-08-07T16:39:19.609Z - GET /assets/jearsy.png
2026-08-07T16:39:19.836Z - GET /api/teams
2026-08-07T16:39:19.838Z - GET /api/events
2026-08-07T16:39:19.858Z - GET /api/news
2026-08-07T16:39:20.871Z - GET /api/stats
2026-08-07T16:39:33.373Z - PUT /api/news/8
2026-08-07T16:39:33.629Z - GET /api/news_authors
2026-08-07T16:39:33.634Z - GET /api/news
2026-08-07T16:39:33.639Z - GET /api/news_categories
2026-08-07T16:39:33.644Z - GET /api/news_tags
2026-08-07T16:39:42.783Z - GET /api/game-titles
2026-08-07T16:39:42.788Z - GET /api/events
2026-08-07T16:39:42.877Z - GET /api/game-titles
2026-08-07T16:39:42.882Z - GET /api/game_titles
2026-08-07T16:39:43.051Z - GET /api/events
2026-08-07T16:39:43.145Z - GET /api/game_titles
2026-08-07T16:39:48.119Z - GET /api/stats
2026-08-07T16:39:48.124Z - GET /api/events
2026-08-07T16:39:48.126Z - GET /api/news
2026-08-07T16:39:48.257Z - GET /api/teams
2026-08-07T16:39:48.275Z - GET /assets/jearsy.png
2026-08-07T16:39:48.487Z - GET /api/news
2026-08-07T16:39:48.495Z - GET /api/events
2026-08-07T16:39:48.752Z - GET /api/teams
2026-08-07T16:39:49.145Z - GET /api/stats
2026-08-07T16:40:07.418Z - GET /api/game-titles
2026-08-07T16:40:07.421Z - GET /api/events
2026-08-07T16:40:07.509Z - GET /api/game_titles
2026-08-07T16:40:07.517Z - GET /api/game-titles
2026-08-07T16:40:07.668Z - GET /api/events
2026-08-07T16:40:07.753Z - GET /api/game_titles
2026-08-07T16:40:13.677Z - POST /api/events
2026-08-07T16:40:14.205Z - GET /api/events
2026-08-07T16:40:23.901Z - PUT /api/events/2
2026-08-07T16:40:24.158Z - GET /api/events
2026-08-07T16:40:33.949Z - PUT /api/events/1
2026-08-07T16:40:34.501Z - GET /api/events
2026-08-07T16:40:57.973Z - PUT /api/events/1
2026-08-07T16:41:38.382Z - GET /
2026-08-07T16:41:43.191Z - GET /
2026-08-07T16:41:43.761Z - GET /@vite/client
2026-08-07T16:41:43.765Z - GET /index.tsx
2026-08-07T16:41:43.766Z - GET /@react-refresh
2026-08-07T16:41:43.980Z - GET /App.tsx
2026-08-07T16:41:43.981Z - GET /node_modules/vite/dist/client/env.mjs
2026-08-07T16:41:45.420Z - GET /pages/Home.tsx
2026-08-07T16:41:45.443Z - GET /pages/About.tsx
2026-08-07T16:41:45.446Z - GET /pages/Schedule.tsx
2026-08-07T16:41:45.514Z - GET /pages/Socials.tsx
2026-08-07T16:41:45.574Z - GET /pages/News.tsx
2026-08-07T16:41:45.624Z - GET /src/admin/News.tsx
2026-08-07T16:41:45.634Z - GET /pages/NewsDetail.tsx
2026-08-07T16:41:45.640Z - GET /pages/Careers.tsx
2026-08-07T16:41:45.671Z - GET /src/admin/Leadership.tsx
2026-08-07T16:41:45.678Z - GET /pages/Information.tsx
2026-08-07T16:41:45.684Z - GET /src/admin/LoginPage.tsx
2026-08-07T16:41:45.686Z - GET /src/admin/Jobs.tsx
2026-08-07T16:41:45.692Z - GET /src/admin/Users.tsx
2026-08-07T16:41:45.694Z - GET /src/admin/Schedule.tsx
2026-08-07T16:41:45.698Z - GET /src/admin/AdminLayout.tsx
2026-08-07T16:41:45.702Z - GET /src/admin/Subscribers.tsx
2026-08-07T16:41:45.707Z - GET /pages/JobDetail.tsx
2026-08-07T16:41:45.713Z - GET /src/admin/Creators.tsx
2026-08-07T16:41:45.718Z - GET /src/admin/Teams.tsx
2026-08-07T16:41:45.719Z - GET /src/admin/Settings.tsx
2026-08-07T16:41:45.725Z - GET /src/admin/Gallery.tsx
2026-08-07T16:41:45.729Z - GET /src/admin/Dashboard.tsx
2026-08-07T16:41:45.736Z - GET /components/SocialFollowerIcon.tsx
2026-08-07T16:41:45.743Z - GET /constants.tsx
2026-08-07T16:41:45.746Z - GET /components/NewsletterPopup.tsx
2026-08-07T16:41:45.750Z - GET /pages/PlayerProfile.tsx
2026-08-07T16:41:45.755Z - GET /pages/Teams.tsx
2026-08-07T16:41:45.757Z - GET /components/GlobalSearch.tsx
2026-08-07T16:41:45.763Z - GET /pages/EventDetail.tsx
2026-08-07T16:41:45.769Z - GET /components/SEOMeta.tsx
2026-08-07T16:41:45.775Z - GET /components/ui/ArenaButton.tsx
2026-08-07T16:41:45.779Z - GET /components/Breadcrumbs.tsx
2026-08-07T16:41:45.786Z - GET /src/utils/json.ts
2026-08-07T16:41:45.793Z - GET /src/components/ConfirmDeleteModal.tsx
2026-08-07T16:41:45.799Z - GET /src/admin/components/Toast.tsx
2026-08-07T16:41:45.810Z - GET /src/components/ImageUploader.tsx
2026-08-07T16:41:45.813Z - GET /src/lib/firebase.ts
2026-08-07T16:41:45.815Z - GET /src/admin/components/FormSection.tsx
2026-08-07T16:41:45.818Z - GET /src/admin/components/FormRepeater.tsx
2026-08-07T16:41:45.895Z - GET /firebase-applet-config.json?import
2026-08-07T16:41:45.996Z - GET /assets/Gk%20Logo.png
2026-08-07T16:41:46.015Z - GET /assets/bag.png
2026-08-07T16:41:46.017Z - GET /assets/mouse.png
2026-08-07T16:41:46.018Z - GET /assets/frame.png
2026-08-07T16:41:46.018Z - GET /assets/mat.png
2026-08-07T16:41:46.036Z - GET /assets/jearsy.png
2026-08-07T16:41:46.183Z - GET /api/news
2026-08-07T16:41:46.205Z - GET /api/events
2026-08-07T16:41:46.219Z - GET /api/stats
2026-08-07T16:41:46.226Z - GET /api/teams
2026-08-07T16:41:46.524Z - GET /api/news
2026-08-07T16:41:46.536Z - GET /api/events
2026-08-07T16:41:46.729Z - GET /api/teams
2026-08-07T16:41:47.537Z - GET /api/stats
2026-08-07T16:42:07.878Z - GET /
2026-08-07T16:42:07.981Z - GET /@vite/client
2026-08-07T16:42:07.987Z - GET /index.tsx
2026-08-07T16:42:07.994Z - GET /@react-refresh
2026-08-07T16:42:08.136Z - GET /App.tsx
2026-08-07T16:42:08.139Z - GET /node_modules/vite/dist/client/env.mjs
2026-08-07T16:42:08.229Z - GET /pages/Home.tsx
2026-08-07T16:42:08.250Z - GET /pages/Careers.tsx
2026-08-07T16:42:08.256Z - GET /pages/Teams.tsx
2026-08-07T16:42:08.261Z - GET /pages/Schedule.tsx
2026-08-07T16:42:08.271Z - GET /pages/NewsDetail.tsx
2026-08-07T16:42:08.278Z - GET /pages/About.tsx
2026-08-07T16:42:08.289Z - GET /pages/PlayerProfile.tsx
2026-08-07T16:42:08.293Z - GET /src/admin/News.tsx
2026-08-07T16:42:08.297Z - GET /src/admin/Dashboard.tsx
2026-08-07T16:42:08.301Z - GET /pages/News.tsx
2026-08-07T16:42:08.308Z - GET /pages/Socials.tsx
2026-08-07T16:42:08.312Z - GET /src/admin/Settings.tsx
2026-08-07T16:42:08.313Z - GET /src/admin/LoginPage.tsx
2026-08-07T16:42:08.314Z - GET /src/admin/Subscribers.tsx
2026-08-07T16:42:08.315Z - GET /constants.tsx
2026-08-07T16:42:08.315Z - GET /src/admin/Creators.tsx
2026-08-07T16:42:08.317Z - GET /pages/Information.tsx
2026-08-07T16:42:08.318Z - GET /pages/EventDetail.tsx
2026-08-07T16:42:08.318Z - GET /src/admin/Schedule.tsx
2026-08-07T16:42:08.319Z - GET /src/admin/Leadership.tsx
2026-08-07T16:42:08.320Z - GET /components/SocialFollowerIcon.tsx
2026-08-07T16:42:08.321Z - GET /src/admin/Jobs.tsx
2026-08-07T16:42:08.322Z - GET /components/NewsletterPopup.tsx
2026-08-07T16:42:08.323Z - GET /src/admin/Gallery.tsx
2026-08-07T16:42:08.324Z - GET /src/admin/AdminLayout.tsx
2026-08-07T16:42:08.325Z - GET /pages/JobDetail.tsx
2026-08-07T16:42:08.325Z - GET /src/admin/Users.tsx
2026-08-07T16:42:08.326Z - GET /components/GlobalSearch.tsx
2026-08-07T16:42:08.327Z - GET /src/admin/Teams.tsx
2026-08-07T16:42:08.374Z - GET /components/SEOMeta.tsx
2026-08-07T16:42:08.374Z - GET /components/ui/ArenaButton.tsx
2026-08-07T16:42:08.392Z - GET /components/Breadcrumbs.tsx
2026-08-07T16:42:08.393Z - GET /src/utils/json.ts
2026-08-07T16:42:08.394Z - GET /src/components/ImageUploader.tsx
2026-08-07T16:42:08.394Z - GET /src/components/ConfirmDeleteModal.tsx
2026-08-07T16:42:08.395Z - GET /src/admin/components/Toast.tsx
2026-08-07T16:42:08.492Z - GET /src/admin/components/FormRepeater.tsx
2026-08-07T16:42:08.494Z - GET /src/admin/components/FormSection.tsx
2026-08-07T16:42:08.494Z - GET /src/lib/firebase.ts
2026-08-07T16:42:08.582Z - GET /firebase-applet-config.json?import
2026-08-07T16:42:08.681Z - GET /assets/Gk%20Logo.png
2026-08-07T16:42:08.821Z - GET /api/health
2026-08-07T16:42:08.829Z - GET /api/stats
2026-08-07T16:42:08.901Z - GET /api/health
2026-08-07T16:42:10.751Z - GET /api/activity
2026-08-07T16:42:10.757Z - GET /api/stats
2026-08-07T16:42:12.035Z - GET /api/activity
2026-08-07T16:42:17.667Z - GET /api/events
2026-08-07T16:42:17.672Z - GET /api/game-titles
2026-08-07T16:42:17.755Z - GET /api/game-titles
2026-08-07T16:42:17.759Z - GET /api/game_titles
2026-08-07T16:42:17.911Z - GET /api/events
2026-08-07T16:42:17.999Z - GET /api/game_titles
2026-08-07T16:42:25.693Z - PUT /api/events/2
2026-08-07T16:42:25.971Z - GET /api/events
2026-08-07T16:42:29.369Z - GET /test
2026-08-07T16:42:32.695Z - PUT /api/events/1
2026-08-07T16:42:32.961Z - GET /api/events
2026-08-07T16:42:41.747Z - DELETE /api/events/5
2026-08-07T16:42:42.152Z - GET /api/events
2026-08-07T16:42:48.511Z - POST /api/events
2026-08-07T16:42:48.776Z - GET /api/events
2026-08-07T16:42:53.421Z - PUT /api/events/6
2026-08-07T16:42:53.677Z - GET /api/events
2026-08-07T16:42:57.690Z - PUT /api/events/6
2026-08-07T16:42:57.913Z - GET /api/events
2026-08-07T16:43:03.260Z - PUT /api/events/2
2026-08-07T16:43:03.551Z - GET /api/events
2026-08-07T16:43:09.191Z - DELETE /api/events/2
2026-08-07T16:43:09.630Z - GET /api/events
2026-08-07T16:43:13.383Z - GET /careers/xfgh
2026-08-07T16:43:13.476Z - GET /@vite/client
2026-08-07T16:43:13.485Z - GET /@react-refresh
2026-08-07T16:43:13.490Z - GET /index.tsx
2026-08-07T16:43:13.650Z - GET /App.tsx
2026-08-07T16:43:13.677Z - GET /node_modules/vite/dist/client/env.mjs
2026-08-07T16:43:13.738Z - GET /pages/Schedule.tsx
2026-08-07T16:43:13.742Z - GET /pages/Home.tsx
2026-08-07T16:43:13.749Z - GET /pages/Teams.tsx
2026-08-07T16:43:13.754Z - GET /pages/About.tsx
2026-08-07T16:43:13.755Z - GET /pages/Careers.tsx
2026-08-07T16:43:13.757Z - GET /pages/JobDetail.tsx
2026-08-07T16:43:13.760Z - GET /src/admin/Teams.tsx
2026-08-07T16:43:13.765Z - GET /src/admin/Schedule.tsx
2026-08-07T16:43:13.766Z - GET /src/admin/Dashboard.tsx
2026-08-07T16:43:13.767Z - GET /src/admin/Gallery.tsx
2026-08-07T16:43:13.782Z - GET /pages/EventDetail.tsx
2026-08-07T16:43:13.783Z - GET /src/admin/News.tsx
2026-08-07T16:43:13.784Z - GET /components/GlobalSearch.tsx
2026-08-07T16:43:13.785Z - GET /pages/Socials.tsx
2026-08-07T16:43:13.786Z - GET /src/admin/Users.tsx
2026-08-07T16:43:13.787Z - GET /src/admin/Jobs.tsx
2026-08-07T16:43:13.788Z - GET /components/SocialFollowerIcon.tsx
2026-08-07T16:43:13.788Z - GET /pages/News.tsx
2026-08-07T16:43:13.789Z - GET /src/admin/Settings.tsx
2026-08-07T16:43:13.790Z - GET /src/admin/LoginPage.tsx
2026-08-07T16:43:13.791Z - GET /src/admin/AdminLayout.tsx
2026-08-07T16:43:13.791Z - GET /pages/Information.tsx
2026-08-07T16:43:13.792Z - GET /pages/PlayerProfile.tsx
2026-08-07T16:43:13.793Z - GET /src/admin/Creators.tsx
2026-08-07T16:43:13.794Z - GET /constants.tsx
2026-08-07T16:43:13.798Z - GET /components/NewsletterPopup.tsx
2026-08-07T16:43:13.799Z - GET /pages/NewsDetail.tsx
2026-08-07T16:43:13.799Z - GET /src/admin/Subscribers.tsx
2026-08-07T16:43:13.800Z - GET /src/admin/Leadership.tsx
2026-08-07T16:43:13.833Z - GET /components/ui/ArenaButton.tsx
2026-08-07T16:43:13.835Z - GET /components/Breadcrumbs.tsx
2026-08-07T16:43:13.835Z - GET /src/utils/json.ts
2026-08-07T16:43:13.836Z - GET /components/SEOMeta.tsx
2026-08-07T16:43:13.851Z - GET /src/components/ImageUploader.tsx
2026-08-07T16:43:13.853Z - GET /src/admin/components/FormSection.tsx
2026-08-07T16:43:13.854Z - GET /src/admin/components/FormRepeater.tsx
2026-08-07T16:43:13.871Z - GET /src/admin/components/Toast.tsx
2026-08-07T16:43:13.898Z - GET /src/components/ConfirmDeleteModal.tsx
2026-08-07T16:43:13.905Z - GET /src/lib/firebase.ts
2026-08-07T16:43:13.992Z - GET /firebase-applet-config.json?import
2026-08-07T16:43:14.105Z - GET /assets/Gk%20Logo.png
2026-08-07T16:43:14.116Z - GET /assets/bag.png
2026-08-07T16:43:14.117Z - GET /assets/mat.png
2026-08-07T16:43:14.118Z - GET /assets/frame.png
2026-08-07T16:43:14.119Z - GET /assets/mouse.png
2026-08-07T16:43:14.120Z - GET /assets/jearsy.png
2026-08-07T16:43:14.154Z - GET /api/news
2026-08-07T16:43:14.163Z - GET /api/events
2026-08-07T16:43:14.167Z - GET /api/stats
2026-08-07T16:43:14.171Z - GET /api/teams
2026-08-07T16:43:14.501Z - GET /api/events
2026-08-07T16:43:14.502Z - GET /api/news
2026-08-07T16:43:14.574Z - GET /api/teams
2026-08-07T16:43:15.485Z - GET /api/stats
2026-08-07T16:43:16.524Z - GET /careers/test
2026-08-07T16:43:39.158Z - GET /api/teams
2026-08-07T16:43:39.405Z - GET /api/teams
2026-08-07T16:45:48.871Z - GET /
2026-08-07T16:45:53.005Z - GET /
2026-08-07T16:45:53.585Z - GET /@vite/client
2026-08-07T16:45:53.588Z - GET /index.tsx
2026-08-07T16:45:53.589Z - GET /@react-refresh
2026-08-07T16:45:53.793Z - GET /App.tsx
2026-08-07T16:45:53.794Z - GET /node_modules/vite/dist/client/env.mjs
2026-08-07T16:45:55.104Z - GET /pages/Home.tsx
2026-08-07T16:45:55.105Z - GET /pages/Schedule.tsx
2026-08-07T16:45:55.106Z - GET /pages/Teams.tsx
2026-08-07T16:45:55.107Z - GET /pages/Information.tsx
2026-08-07T16:45:55.145Z - GET /src/admin/AdminLayout.tsx
2026-08-07T16:45:55.147Z - GET /pages/JobDetail.tsx
2026-08-07T16:45:55.148Z - GET /pages/EventDetail.tsx
2026-08-07T16:45:55.151Z - GET /pages/About.tsx
2026-08-07T16:45:55.152Z - GET /pages/NewsDetail.tsx
2026-08-07T16:45:55.153Z - GET /src/admin/Users.tsx
2026-08-07T16:45:55.153Z - GET /src/admin/Subscribers.tsx
2026-08-07T16:45:55.217Z - GET /src/admin/LoginPage.tsx
2026-08-07T16:45:55.244Z - GET /src/admin/Schedule.tsx
2026-08-07T16:45:55.287Z - GET /components/SocialFollowerIcon.tsx
2026-08-07T16:45:55.341Z - GET /src/admin/Creators.tsx
2026-08-07T16:45:55.384Z - GET /src/admin/Dashboard.tsx
2026-08-07T16:45:55.412Z - GET /pages/Careers.tsx
2026-08-07T16:45:55.414Z - GET /pages/PlayerProfile.tsx
2026-08-07T16:45:55.415Z - GET /src/admin/Settings.tsx
2026-08-07T16:45:55.416Z - GET /components/GlobalSearch.tsx
2026-08-07T16:45:55.417Z - GET /src/admin/Leadership.tsx
2026-08-07T16:45:55.417Z - GET /src/admin/Gallery.tsx
2026-08-07T16:45:55.418Z - GET /src/admin/Teams.tsx
2026-08-07T16:45:55.419Z - GET /pages/Socials.tsx
2026-08-07T16:45:55.420Z - GET /constants.tsx
2026-08-07T16:45:55.446Z - GET /src/admin/Jobs.tsx
2026-08-07T16:45:55.449Z - GET /pages/News.tsx
2026-08-07T16:45:55.451Z - GET /src/admin/News.tsx
2026-08-07T16:45:55.451Z - GET /components/NewsletterPopup.tsx
2026-08-07T16:45:55.452Z - GET /src/utils/json.ts
2026-08-07T16:45:55.453Z - GET /components/SEOMeta.tsx
2026-08-07T16:45:55.454Z - GET /components/Breadcrumbs.tsx
2026-08-07T16:45:55.454Z - GET /components/ui/ArenaButton.tsx
2026-08-07T16:45:55.455Z - GET /src/lib/firebase.ts
2026-08-07T16:45:55.456Z - GET /src/admin/components/FormRepeater.tsx
2026-08-07T16:45:55.456Z - GET /src/components/ConfirmDeleteModal.tsx
2026-08-07T16:45:55.457Z - GET /src/admin/components/FormSection.tsx
2026-08-07T16:45:55.458Z - GET /src/components/ImageUploader.tsx
2026-08-07T16:45:55.488Z - GET /src/admin/components/Toast.tsx
2026-08-07T16:45:55.558Z - GET /firebase-applet-config.json?import
2026-08-07T16:45:55.657Z - GET /assets/Gk%20Logo.png
2026-08-07T16:45:55.672Z - GET /assets/frame.png
2026-08-07T16:45:55.673Z - GET /assets/bag.png
2026-08-07T16:45:55.674Z - GET /assets/mat.png
2026-08-07T16:45:55.674Z - GET /assets/mouse.png
2026-08-07T16:45:55.686Z - GET /assets/jearsy.png
2026-08-07T16:45:55.978Z - GET /api/events
2026-08-07T16:45:55.997Z - GET /api/news
2026-08-07T16:45:56.000Z - GET /api/teams
2026-08-07T16:45:56.005Z - GET /api/stats
2026-08-07T16:45:56.556Z - GET /api/news
2026-08-07T16:45:56.566Z - GET /api/events
2026-08-07T16:45:56.569Z - GET /api/teams
2026-08-07T16:45:57.399Z - GET /api/stats
2026-08-07T16:45:58.476Z - GET /test
2026-08-07T16:46:33.634Z - GET /
2026-08-07T16:46:33.745Z - GET /@vite/client
2026-08-07T16:46:33.749Z - GET /index.tsx
2026-08-07T16:46:33.756Z - GET /@react-refresh
2026-08-07T16:46:33.911Z - GET /node_modules/vite/dist/client/env.mjs
2026-08-07T16:46:33.918Z - GET /App.tsx
2026-08-07T16:46:34.029Z - GET /pages/About.tsx
2026-08-07T16:46:34.033Z - GET /pages/Teams.tsx
2026-08-07T16:46:34.042Z - GET /pages/Home.tsx
2026-08-07T16:46:34.055Z - GET /constants.tsx
2026-08-07T16:46:34.057Z - GET /components/NewsletterPopup.tsx
2026-08-07T16:46:34.058Z - GET /pages/Schedule.tsx
2026-08-07T16:46:34.061Z - GET /src/admin/Settings.tsx
2026-08-07T16:46:34.062Z - GET /pages/Careers.tsx
2026-08-07T16:46:34.083Z - GET /pages/JobDetail.tsx
2026-08-07T16:46:34.084Z - GET /src/admin/Leadership.tsx
2026-08-07T16:46:34.086Z - GET /src/admin/Jobs.tsx
2026-08-07T16:46:34.099Z - GET /pages/Socials.tsx
2026-08-07T16:46:34.100Z - GET /components/GlobalSearch.tsx
2026-08-07T16:46:34.101Z - GET /src/admin/Dashboard.tsx
2026-08-07T16:46:34.107Z - GET /src/admin/Teams.tsx
2026-08-07T16:46:34.109Z - GET /pages/NewsDetail.tsx
2026-08-07T16:46:34.110Z - GET /src/admin/Users.tsx
2026-08-07T16:46:34.111Z - GET /src/admin/Subscribers.tsx
2026-08-07T16:46:34.112Z - GET /src/admin/News.tsx
2026-08-07T16:46:34.113Z - GET /src/admin/Schedule.tsx
2026-08-07T16:46:34.114Z - GET /components/SocialFollowerIcon.tsx
2026-08-07T16:46:34.116Z - GET /src/admin/LoginPage.tsx
2026-08-07T16:46:34.119Z - GET /pages/Information.tsx
2026-08-07T16:46:34.144Z - GET /pages/EventDetail.tsx
2026-08-07T16:46:34.145Z - GET /pages/PlayerProfile.tsx
2026-08-07T16:46:34.146Z - GET /pages/News.tsx
2026-08-07T16:46:34.150Z - GET /src/admin/AdminLayout.tsx
2026-08-07T16:46:34.152Z - GET /src/admin/Creators.tsx
2026-08-07T16:46:34.153Z - GET /src/admin/Gallery.tsx
2026-08-07T16:46:34.177Z - GET /components/ui/ArenaButton.tsx
2026-08-07T16:46:34.178Z - GET /src/lib/firebase.ts
2026-08-07T16:46:34.181Z - GET /src/utils/json.ts
2026-08-07T16:46:34.182Z - GET /components/SEOMeta.tsx
2026-08-07T16:46:34.191Z - GET /components/Breadcrumbs.tsx
2026-08-07T16:46:34.220Z - GET /src/components/ConfirmDeleteModal.tsx
2026-08-07T16:46:34.222Z - GET /src/components/ImageUploader.tsx
2026-08-07T16:46:34.231Z - GET /src/admin/components/FormRepeater.tsx
2026-08-07T16:46:34.232Z - GET /src/admin/components/Toast.tsx
2026-08-07T16:46:34.233Z - GET /src/admin/components/FormSection.tsx
2026-08-07T16:46:34.260Z - GET /firebase-applet-config.json?import
2026-08-07T16:46:34.354Z - GET /assets/Gk%20Logo.png
2026-08-07T16:46:34.659Z - GET /api/stats
2026-08-07T16:46:34.667Z - GET /api/health
2026-08-07T16:46:34.748Z - GET /api/health
2026-08-07T16:46:35.815Z - GET /api/stats
2026-08-07T16:46:35.817Z - GET /api/activity
2026-08-07T16:46:36.894Z - GET /api/activity
2026-08-07T16:46:38.303Z - GET /api/events
2026-08-07T16:46:38.304Z - GET /api/game-titles
2026-08-07T16:46:38.495Z - GET /api/game-titles
2026-08-07T16:46:38.503Z - GET /api/game_titles
2026-08-07T16:46:38.528Z - GET /api/events
2026-08-07T16:46:38.744Z - GET /api/game_titles
2026-08-07T16:46:56.938Z - POST /api/events
2026-08-07T16:46:57.201Z - GET /api/events
2026-08-07T16:47:05.637Z - GET /test
2026-08-07T16:47:10.382Z - GET /test
2026-08-07T16:47:17.712Z - PUT /api/events/1
2026-08-07T16:47:17.999Z - GET /api/events
2026-08-07T16:47:18.689Z - GET /test
2026-08-07T16:47:21.852Z - DELETE /api/events/1
2026-08-07T16:47:22.283Z - GET /api/events
2026-08-07T16:47:24.646Z - GET /careers/xfgh
2026-08-07T16:47:24.749Z - GET /@vite/client
2026-08-07T16:47:24.756Z - GET /index.tsx
2026-08-07T16:47:24.761Z - GET /@react-refresh
2026-08-07T16:47:24.904Z - GET /App.tsx
2026-08-07T16:47:24.913Z - GET /node_modules/vite/dist/client/env.mjs
2026-08-07T16:47:24.987Z - GET /pages/Home.tsx
2026-08-07T16:47:25.003Z - GET /src/admin/Dashboard.tsx
2026-08-07T16:47:25.006Z - GET /pages/JobDetail.tsx
2026-08-07T16:47:25.018Z - GET /pages/Information.tsx
2026-08-07T16:47:25.023Z - GET /src/admin/AdminLayout.tsx
2026-08-07T16:47:25.024Z - GET /pages/NewsDetail.tsx
2026-08-07T16:47:25.028Z - GET /pages/Schedule.tsx
2026-08-07T16:47:25.029Z - GET /src/admin/Creators.tsx
2026-08-07T16:47:25.030Z - GET /src/admin/Gallery.tsx
2026-08-07T16:47:25.031Z - GET /pages/Socials.tsx
2026-08-07T16:47:25.031Z - GET /src/admin/News.tsx
2026-08-07T16:47:25.032Z - GET /src/admin/Settings.tsx
2026-08-07T16:47:25.033Z - GET /src/admin/Jobs.tsx
2026-08-07T16:47:25.034Z - GET /components/GlobalSearch.tsx
2026-08-07T16:47:25.035Z - GET /src/admin/Users.tsx
2026-08-07T16:47:25.036Z - GET /src/admin/LoginPage.tsx
2026-08-07T16:47:25.037Z - GET /pages/EventDetail.tsx
2026-08-07T16:47:25.038Z - GET /pages/About.tsx
2026-08-07T16:47:25.039Z - GET /pages/Careers.tsx
2026-08-07T16:47:25.040Z - GET /src/admin/Schedule.tsx
2026-08-07T16:47:25.040Z - GET /pages/Teams.tsx
2026-08-07T16:47:25.041Z - GET /src/admin/Subscribers.tsx
2026-08-07T16:47:25.042Z - GET /constants.tsx
2026-08-07T16:47:25.043Z - GET /src/admin/Leadership.tsx
2026-08-07T16:47:25.044Z - GET /pages/PlayerProfile.tsx
2026-08-07T16:47:25.057Z - GET /pages/News.tsx
2026-08-07T16:47:25.058Z - GET /components/NewsletterPopup.tsx
2026-08-07T16:47:25.059Z - GET /components/SocialFollowerIcon.tsx
2026-08-07T16:47:25.088Z - GET /src/admin/Teams.tsx
2026-08-07T16:47:25.116Z - GET /components/ui/ArenaButton.tsx
2026-08-07T16:47:25.117Z - GET /components/Breadcrumbs.tsx
2026-08-07T16:47:25.118Z - GET /src/utils/json.ts
2026-08-07T16:47:25.119Z - GET /components/SEOMeta.tsx
2026-08-07T16:47:25.130Z - GET /src/lib/firebase.ts
2026-08-07T16:47:25.161Z - GET /src/components/ConfirmDeleteModal.tsx
2026-08-07T16:47:25.168Z - GET /src/components/ImageUploader.tsx
2026-08-07T16:47:25.170Z - GET /src/admin/components/FormRepeater.tsx
2026-08-07T16:47:25.177Z - GET /src/admin/components/FormSection.tsx
2026-08-07T16:47:25.179Z - GET /src/admin/components/Toast.tsx
2026-08-07T16:47:25.210Z - GET /firebase-applet-config.json?import
2026-08-07T16:47:25.326Z - GET /assets/jearsy.png
2026-08-07T16:47:25.333Z - GET /assets/Gk%20Logo.png
2026-08-07T16:47:25.337Z - GET /assets/mat.png
2026-08-07T16:47:25.344Z - GET /assets/mouse.png
2026-08-07T16:47:25.350Z - GET /assets/bag.png
2026-08-07T16:47:25.354Z - GET /assets/frame.png
2026-08-07T16:47:25.369Z - GET /api/news
2026-08-07T16:47:25.371Z - GET /api/events
2026-08-07T16:47:25.372Z - GET /api/teams
2026-08-07T16:47:25.373Z - GET /api/stats
2026-08-07T16:47:25.595Z - GET /api/events
2026-08-07T16:47:25.617Z - GET /api/news
2026-08-07T16:47:25.625Z - GET /api/teams
2026-08-07T16:47:26.691Z - GET /api/stats
2026-08-07T16:47:49.811Z - GET /api/events
2026-08-07T16:47:49.816Z - GET /api/game-titles
2026-08-07T16:47:49.899Z - GET /api/game-titles
2026-08-07T16:47:49.907Z - GET /api/game_titles
2026-08-07T16:47:50.069Z - GET /api/events
2026-08-07T16:47:50.412Z - GET /api/game_titles
2026-08-07T16:47:52.746Z - GET /api/events
2026-08-07T16:47:52.755Z - GET /api/events
2026-08-07T16:47:56.711Z - GET /api/game-titles
2026-08-07T16:47:56.717Z - GET /api/events
2026-08-07T16:47:56.792Z - GET /api/game-titles
2026-08-07T16:47:56.796Z - GET /api/game_titles
2026-08-07T16:47:56.958Z - GET /api/events
2026-08-07T16:47:57.041Z - GET /api/game_titles
2026-08-07T16:48:00.470Z - GET /assets/jearsy.png
2026-08-07T16:48:00.474Z - GET /api/teams
2026-08-07T16:48:00.479Z - GET /api/events
2026-08-07T16:48:00.486Z - GET /api/news
2026-08-07T16:48:00.488Z - GET /api/stats
2026-08-07T16:48:00.490Z - GET /assets/mat.png
2026-08-07T16:48:00.491Z - GET /assets/frame.png
2026-08-07T16:48:00.492Z - GET /assets/mouse.png
2026-08-07T16:48:00.510Z - GET /assets/bag.png
2026-08-07T16:48:00.711Z - GET /api/teams
2026-08-07T16:48:00.757Z - GET /api/news
2026-08-07T16:48:00.953Z - GET /api/events
2026-08-07T16:48:01.519Z - GET /api/stats
2026-08-07T16:56:05.901Z - GET /
2026-08-07T16:56:11.213Z - GET /
2026-08-07T16:56:11.782Z - GET /@vite/client
2026-08-07T16:56:11.785Z - GET /index.tsx
2026-08-07T16:56:11.785Z - GET /@react-refresh
2026-08-07T16:56:11.999Z - GET /App.tsx
2026-08-07T16:56:12.006Z - GET /node_modules/vite/dist/client/env.mjs
2026-08-07T16:56:13.250Z - GET /pages/Home.tsx
2026-08-07T16:56:13.264Z - GET /pages/Schedule.tsx
2026-08-07T16:56:13.318Z - GET /pages/PlayerProfile.tsx
2026-08-07T16:56:13.381Z - GET /pages/News.tsx
2026-08-07T16:56:13.449Z - GET /pages/NewsDetail.tsx
2026-08-07T16:56:13.469Z - GET /pages/Socials.tsx
2026-08-07T16:56:13.470Z - GET /src/admin/Dashboard.tsx
2026-08-07T16:56:13.471Z - GET /src/admin/Subscribers.tsx
2026-08-07T16:56:13.472Z - GET /src/admin/News.tsx
2026-08-07T16:56:13.472Z - GET /src/admin/Settings.tsx
2026-08-07T16:56:13.473Z - GET /src/admin/Creators.tsx
2026-08-07T16:56:13.474Z - GET /src/admin/Jobs.tsx
2026-08-07T16:56:13.475Z - GET /src/admin/Leadership.tsx
2026-08-07T16:56:13.487Z - GET /src/admin/Gallery.tsx
2026-08-07T16:56:13.491Z - GET /src/admin/AdminLayout.tsx
2026-08-07T16:56:13.492Z - GET /src/admin/Teams.tsx
2026-08-07T16:56:13.493Z - GET /src/admin/Schedule.tsx
2026-08-07T16:56:13.494Z - GET /src/admin/LoginPage.tsx
2026-08-07T16:56:13.495Z - GET /constants.tsx
2026-08-07T16:56:13.510Z - GET /components/GlobalSearch.tsx
2026-08-07T16:56:13.555Z - GET /pages/Careers.tsx
2026-08-07T16:56:13.588Z - GET /pages/Information.tsx
2026-08-07T16:56:13.596Z - GET /components/NewsletterPopup.tsx
2026-08-07T16:56:13.601Z - GET /pages/JobDetail.tsx
2026-08-07T16:56:13.605Z - GET /pages/Teams.tsx
2026-08-07T16:56:13.614Z - GET /components/SocialFollowerIcon.tsx
2026-08-07T16:56:13.615Z - GET /pages/About.tsx
2026-08-07T16:56:13.616Z - GET /src/admin/Users.tsx
2026-08-07T16:56:13.617Z - GET /pages/EventDetail.tsx
2026-08-07T16:56:13.623Z - GET /components/Breadcrumbs.tsx
2026-08-07T16:56:13.624Z - GET /components/SEOMeta.tsx
2026-08-07T16:56:13.625Z - GET /src/utils/json.ts
2026-08-07T16:56:13.626Z - GET /components/ui/ArenaButton.tsx
2026-08-07T16:56:13.626Z - GET /src/admin/components/Toast.tsx
2026-08-07T16:56:13.627Z - GET /src/components/ConfirmDeleteModal.tsx
2026-08-07T16:56:13.628Z - GET /src/components/ImageUploader.tsx
2026-08-07T16:56:13.629Z - GET /src/admin/components/FormSection.tsx
2026-08-07T16:56:13.629Z - GET /src/lib/firebase.ts
2026-08-07T16:56:13.630Z - GET /src/admin/components/FormRepeater.tsx
2026-08-07T16:56:13.747Z - GET /firebase-applet-config.json?import
2026-08-07T16:56:13.852Z - GET /assets/Gk%20Logo.png
2026-08-07T16:56:14.035Z - GET /api/news
2026-08-07T16:56:14.060Z - GET /api/stats
2026-08-07T16:56:14.069Z - GET /api/events
2026-08-07T16:56:14.079Z - GET /api/teams
2026-08-07T16:56:14.483Z - GET /api/events
2026-08-07T16:56:14.499Z - GET /api/news
2026-08-07T16:56:14.878Z - GET /api/teams
2026-08-07T16:56:15.517Z - GET /api/stats
2026-08-07T16:56:16.579Z - GET /assets/mouse.png
2026-08-07T16:56:16.585Z - GET /assets/mat.png
2026-08-07T16:56:16.586Z - GET /assets/bag.png
2026-08-07T16:56:16.586Z - GET /assets/frame.png
2026-08-07T16:56:16.602Z - GET /assets/jearsy.png
2026-08-07T16:56:23.886Z - GET /api/leadership
2026-08-07T16:56:24.143Z - GET /api/leadership
2026-08-07T16:56:26.354Z - GET /api/teams
2026-08-07T16:56:26.364Z - GET /api/creators
2026-08-07T16:56:26.585Z - GET /api/teams
2026-08-07T16:56:26.628Z - GET /api/creators
2026-08-07T16:56:26.866Z - GET /api/teams/5/players
2026-08-07T16:56:26.869Z - GET /api/teams/6/players
2026-08-07T16:56:26.870Z - GET /api/teams/4/players
2026-08-07T16:58:07.340Z - GET /
2026-08-07T16:58:10.306Z - GET /
2026-08-07T16:58:10.807Z - GET /@vite/client
2026-08-07T16:58:10.811Z - GET /index.tsx
2026-08-07T16:58:10.813Z - GET /@react-refresh
2026-08-07T16:58:10.997Z - GET /node_modules/vite/dist/client/env.mjs
2026-08-07T16:58:11.085Z - GET /App.tsx
2026-08-07T16:58:12.224Z - GET /pages/Home.tsx
2026-08-07T16:58:12.234Z - GET /pages/Schedule.tsx
2026-08-07T16:58:12.258Z - GET /pages/Teams.tsx
2026-08-07T16:58:12.345Z - GET /src/admin/Dashboard.tsx
2026-08-07T16:58:12.397Z - GET /pages/Information.tsx
2026-08-07T16:58:12.402Z - GET /pages/Careers.tsx
2026-08-07T16:58:12.403Z - GET /pages/NewsDetail.tsx
2026-08-07T16:58:12.404Z - GET /src/admin/Users.tsx
2026-08-07T16:58:12.405Z - GET /src/admin/Leadership.tsx
2026-08-07T16:58:12.405Z - GET /src/admin/Subscribers.tsx
2026-08-07T16:58:12.406Z - GET /src/admin/News.tsx
2026-08-07T16:58:12.407Z - GET /src/admin/Settings.tsx
2026-08-07T16:58:12.408Z - GET /pages/JobDetail.tsx
2026-08-07T16:58:12.408Z - GET /pages/About.tsx
2026-08-07T16:58:12.409Z - GET /src/admin/Schedule.tsx
2026-08-07T16:58:12.410Z - GET /src/admin/Gallery.tsx
2026-08-07T16:58:12.411Z - GET /constants.tsx
2026-08-07T16:58:12.411Z - GET /src/admin/Jobs.tsx
2026-08-07T16:58:12.412Z - GET /components/SocialFollowerIcon.tsx
2026-08-07T16:58:12.413Z - GET /src/admin/Teams.tsx
2026-08-07T16:58:12.413Z - GET /src/admin/Creators.tsx
2026-08-07T16:58:12.414Z - GET /components/GlobalSearch.tsx
2026-08-07T16:58:12.420Z - GET /src/admin/AdminLayout.tsx
2026-08-07T16:58:12.436Z - GET /pages/PlayerProfile.tsx
2026-08-07T16:58:12.440Z - GET /src/admin/LoginPage.tsx
2026-08-07T16:58:12.441Z - GET /pages/Socials.tsx
2026-08-07T16:58:12.442Z - GET /pages/News.tsx
2026-08-07T16:58:12.443Z - GET /components/NewsletterPopup.tsx
2026-08-07T16:58:12.443Z - GET /pages/EventDetail.tsx
2026-08-07T16:58:12.444Z - GET /components/SEOMeta.tsx
2026-08-07T16:58:12.465Z - GET /components/ui/ArenaButton.tsx
2026-08-07T16:58:12.490Z - GET /src/utils/json.ts
2026-08-07T16:58:12.501Z - GET /components/Breadcrumbs.tsx
2026-08-07T16:58:12.527Z - GET /src/lib/firebase.ts
2026-08-07T16:58:12.532Z - GET /src/components/ImageUploader.tsx
2026-08-07T16:58:12.540Z - GET /src/components/ConfirmDeleteModal.tsx
2026-08-07T16:58:12.547Z - GET /src/admin/components/Toast.tsx
2026-08-07T16:58:12.550Z - GET /src/admin/components/FormSection.tsx
2026-08-07T16:58:12.554Z - GET /src/admin/components/FormRepeater.tsx
2026-08-07T16:58:12.611Z - GET /firebase-applet-config.json?import
2026-08-07T16:58:12.716Z - GET /assets/Gk%20Logo.png
2026-08-07T16:58:12.828Z - GET /api/news
2026-08-07T16:58:12.844Z - GET /api/events
2026-08-07T16:58:12.849Z - GET /api/stats
2026-08-07T16:58:12.861Z - GET /api/teams
2026-08-07T16:58:13.161Z - GET /api/news
2026-08-07T16:58:13.399Z - GET /api/teams
2026-08-07T16:58:13.406Z - GET /api/events
2026-08-07T16:58:14.483Z - GET /api/stats
2026-08-07T16:58:15.848Z - GET /assets/frame.png
2026-08-07T16:58:15.855Z - GET /assets/jearsy.png
2026-08-07T16:58:15.866Z - GET /assets/mouse.png
2026-08-07T16:58:15.874Z - GET /assets/bag.png
2026-08-07T16:58:15.884Z - GET /assets/mat.png
2026-08-07T16:58:17.796Z - GET /api/leadership
2026-08-07T16:58:18.044Z - GET /api/leadership
2026-08-07T16:58:19.121Z - GET /api/creators
2026-08-07T16:58:19.127Z - GET /api/teams
2026-08-07T16:58:19.354Z - GET /api/creators
2026-08-07T16:58:19.381Z - GET /api/teams
2026-08-07T16:58:19.608Z - GET /api/teams/6/players
2026-08-07T16:58:19.610Z - GET /api/teams/4/players
2026-08-07T16:58:19.612Z - GET /api/teams/5/players
2026-08-07T16:58:21.471Z - GET /api/game-titles
2026-08-07T16:58:21.476Z - GET /api/events
2026-08-07T16:58:21.552Z - GET /api/game-titles
2026-08-07T16:58:21.556Z - GET /api/game_titles
2026-08-07T16:58:21.785Z - GET /api/game_titles
2026-08-07T16:58:21.954Z - GET /api/events
2026-08-07T16:59:17.280Z - GET /
2026-08-07T16:59:20.026Z - GET /
2026-08-07T16:59:20.539Z - GET /@vite/client
2026-08-07T16:59:20.542Z - GET /index.tsx
2026-08-07T16:59:20.542Z - GET /@react-refresh
2026-08-07T16:59:20.768Z - GET /node_modules/vite/dist/client/env.mjs
2026-08-07T16:59:20.777Z - GET /App.tsx
2026-08-07T16:59:21.894Z - GET /pages/Careers.tsx
2026-08-07T16:59:21.895Z - GET /pages/Schedule.tsx
2026-08-07T16:59:21.896Z - GET /pages/Teams.tsx
2026-08-07T16:59:21.931Z - GET /pages/Home.tsx
2026-08-07T16:59:21.936Z - GET /pages/About.tsx
2026-08-07T16:59:21.937Z - GET /pages/JobDetail.tsx
2026-08-07T16:59:22.029Z - GET /pages/Socials.tsx
2026-08-07T16:59:22.067Z - GET /pages/News.tsx
2026-08-07T16:59:22.082Z - GET /components/NewsletterPopup.tsx
2026-08-07T16:59:22.101Z - GET /src/admin/Leadership.tsx
2026-08-07T16:59:22.131Z - GET /src/admin/Gallery.tsx
2026-08-07T16:59:22.172Z - GET /components/SocialFollowerIcon.tsx
2026-08-07T16:59:22.200Z - GET /src/admin/Schedule.tsx
2026-08-07T16:59:22.208Z - GET /constants.tsx
2026-08-07T16:59:22.211Z - GET /src/admin/AdminLayout.tsx
2026-08-07T16:59:22.219Z - GET /src/admin/Users.tsx
2026-08-07T16:59:22.227Z - GET /src/admin/News.tsx
2026-08-07T16:59:22.233Z - GET /src/admin/Creators.tsx
2026-08-07T16:59:22.238Z - GET /pages/Information.tsx
2026-08-07T16:59:22.242Z - GET /pages/PlayerProfile.tsx
2026-08-07T16:59:22.244Z - GET /src/admin/Dashboard.tsx
2026-08-07T16:59:22.254Z - GET /src/admin/Subscribers.tsx
2026-08-07T16:59:22.258Z - GET /src/admin/LoginPage.tsx
2026-08-07T16:59:22.267Z - GET /src/admin/Jobs.tsx
2026-08-07T16:59:22.273Z - GET /pages/EventDetail.tsx
2026-08-07T16:59:22.280Z - GET /src/admin/Teams.tsx
2026-08-07T16:59:22.286Z - GET /src/admin/Settings.tsx
2026-08-07T16:59:22.293Z - GET /pages/NewsDetail.tsx
2026-08-07T16:59:22.294Z - GET /components/GlobalSearch.tsx
2026-08-07T16:59:22.295Z - GET /src/utils/json.ts
2026-08-07T16:59:22.296Z - GET /components/SEOMeta.tsx
2026-08-07T16:59:22.297Z - GET /components/Breadcrumbs.tsx
2026-08-07T16:59:22.298Z - GET /components/ui/ArenaButton.tsx
2026-08-07T16:59:22.299Z - GET /src/lib/firebase.ts
2026-08-07T16:59:22.300Z - GET /src/components/ImageUploader.tsx
2026-08-07T16:59:22.323Z - GET /src/components/ConfirmDeleteModal.tsx
2026-08-07T16:59:22.325Z - GET /src/admin/components/Toast.tsx
2026-08-07T16:59:22.326Z - GET /src/admin/components/FormSection.tsx
2026-08-07T16:59:22.327Z - GET /src/admin/components/FormRepeater.tsx
2026-08-07T16:59:22.478Z - GET /firebase-applet-config.json?import
2026-08-07T16:59:22.583Z - GET /assets/Gk%20Logo.png
2026-08-07T16:59:22.610Z - GET /api/news
2026-08-07T16:59:22.630Z - GET /api/events
2026-08-07T16:59:22.632Z - GET /api/stats
2026-08-07T16:59:22.635Z - GET /api/teams
2026-08-07T16:59:22.945Z - GET /api/teams
2026-08-07T16:59:22.955Z - GET /api/events
2026-08-07T16:59:23.172Z - GET /api/news
2026-08-07T16:59:24.472Z - GET /api/stats
2026-08-07T16:59:25.540Z - GET /assets/mouse.png
2026-08-07T16:59:25.543Z - GET /assets/bag.png
2026-08-07T16:59:25.548Z - GET /assets/frame.png
2026-08-07T16:59:25.557Z - GET /assets/mat.png
2026-08-07T16:59:25.566Z - GET /assets/jearsy.png
2026-08-07T16:59:53.156Z - GET /api/leadership
2026-08-07T16:59:53.419Z - GET /api/leadership
2026-08-07T16:59:54.561Z - GET /api/teams
2026-08-07T16:59:54.570Z - GET /api/creators
2026-08-07T16:59:54.792Z - GET /api/teams
2026-08-07T16:59:54.822Z - GET /api/creators
2026-08-07T16:59:55.312Z - GET /api/teams/5/players
2026-08-07T16:59:55.320Z - GET /api/teams/4/players
2026-08-07T16:59:55.326Z - GET /api/teams/6/players
2026-08-07T17:00:04.645Z - GET /api/teams
2026-08-07T17:00:04.892Z - GET /api/teams
2026-08-07T17:00:05.118Z - GET /api/teams/5/players
2026-08-07T17:00:05.123Z - GET /api/teams/4/players
2026-08-07T17:00:05.126Z - GET /api/teams/6/players
2026-08-07T17:00:18.647Z - GET /api/creators
2026-08-07T17:00:18.658Z - GET /api/teams
2026-08-07T17:00:19.153Z - GET /api/creators
2026-08-07T17:00:19.165Z - GET /api/teams
2026-08-07T17:00:19.633Z - GET /api/teams/6/players
2026-08-07T17:00:19.639Z - GET /api/teams/5/players
2026-08-07T17:00:19.646Z - GET /api/teams/4/players
2026-08-07T17:01:06.490Z - GET /
2026-08-07T17:01:10.599Z - GET /
2026-08-07T17:01:11.138Z - GET /@vite/client
2026-08-07T17:01:11.145Z - GET /@react-refresh
2026-08-07T17:01:11.159Z - GET /index.tsx
2026-08-07T17:01:12.658Z - GET /App.tsx
2026-08-07T17:01:12.674Z - GET /node_modules/vite/dist/client/env.mjs
2026-08-07T17:01:12.804Z - GET /pages/News.tsx
2026-08-07T17:01:12.807Z - GET /src/admin/News.tsx
2026-08-07T17:01:12.808Z - GET /pages/NewsDetail.tsx
2026-08-07T17:01:12.809Z - GET /src/admin/Leadership.tsx
2026-08-07T17:01:12.810Z - GET /src/admin/Subscribers.tsx
2026-08-07T17:01:12.811Z - GET /src/admin/Settings.tsx
2026-08-07T17:01:12.812Z - GET /src/admin/Schedule.tsx
2026-08-07T17:01:12.813Z - GET /src/admin/LoginPage.tsx
2026-08-07T17:01:12.814Z - GET /src/admin/Dashboard.tsx
2026-08-07T17:01:12.815Z - GET /src/admin/Gallery.tsx
2026-08-07T17:01:12.816Z - GET /src/admin/Teams.tsx
2026-08-07T17:01:12.816Z - GET /src/admin/Creators.tsx
2026-08-07T17:01:12.817Z - GET /pages/Information.tsx
2026-08-07T17:01:12.818Z - GET /src/admin/Jobs.tsx
2026-08-07T17:01:12.819Z - GET /src/admin/Users.tsx
2026-08-07T17:01:12.819Z - GET /components/GlobalSearch.tsx
2026-08-07T17:01:12.820Z - GET /pages/Socials.tsx
2026-08-07T17:01:12.821Z - GET /pages/Careers.tsx
2026-08-07T17:01:12.822Z - GET /pages/Home.tsx
2026-08-07T17:01:12.822Z - GET /pages/JobDetail.tsx
2026-08-07T17:01:12.823Z - GET /constants.tsx
2026-08-07T17:01:12.824Z - GET /components/SocialFollowerIcon.tsx
2026-08-07T17:01:12.867Z - GET /pages/Teams.tsx
2026-08-07T17:01:12.885Z - GET /pages/EventDetail.tsx
2026-08-07T17:01:12.886Z - GET /pages/Schedule.tsx
2026-08-07T17:01:12.887Z - GET /components/NewsletterPopup.tsx
2026-08-07T17:01:12.888Z - GET /pages/About.tsx
2026-08-07T17:01:12.888Z - GET /pages/PlayerProfile.tsx
2026-08-07T17:01:12.944Z - GET /src/admin/AdminLayout.tsx
2026-08-07T17:01:12.952Z - GET /components/ui/ArenaButton.tsx
2026-08-07T17:01:12.961Z - GET /components/Breadcrumbs.tsx
2026-08-07T17:01:12.981Z - GET /src/admin/components/Toast.tsx
2026-08-07T17:01:12.983Z - GET /src/admin/components/FormSection.tsx
2026-08-07T17:01:12.983Z - GET /src/admin/components/FormRepeater.tsx
2026-08-07T17:01:12.988Z - GET /src/components/ConfirmDeleteModal.tsx
2026-08-07T17:01:13.001Z - GET /src/utils/json.ts
2026-08-07T17:01:13.004Z - GET /components/SEOMeta.tsx
2026-08-07T17:01:13.020Z - GET /src/components/ImageUploader.tsx
2026-08-07T17:01:13.032Z - GET /src/lib/firebase.ts
2026-08-07T17:01:13.113Z - GET /firebase-applet-config.json?import
2026-08-07T17:01:13.209Z - GET /assets/Gk%20Logo.png
2026-08-07T17:01:13.239Z - GET /api/news
2026-08-07T17:01:13.256Z - GET /api/stats
2026-08-07T17:01:13.259Z - GET /api/teams
2026-08-07T17:01:13.262Z - GET /api/events
2026-08-07T17:01:13.562Z - GET /api/teams
2026-08-07T17:01:13.577Z - GET /api/news
2026-08-07T17:01:13.801Z - GET /api/events
2026-08-07T17:01:14.847Z - GET /api/stats
2026-08-07T17:01:16.469Z - GET /assets/frame.png
2026-08-07T17:01:16.474Z - GET /assets/mat.png
2026-08-07T17:01:16.485Z - GET /assets/jearsy.png
2026-08-07T17:01:16.488Z - GET /assets/mouse.png
2026-08-07T17:01:16.489Z - GET /assets/bag.png
2026-08-07T17:01:18.526Z - GET /api/leadership
2026-08-07T17:01:18.766Z - GET /api/leadership
2026-08-07T17:01:20.964Z - GET /api/teams
2026-08-07T17:01:20.965Z - GET /api/creators
2026-08-07T17:01:21.206Z - GET /api/teams
2026-08-07T17:01:21.223Z - GET /api/creators
2026-08-07T17:01:21.526Z - GET /api/teams/5/players
2026-08-07T17:01:21.535Z - GET /api/teams/4/players
2026-08-07T17:01:21.541Z - GET /api/teams/6/players
2026-08-07T17:01:26.475Z - GET /api/teams
2026-08-07T17:01:26.726Z - GET /api/teams
2026-08-07T17:01:26.957Z - GET /api/teams/5/players
2026-08-07T17:01:26.960Z - GET /api/teams/4/players
2026-08-07T17:01:26.966Z - GET /api/teams/6/players
2026-08-07T17:01:33.334Z - GET /api/creators
2026-08-07T17:01:33.341Z - GET /api/teams
2026-08-07T17:01:33.586Z - GET /api/teams
2026-08-07T17:01:33.828Z - GET /api/creators
2026-08-07T17:01:34.072Z - GET /api/teams/4/players
2026-08-07T17:01:34.076Z - GET /api/teams/6/players
2026-08-07T17:01:34.077Z - GET /api/teams/5/players
2026-08-07T17:01:37.401Z - GET /api/game-titles
2026-08-07T17:01:37.410Z - GET /api/events
2026-08-07T17:01:37.520Z - GET /api/game_titles
2026-08-07T17:01:37.525Z - GET /api/game-titles
2026-08-07T17:01:37.648Z - GET /api/events
2026-08-07T17:01:37.750Z - GET /api/game_titles
2026-08-07T17:01:40.332Z - GET /api/events
2026-08-07T17:01:42.864Z - GET /api/game-titles
2026-08-07T17:01:42.870Z - GET /api/events
2026-08-07T17:01:42.955Z - GET /api/game-titles
2026-08-07T17:01:42.964Z - GET /api/game_titles
2026-08-07T17:01:43.086Z - GET /api/events
2026-08-07T17:01:43.214Z - GET /api/game_titles
2026-08-07T17:01:44.346Z - GET /api/events
2026-08-07T17:01:48.880Z - GET /api/news
2026-08-07T17:01:48.889Z - GET /api/news_categories
2026-08-07T17:01:53.606Z - GET /api/news
2026-08-07T17:01:57.138Z - GET /api/news_categories
2026-08-07T17:01:57.144Z - GET /api/news
2026-08-07T17:02:00.520Z - GET /api/gallery
2026-08-07T17:02:00.773Z - GET /api/gallery
2026-08-07T17:02:15.952Z - GET /api/jobs
2026-08-07T17:02:16.197Z - GET /api/jobs
2026-08-07T17:02:20.346Z - GET /api/gallery
2026-08-07T17:02:20.589Z - GET /api/gallery
2026-08-07T17:02:25.360Z - GET /api/jobs
2026-08-07T17:02:25.622Z - GET /api/jobs
2026-08-07T17:02:36.904Z - GET /api/events
2026-08-07T17:02:36.910Z - GET /api/game-titles
2026-08-07T17:02:36.991Z - GET /api/game-titles
2026-08-07T17:02:36.999Z - GET /api/game_titles
2026-08-07T17:02:37.170Z - GET /api/events
2026-08-07T17:02:37.278Z - GET /api/game_titles
2026-08-07T17:02:37.843Z - GET /api/creators
2026-08-07T17:02:37.847Z - GET /api/teams
2026-08-07T17:02:38.089Z - GET /api/creators
2026-08-07T17:02:38.098Z - GET /api/teams
2026-08-07T17:02:38.337Z - GET /api/teams/6/players
2026-08-07T17:02:38.345Z - GET /api/teams/5/players
2026-08-07T17:02:38.350Z - GET /api/teams/4/players
2026-08-07T17:02:39.256Z - GET /api/leadership
2026-08-07T17:02:39.566Z - GET /api/leadership
2026-08-07T17:03:32.284Z - GET /api/creators
2026-08-07T17:03:32.346Z - GET /api/teams
2026-08-07T17:03:32.651Z - GET /api/creators
2026-08-07T17:03:32.705Z - GET /api/teams
2026-08-07T17:03:32.949Z - GET /api/teams/5/players
2026-08-07T17:03:32.958Z - GET /api/teams/4/players
2026-08-07T17:03:32.990Z - GET /api/teams/6/players
2026-08-07T17:04:03.775Z - GET /api/leadership
2026-08-07T17:04:04.036Z - GET /api/leadership
2026-08-07T17:04:29.497Z - GET /api/jobs
2026-08-07T17:04:29.756Z - GET /api/jobs
2026-08-07T17:04:34.489Z - GET /api/gallery
2026-08-07T17:04:34.753Z - GET /api/gallery
2026-08-07T17:05:54.798Z - GET /
2026-08-07T17:05:54.906Z - GET /@vite/client
2026-08-07T17:05:54.910Z - GET /index.tsx
2026-08-07T17:05:54.917Z - GET /@react-refresh
2026-08-07T17:05:55.123Z - GET /node_modules/vite/dist/client/env.mjs
2026-08-07T17:05:55.124Z - GET /App.tsx
2026-08-07T17:05:55.218Z - GET /pages/Home.tsx
2026-08-07T17:05:55.220Z - GET /pages/Schedule.tsx
2026-08-07T17:05:55.234Z - GET /pages/Careers.tsx
2026-08-07T17:05:55.235Z - GET /pages/JobDetail.tsx
2026-08-07T17:05:55.236Z - GET /pages/About.tsx
2026-08-07T17:05:55.236Z - GET /pages/Teams.tsx
2026-08-07T17:05:55.241Z - GET /src/admin/AdminLayout.tsx
2026-08-07T17:05:55.266Z - GET /components/SocialFollowerIcon.tsx
2026-08-07T17:05:55.275Z - GET /pages/Information.tsx
2026-08-07T17:05:55.277Z - GET /pages/Socials.tsx
2026-08-07T17:05:55.286Z - GET /src/admin/Users.tsx
2026-08-07T17:05:55.287Z - GET /src/admin/Leadership.tsx
2026-08-07T17:05:55.288Z - GET /src/admin/Schedule.tsx
2026-08-07T17:05:55.292Z - GET /src/admin/Jobs.tsx
2026-08-07T17:05:55.293Z - GET /constants.tsx
2026-08-07T17:05:55.293Z - GET /src/admin/LoginPage.tsx
2026-08-07T17:05:55.294Z - GET /src/admin/Subscribers.tsx
2026-08-07T17:05:55.295Z - GET /pages/NewsDetail.tsx
2026-08-07T17:05:55.295Z - GET /src/admin/News.tsx
2026-08-07T17:05:55.296Z - GET /pages/PlayerProfile.tsx
2026-08-07T17:05:55.297Z - GET /src/admin/Dashboard.tsx
2026-08-07T17:05:55.297Z - GET /pages/News.tsx
2026-08-07T17:05:55.298Z - GET /src/admin/Teams.tsx
2026-08-07T17:05:55.299Z - GET /src/admin/Creators.tsx
2026-08-07T17:05:55.299Z - GET /src/admin/Gallery.tsx
2026-08-07T17:05:55.300Z - GET /components/NewsletterPopup.tsx
2026-08-07T17:05:55.302Z - GET /components/GlobalSearch.tsx
2026-08-07T17:05:55.302Z - GET /pages/EventDetail.tsx
2026-08-07T17:05:55.320Z - GET /src/admin/Settings.tsx
2026-08-07T17:05:55.342Z - GET /components/SEOMeta.tsx
2026-08-07T17:05:55.343Z - GET /src/utils/json.ts
2026-08-07T17:05:55.344Z - GET /components/ui/ArenaButton.tsx
2026-08-07T17:05:55.345Z - GET /components/Breadcrumbs.tsx
2026-08-07T17:05:55.356Z - GET /src/lib/firebase.ts
2026-08-07T17:05:55.387Z - GET /src/components/ConfirmDeleteModal.tsx
2026-08-07T17:05:55.388Z - GET /src/admin/components/FormRepeater.tsx
2026-08-07T17:05:55.389Z - GET /src/components/ImageUploader.tsx
2026-08-07T17:05:55.389Z - GET /src/admin/components/FormSection.tsx
2026-08-07T17:05:55.530Z - GET /firebase-applet-config.json?import
2026-08-07T17:05:55.534Z - GET /src/admin/components/Toast.tsx
2026-08-07T17:05:55.668Z - GET /assets/Gk%20Logo.png
2026-08-07T17:05:55.800Z - GET /api/health
2026-08-07T17:05:55.804Z - GET /api/stats
2026-08-07T17:05:55.879Z - GET /api/health
2026-08-07T17:05:57.082Z - GET /api/activity
2026-08-07T17:05:57.088Z - GET /api/stats
2026-08-07T17:05:57.200Z - GET /api/settings
2026-08-07T17:05:57.278Z - GET /api/settings
2026-08-07T17:05:58.136Z - GET /api/activity
2026-08-07T17:12:00.733Z - GET /
2026-08-07T17:12:05.995Z - GET /
2026-08-07T17:12:06.659Z - GET /@vite/client
2026-08-07T17:12:06.665Z - GET /index.tsx
2026-08-07T17:12:06.676Z - GET /@react-refresh
2026-08-07T17:12:06.887Z - GET /App.tsx
2026-08-07T17:12:06.889Z - GET /node_modules/vite/dist/client/env.mjs
2026-08-07T17:12:08.325Z - GET /pages/Home.tsx
2026-08-07T17:12:08.346Z - GET /src/admin/Subscribers.tsx
2026-08-07T17:12:08.349Z - GET /pages/Socials.tsx
2026-08-07T17:12:08.351Z - GET /pages/NewsDetail.tsx
2026-08-07T17:12:08.352Z - GET /pages/EventDetail.tsx
2026-08-07T17:12:08.401Z - GET /src/admin/Schedule.tsx
2026-08-07T17:12:08.478Z - GET /src/admin/Settings.tsx
2026-08-07T17:12:08.542Z - GET /src/admin/AdminLayout.tsx
2026-08-07T17:12:08.572Z - GET /src/admin/Gallery.tsx
2026-08-07T17:12:08.575Z - GET /src/admin/Users.tsx
2026-08-07T17:12:08.576Z - GET /src/admin/News.tsx
2026-08-07T17:12:08.577Z - GET /src/admin/Leadership.tsx
2026-08-07T17:12:08.578Z - GET /src/admin/Jobs.tsx
2026-08-07T17:12:08.579Z - GET /src/admin/LoginPage.tsx
2026-08-07T17:12:08.580Z - GET /src/admin/Creators.tsx
2026-08-07T17:12:08.581Z - GET /pages/Teams.tsx
2026-08-07T17:12:08.582Z - GET /pages/Schedule.tsx
2026-08-07T17:12:08.583Z - GET /components/SocialFollowerIcon.tsx
2026-08-07T17:12:08.584Z - GET /pages/Careers.tsx
2026-08-07T17:12:08.585Z - GET /constants.tsx
2026-08-07T17:12:08.586Z - GET /components/GlobalSearch.tsx
2026-08-07T17:12:08.587Z - GET /pages/Information.tsx
2026-08-07T17:12:08.588Z - GET /src/admin/Dashboard.tsx
2026-08-07T17:12:08.588Z - GET /pages/JobDetail.tsx
2026-08-07T17:12:08.589Z - GET /pages/About.tsx
2026-08-07T17:12:08.593Z - GET /pages/News.tsx
2026-08-07T17:12:08.594Z - GET /components/NewsletterPopup.tsx
2026-08-07T17:12:08.595Z - GET /src/admin/Teams.tsx
2026-08-07T17:12:08.596Z - GET /pages/PlayerProfile.tsx
2026-08-07T17:12:08.596Z - GET /components/SEOMeta.tsx
2026-08-07T17:12:08.597Z - GET /components/ui/ArenaButton.tsx
2026-08-07T17:12:08.598Z - GET /components/Breadcrumbs.tsx
2026-08-07T17:12:08.599Z - GET /src/components/ConfirmDeleteModal.tsx
2026-08-07T17:12:08.599Z - GET /src/lib/firebase.ts
2026-08-07T17:12:08.600Z - GET /src/components/ImageUploader.tsx
2026-08-07T17:12:08.601Z - GET /src/admin/components/FormSection.tsx
2026-08-07T17:12:08.601Z - GET /src/admin/components/FormRepeater.tsx
2026-08-07T17:12:08.664Z - GET /src/context/SettingsContext.tsx
2026-08-07T17:12:08.699Z - GET /src/utils/json.ts
2026-08-07T17:12:08.717Z - GET /src/admin/components/Toast.tsx
2026-08-07T17:12:08.718Z - GET /firebase-applet-config.json?import
2026-08-07T17:12:08.828Z - GET /assets/Gk%20Logo.png
2026-08-07T17:12:09.101Z - GET /api/news
2026-08-07T17:12:09.124Z - GET /api/stats
2026-08-07T17:12:09.134Z - GET /api/events
2026-08-07T17:12:09.144Z - GET /api/teams
2026-08-07T17:12:09.584Z - GET /api/events
2026-08-07T17:12:09.602Z - GET /api/news
2026-08-07T17:12:09.692Z - GET /api/teams
2026-08-07T17:12:10.465Z - GET /api/stats
2026-08-07T17:12:11.533Z - GET /assets/bag.png
2026-08-07T17:12:11.537Z - GET /assets/jearsy.png
2026-08-07T17:12:11.545Z - GET /assets/frame.png
2026-08-07T17:12:11.547Z - GET /assets/mat.png
2026-08-07T17:12:11.556Z - GET /assets/mouse.png
2026-08-07T20:18:32.692Z - GET /
2026-08-07T20:18:38.375Z - GET /
2026-08-07T20:18:38.935Z - GET /@vite/client
2026-08-07T20:18:38.938Z - GET /index.tsx
2026-08-07T20:18:38.942Z - GET /@react-refresh
2026-08-07T20:18:39.129Z - GET /App.tsx
2026-08-07T20:18:39.137Z - GET /node_modules/vite/dist/client/env.mjs
2026-08-07T20:18:40.236Z - GET /components/GlobalSearch.tsx
2026-08-07T20:18:40.352Z - GET /pages/Information.tsx
2026-08-07T20:18:40.363Z - GET /pages/Careers.tsx
2026-08-07T20:18:40.386Z - GET /src/admin/Dashboard.tsx
2026-08-07T20:18:40.401Z - GET /pages/Schedule.tsx
2026-08-07T20:18:40.463Z - GET /src/admin/Users.tsx
2026-08-07T20:18:40.495Z - GET /pages/JobDetail.tsx
2026-08-07T20:18:40.520Z - GET /pages/Teams.tsx
2026-08-07T20:18:40.524Z - GET /pages/Home.tsx
2026-08-07T20:18:40.528Z - GET /components/NewsletterPopup.tsx
2026-08-07T20:18:40.530Z - GET /src/admin/Subscribers.tsx
2026-08-07T20:18:40.533Z - GET /pages/EventDetail.tsx
2026-08-07T20:18:40.537Z - GET /pages/NewsDetail.tsx
2026-08-07T20:18:40.539Z - GET /src/admin/Jobs.tsx
2026-08-07T20:18:40.543Z - GET /src/admin/Leadership.tsx
2026-08-07T20:18:40.544Z - GET /pages/About.tsx
2026-08-07T20:18:40.548Z - GET /pages/News.tsx
2026-08-07T20:18:40.553Z - GET /pages/Socials.tsx
2026-08-07T20:18:40.556Z - GET /src/admin/Settings.tsx
2026-08-07T20:18:40.557Z - GET /src/admin/Gallery.tsx
2026-08-07T20:18:40.558Z - GET /src/admin/News.tsx
2026-08-07T20:18:40.558Z - GET /src/admin/Creators.tsx
2026-08-07T20:18:40.559Z - GET /src/admin/LoginPage.tsx
2026-08-07T20:18:40.561Z - GET /src/components/AnnouncementBar.tsx
2026-08-07T20:18:40.562Z - GET /constants.tsx
2026-08-07T20:18:40.562Z - GET /components/SocialFollowerIcon.tsx
2026-08-07T20:18:40.563Z - GET /pages/PlayerProfile.tsx
2026-08-07T20:18:40.564Z - GET /src/admin/Schedule.tsx
2026-08-07T20:18:40.564Z - GET /src/admin/Teams.tsx
2026-08-07T20:18:40.565Z - GET /src/context/SettingsContext.tsx
2026-08-07T20:18:40.566Z - GET /src/admin/AdminLayout.tsx
2026-08-07T20:18:40.567Z - GET /components/ui/ArenaButton.tsx
2026-08-07T20:18:40.567Z - GET /src/utils/json.ts
2026-08-07T20:18:40.568Z - GET /components/SEOMeta.tsx
2026-08-07T20:18:40.569Z - GET /components/Breadcrumbs.tsx
2026-08-07T20:18:40.570Z - GET /src/components/ConfirmDeleteModal.tsx
2026-08-07T20:18:40.634Z - GET /src/lib/firebase.ts
2026-08-07T20:18:40.649Z - GET /src/components/ImageUploader.tsx
2026-08-07T20:18:40.675Z - GET /src/admin/components/FormSection.tsx
2026-08-07T20:18:40.676Z - GET /src/admin/components/FormRepeater.tsx
2026-08-07T20:18:40.682Z - GET /src/admin/components/Toast.tsx
2026-08-07T20:18:40.713Z - GET /firebase-applet-config.json?import
2026-08-07T20:18:40.823Z - GET /assets/Gk%20Logo.png
2026-08-07T20:18:41.084Z - GET /api/stats
2026-08-07T20:18:41.100Z - GET /api/news
2026-08-07T20:18:41.106Z - GET /api/teams
2026-08-07T20:18:41.110Z - GET /api/events
2026-08-07T20:18:41.129Z - GET /api/settings
2026-08-07T20:18:42.109Z - GET /api/settings
2026-08-07T20:18:42.311Z - GET /api/news
2026-08-07T20:18:42.316Z - GET /api/events
2026-08-07T20:18:42.321Z - GET /api/teams
2026-08-07T20:18:43.623Z - GET /api/stats
2026-08-07T20:18:45.190Z - GET /assets/mat.png
2026-08-07T20:18:45.194Z - GET /assets/bag.png
2026-08-07T20:18:45.197Z - GET /assets/frame.png
2026-08-07T20:18:45.201Z - GET /assets/jearsy.png
2026-08-07T20:18:45.203Z - GET /assets/mouse.png
2026-08-07T20:19:37.095Z - GET /
2026-08-07T20:19:37.195Z - GET /@vite/client
2026-08-07T20:19:37.197Z - GET /index.tsx
2026-08-07T20:19:37.210Z - GET /@react-refresh
2026-08-07T20:19:37.366Z - GET /node_modules/vite/dist/client/env.mjs
2026-08-07T20:19:37.369Z - GET /App.tsx
2026-08-07T20:19:37.449Z - GET /pages/Home.tsx
2026-08-07T20:19:37.458Z - GET /pages/About.tsx
2026-08-07T20:19:37.463Z - GET /pages/Schedule.tsx
2026-08-07T20:19:37.464Z - GET /pages/Teams.tsx
2026-08-07T20:19:37.468Z - GET /src/admin/LoginPage.tsx
2026-08-07T20:19:37.470Z - GET /pages/Information.tsx
2026-08-07T20:19:37.472Z - GET /pages/JobDetail.tsx
2026-08-07T20:19:37.475Z - GET /src/admin/AdminLayout.tsx
2026-08-07T20:19:37.477Z - GET /components/SocialFollowerIcon.tsx
2026-08-07T20:19:37.481Z - GET /src/admin/Settings.tsx
2026-08-07T20:19:37.484Z - GET /pages/Socials.tsx
2026-08-07T20:19:37.486Z - GET /src/admin/Teams.tsx
2026-08-07T20:19:37.490Z - GET /src/admin/Users.tsx
2026-08-07T20:19:37.491Z - GET /src/admin/Creators.tsx
2026-08-07T20:19:37.496Z - GET /src/admin/Jobs.tsx
2026-08-07T20:19:37.500Z - GET /src/admin/News.tsx
2026-08-07T20:19:37.502Z - GET /src/context/SettingsContext.tsx
2026-08-07T20:19:37.506Z - GET /src/admin/Dashboard.tsx
2026-08-07T20:19:37.507Z - GET /pages/News.tsx
2026-08-07T20:19:37.510Z - GET /src/admin/Subscribers.tsx
2026-08-07T20:19:37.513Z - GET /src/admin/Leadership.tsx
2026-08-07T20:19:37.516Z - GET /src/admin/Schedule.tsx
2026-08-07T20:19:37.519Z - GET /pages/EventDetail.tsx
2026-08-07T20:19:37.521Z - GET /pages/PlayerProfile.tsx
2026-08-07T20:19:37.525Z - GET /components/NewsletterPopup.tsx
2026-08-07T20:19:37.527Z - GET /src/admin/Gallery.tsx
2026-08-07T20:19:37.530Z - GET /constants.tsx
2026-08-07T20:19:37.532Z - GET /pages/NewsDetail.tsx
2026-08-07T20:19:37.535Z - GET /src/components/AnnouncementBar.tsx
2026-08-07T20:19:37.536Z - GET /pages/Careers.tsx
2026-08-07T20:19:37.539Z - GET /components/GlobalSearch.tsx
2026-08-07T20:19:37.543Z - GET /components/SEOMeta.tsx
2026-08-07T20:19:37.569Z - GET /components/ui/ArenaButton.tsx
2026-08-07T20:19:37.572Z - GET /components/Breadcrumbs.tsx
2026-08-07T20:19:37.573Z - GET /src/utils/json.ts
2026-08-07T20:19:37.580Z - GET /src/components/ConfirmDeleteModal.tsx
2026-08-07T20:19:37.581Z - GET /src/components/ImageUploader.tsx
2026-08-07T20:19:37.581Z - GET /src/admin/components/FormSection.tsx
2026-08-07T20:19:37.582Z - GET /src/lib/firebase.ts
2026-08-07T20:19:37.583Z - GET /src/admin/components/FormRepeater.tsx
2026-08-07T20:19:37.584Z - GET /src/admin/components/Toast.tsx
2026-08-07T20:19:37.667Z - GET /firebase-applet-config.json?import
2026-08-07T20:19:37.764Z - GET /assets/Gk%20Logo.png
2026-08-07T20:19:38.012Z - GET /api/settings
2026-08-07T20:19:38.017Z - GET /api/stats
2026-08-07T20:19:38.020Z - GET /api/health
2026-08-07T20:19:38.095Z - GET /api/health
2026-08-07T20:19:38.311Z - GET /api/settings
2026-08-07T20:19:39.867Z - GET /api/activity
2026-08-07T20:19:39.870Z - GET /api/stats
2026-08-07T20:19:41.402Z - GET /api/activity
2026-08-07T20:20:03.399Z - GET /careers/xfgh
2026-08-07T20:20:03.504Z - GET /index.tsx
2026-08-07T20:20:03.505Z - GET /@react-refresh
2026-08-07T20:20:03.509Z - GET /@vite/client
2026-08-07T20:20:03.665Z - GET /node_modules/vite/dist/client/env.mjs
2026-08-07T20:20:03.667Z - GET /App.tsx
2026-08-07T20:20:03.768Z - GET /pages/Home.tsx
2026-08-07T20:20:03.774Z - GET /pages/Schedule.tsx
2026-08-07T20:20:03.777Z - GET /pages/Teams.tsx
2026-08-07T20:20:03.782Z - GET /pages/Careers.tsx
2026-08-07T20:20:03.786Z - GET /pages/JobDetail.tsx
2026-08-07T20:20:03.789Z - GET /pages/About.tsx
2026-08-07T20:20:03.793Z - GET /pages/News.tsx
2026-08-07T20:20:03.795Z - GET /src/admin/Leadership.tsx
2026-08-07T20:20:03.797Z - GET /src/components/AnnouncementBar.tsx
2026-08-07T20:20:03.799Z - GET /src/admin/LoginPage.tsx
2026-08-07T20:20:03.806Z - GET /pages/Information.tsx
2026-08-07T20:20:03.810Z - GET /src/admin/Teams.tsx
2026-08-07T20:20:03.812Z - GET /src/context/SettingsContext.tsx
2026-08-07T20:20:03.816Z - GET /src/admin/Creators.tsx
2026-08-07T20:20:03.820Z - GET /components/GlobalSearch.tsx
2026-08-07T20:20:03.822Z - GET /src/admin/AdminLayout.tsx
2026-08-07T20:20:03.825Z - GET /pages/EventDetail.tsx
2026-08-07T20:20:03.829Z - GET /src/admin/Users.tsx
2026-08-07T20:20:03.832Z - GET /src/admin/Subscribers.tsx
2026-08-07T20:20:03.834Z - GET /src/admin/Settings.tsx
2026-08-07T20:20:03.837Z - GET /src/admin/Gallery.tsx
2026-08-07T20:20:03.839Z - GET /constants.tsx
2026-08-07T20:20:03.843Z - GET /src/admin/Jobs.tsx
2026-08-07T20:20:03.846Z - GET /components/NewsletterPopup.tsx
2026-08-07T20:20:03.847Z - GET /pages/NewsDetail.tsx
2026-08-07T20:20:03.850Z - GET /pages/PlayerProfile.tsx
2026-08-07T20:20:03.856Z - GET /components/SocialFollowerIcon.tsx
2026-08-07T20:20:03.857Z - GET /src/admin/Schedule.tsx
2026-08-07T20:20:03.867Z - GET /src/admin/Dashboard.tsx
2026-08-07T20:20:03.867Z - GET /pages/Socials.tsx
2026-08-07T20:20:03.872Z - GET /src/admin/News.tsx
2026-08-07T20:20:03.978Z - GET /components/SEOMeta.tsx
2026-08-07T20:20:03.979Z - GET /src/components/ImageUploader.tsx
2026-08-07T20:20:03.980Z - GET /components/ui/ArenaButton.tsx
2026-08-07T20:20:03.981Z - GET /components/Breadcrumbs.tsx
2026-08-07T20:20:03.987Z - GET /src/utils/json.ts
2026-08-07T20:20:03.987Z - GET /src/components/ConfirmDeleteModal.tsx
2026-08-07T20:20:03.991Z - GET /src/admin/components/FormRepeater.tsx
2026-08-07T20:20:03.994Z - GET /src/lib/firebase.ts
2026-08-07T20:20:03.994Z - GET /src/admin/components/Toast.tsx
2026-08-07T20:20:03.998Z - GET /src/admin/components/FormSection.tsx
2026-08-07T20:20:04.078Z - GET /firebase-applet-config.json?import
2026-08-07T20:20:04.188Z - GET /assets/Gk%20Logo.png
2026-08-07T20:20:04.219Z - GET /api/settings
2026-08-07T20:20:04.224Z - GET /api/teams
2026-08-07T20:20:04.230Z - GET /api/stats
2026-08-07T20:20:04.234Z - GET /api/events
2026-08-07T20:20:04.238Z - GET /api/news
2026-08-07T20:20:04.481Z - GET /api/events
2026-08-07T20:20:04.487Z - GET /api/teams
2026-08-07T20:20:04.489Z - GET /api/settings
2026-08-07T20:20:04.731Z - GET /api/news
2026-08-07T20:20:06.317Z - GET /api/stats
2026-08-07T20:20:08.128Z - GET /assets/mouse.png
2026-08-07T20:20:08.130Z - GET /assets/mat.png
2026-08-07T20:20:08.136Z - GET /assets/bag.png
2026-08-07T20:20:08.138Z - GET /assets/frame.png
2026-08-07T20:20:08.140Z - GET /assets/jearsy.png
2026-08-07T20:20:17.677Z - POST /api/settings
2026-08-07T20:20:21.085Z - GET /careers/xfgh
2026-08-07T20:20:21.182Z - GET /@vite/client
2026-08-07T20:20:21.184Z - GET /index.tsx
2026-08-07T20:20:21.188Z - GET /@react-refresh
2026-08-07T20:20:21.339Z - GET /node_modules/vite/dist/client/env.mjs
2026-08-07T20:20:21.345Z - GET /App.tsx
2026-08-07T20:20:21.422Z - GET /pages/Home.tsx
2026-08-07T20:20:21.430Z - GET /pages/Schedule.tsx
2026-08-07T20:20:21.435Z - GET /pages/Teams.tsx
2026-08-07T20:20:21.444Z - GET /pages/JobDetail.tsx
2026-08-07T20:20:21.448Z - GET /src/admin/AdminLayout.tsx
2026-08-07T20:20:21.449Z - GET /src/admin/LoginPage.tsx
2026-08-07T20:20:21.453Z - GET /pages/Careers.tsx
2026-08-07T20:20:21.456Z - GET /pages/EventDetail.tsx
2026-08-07T20:20:21.461Z - GET /src/context/SettingsContext.tsx
2026-08-07T20:20:21.463Z - GET /pages/Information.tsx
2026-08-07T20:20:21.465Z - GET /src/admin/Users.tsx
2026-08-07T20:20:21.468Z - GET /pages/News.tsx
2026-08-07T20:20:21.470Z - GET /pages/Socials.tsx
2026-08-07T20:20:21.471Z - GET /constants.tsx
2026-08-07T20:20:21.474Z - GET /components/GlobalSearch.tsx
2026-08-07T20:20:21.476Z - GET /src/admin/Leadership.tsx
2026-08-07T20:20:21.476Z - GET /src/admin/Subscribers.tsx
2026-08-07T20:20:21.479Z - GET /pages/About.tsx
2026-08-07T20:20:21.480Z - GET /components/SocialFollowerIcon.tsx
2026-08-07T20:20:21.482Z - GET /pages/NewsDetail.tsx
2026-08-07T20:20:21.485Z - GET /src/admin/Gallery.tsx
2026-08-07T20:20:21.487Z - GET /src/components/AnnouncementBar.tsx
2026-08-07T20:20:21.490Z - GET /src/admin/Dashboard.tsx
2026-08-07T20:20:21.492Z - GET /src/admin/Teams.tsx
2026-08-07T20:20:21.495Z - GET /src/admin/Creators.tsx
2026-08-07T20:20:21.496Z - GET /pages/PlayerProfile.tsx
2026-08-07T20:20:21.497Z - GET /src/admin/News.tsx
2026-08-07T20:20:21.497Z - GET /src/admin/Settings.tsx
2026-08-07T20:20:21.508Z - GET /components/NewsletterPopup.tsx
2026-08-07T20:20:21.510Z - GET /src/admin/Schedule.tsx
2026-08-07T20:20:21.512Z - GET /src/admin/Jobs.tsx
2026-08-07T20:20:21.515Z - GET /components/ui/ArenaButton.tsx
2026-08-07T20:20:21.516Z - GET /components/Breadcrumbs.tsx
2026-08-07T20:20:21.518Z - GET /src/utils/json.ts
2026-08-07T20:20:21.520Z - GET /components/SEOMeta.tsx
2026-08-07T20:20:21.529Z - GET /src/lib/firebase.ts
2026-08-07T20:20:21.542Z - GET /src/components/ConfirmDeleteModal.tsx
2026-08-07T20:20:21.551Z - GET /src/components/ImageUploader.tsx
2026-08-07T20:20:21.564Z - GET /src/admin/components/Toast.tsx
2026-08-07T20:20:21.570Z - GET /src/admin/components/FormSection.tsx
2026-08-07T20:20:21.571Z - GET /src/admin/components/FormRepeater.tsx
2026-08-07T20:20:21.606Z - GET /firebase-applet-config.json?import
2026-08-07T20:20:21.696Z - GET /assets/Gk%20Logo.png
2026-08-07T20:20:21.745Z - GET /api/news
2026-08-07T20:20:21.751Z - GET /api/teams
2026-08-07T20:20:21.754Z - GET /api/stats
2026-08-07T20:20:21.758Z - GET /api/settings
2026-08-07T20:20:21.760Z - GET /api/events
2026-08-07T20:20:21.997Z - GET /api/events
2026-08-07T20:20:22.018Z - GET /api/news
2026-08-07T20:20:22.283Z - GET /api/settings
2026-08-07T20:20:22.286Z - GET /api/teams
2026-08-07T20:20:23.242Z - GET /api/stats
2026-08-07T20:20:24.576Z - GET /assets/frame.png
2026-08-07T20:20:24.579Z - GET /assets/mat.png
2026-08-07T20:20:24.582Z - GET /assets/mouse.png
2026-08-07T20:20:24.588Z - GET /assets/bag.png
2026-08-07T20:20:24.591Z - GET /assets/jearsy.png
2026-08-07T20:22:02.860Z - GET /api/gallery
2026-08-07T20:22:03.133Z - GET /api/gallery
2026-08-07T20:24:59.498Z - POST /api/settings
2026-08-07T20:25:01.962Z - GET /careers/xfgh
2026-08-07T20:25:02.062Z - GET /@vite/client
2026-08-07T20:25:02.068Z - GET /@react-refresh
2026-08-07T20:25:02.072Z - GET /index.tsx
2026-08-07T20:25:02.296Z - GET /node_modules/vite/dist/client/env.mjs
2026-08-07T20:25:02.300Z - GET /App.tsx
2026-08-07T20:25:02.406Z - GET /pages/News.tsx
2026-08-07T20:25:02.410Z - GET /src/admin/News.tsx
2026-08-07T20:25:02.413Z - GET /components/SocialFollowerIcon.tsx
2026-08-07T20:25:02.415Z - GET /src/admin/Gallery.tsx
2026-08-07T20:25:02.422Z - GET /src/admin/Teams.tsx
2026-08-07T20:25:02.426Z - GET /src/admin/Jobs.tsx
2026-08-07T20:25:02.429Z - GET /src/admin/Leadership.tsx
2026-08-07T20:25:02.430Z - GET /src/admin/Subscribers.tsx
2026-08-07T20:25:02.436Z - GET /src/admin/Schedule.tsx
2026-08-07T20:25:02.438Z - GET /pages/Information.tsx
2026-08-07T20:25:02.439Z - GET /pages/Careers.tsx
2026-08-07T20:25:02.443Z - GET /pages/Teams.tsx
2026-08-07T20:25:02.445Z - GET /src/components/AnnouncementBar.tsx
2026-08-07T20:25:02.448Z - GET /pages/EventDetail.tsx
2026-08-07T20:25:02.449Z - GET /src/admin/Dashboard.tsx
2026-08-07T20:25:02.454Z - GET /src/admin/Settings.tsx
2026-08-07T20:25:02.455Z - GET /src/admin/LoginPage.tsx
2026-08-07T20:25:02.458Z - GET /pages/Socials.tsx
2026-08-07T20:25:02.464Z - GET /src/admin/Users.tsx
2026-08-07T20:25:02.465Z - GET /pages/Home.tsx
2026-08-07T20:25:02.466Z - GET /src/context/SettingsContext.tsx
2026-08-07T20:25:02.471Z - GET /src/admin/AdminLayout.tsx
2026-08-07T20:25:02.472Z - GET /components/NewsletterPopup.tsx
2026-08-07T20:25:02.472Z - GET /pages/Schedule.tsx
2026-08-07T20:25:02.473Z - GET /components/GlobalSearch.tsx
2026-08-07T20:25:02.473Z - GET /pages/About.tsx
2026-08-07T20:25:02.474Z - GET /src/admin/Creators.tsx
2026-08-07T20:25:02.477Z - GET /pages/JobDetail.tsx
2026-08-07T20:25:02.479Z - GET /pages/PlayerProfile.tsx
2026-08-07T20:25:02.480Z - GET /constants.tsx
2026-08-07T20:25:02.480Z - GET /pages/NewsDetail.tsx
2026-08-07T20:25:02.540Z - GET /components/ui/ArenaButton.tsx
2026-08-07T20:25:02.542Z - GET /components/Breadcrumbs.tsx
2026-08-07T20:25:02.542Z - GET /src/utils/json.ts
2026-08-07T20:25:02.543Z - GET /src/components/ImageUploader.tsx
2026-08-07T20:25:02.550Z - GET /src/components/ConfirmDeleteModal.tsx
2026-08-07T20:25:02.551Z - GET /components/SEOMeta.tsx
2026-08-07T20:25:02.557Z - GET /src/admin/components/FormRepeater.tsx
2026-08-07T20:25:02.559Z - GET /src/admin/components/Toast.tsx
2026-08-07T20:25:02.560Z - GET /src/admin/components/FormSection.tsx
2026-08-07T20:25:02.565Z - GET /src/lib/firebase.ts
2026-08-07T20:25:02.641Z - GET /firebase-applet-config.json?import
2026-08-07T20:25:02.772Z - GET /assets/Gk%20Logo.png
2026-08-07T20:25:02.820Z - GET /api/gallery
2026-08-07T20:25:02.822Z - GET /api/settings
2026-08-07T20:25:03.046Z - GET /api/gallery
2026-08-07T20:25:03.052Z - GET /api/settings
2026-08-07T20:25:35.137Z - POST /api/settings
2026-08-07T20:25:38.452Z - GET /careers/xfgh
2026-08-07T20:25:38.553Z - GET /@vite/client
2026-08-07T20:25:38.559Z - GET /index.tsx
2026-08-07T20:25:38.565Z - GET /@react-refresh
2026-08-07T20:25:38.707Z - GET /node_modules/vite/dist/client/env.mjs
2026-08-07T20:25:38.711Z - GET /App.tsx
2026-08-07T20:25:38.811Z - GET /pages/Schedule.tsx
2026-08-07T20:25:38.812Z - GET /pages/Home.tsx
2026-08-07T20:25:38.821Z - GET /pages/Teams.tsx
2026-08-07T20:25:38.828Z - GET /src/admin/Schedule.tsx
2026-08-07T20:25:38.836Z - GET /src/admin/Jobs.tsx
2026-08-07T20:25:38.837Z - GET /pages/Information.tsx
2026-08-07T20:25:38.838Z - GET /src/admin/Teams.tsx
2026-08-07T20:25:38.838Z - GET /components/SocialFollowerIcon.tsx
2026-08-07T20:25:38.839Z - GET /src/admin/LoginPage.tsx
2026-08-07T20:25:38.840Z - GET /pages/About.tsx
2026-08-07T20:25:38.840Z - GET /src/admin/Dashboard.tsx
2026-08-07T20:25:38.841Z - GET /pages/PlayerProfile.tsx
2026-08-07T20:25:38.858Z - GET /pages/News.tsx
2026-08-07T20:25:38.859Z - GET /pages/Socials.tsx
2026-08-07T20:25:38.860Z - GET /src/admin/Gallery.tsx
2026-08-07T20:25:38.861Z - GET /src/components/AnnouncementBar.tsx
2026-08-07T20:25:38.863Z - GET /pages/JobDetail.tsx
2026-08-07T20:25:38.863Z - GET /pages/EventDetail.tsx
2026-08-07T20:25:38.873Z - GET /src/admin/Settings.tsx
2026-08-07T20:25:38.873Z - GET /pages/Careers.tsx
2026-08-07T20:25:38.874Z - GET /pages/NewsDetail.tsx
2026-08-07T20:25:38.875Z - GET /src/admin/Users.tsx
2026-08-07T20:25:38.875Z - GET /components/NewsletterPopup.tsx
2026-08-07T20:25:38.876Z - GET /src/admin/News.tsx
2026-08-07T20:25:38.876Z - GET /src/context/SettingsContext.tsx
2026-08-07T20:25:38.877Z - GET /src/admin/Leadership.tsx
2026-08-07T20:25:38.877Z - GET /components/GlobalSearch.tsx
2026-08-07T20:25:38.878Z - GET /src/admin/Creators.tsx
2026-08-07T20:25:38.879Z - GET /constants.tsx
2026-08-07T20:25:38.892Z - GET /src/admin/Subscribers.tsx
2026-08-07T20:25:38.900Z - GET /components/Breadcrumbs.tsx
2026-08-07T20:25:38.901Z - GET /components/SEOMeta.tsx
2026-08-07T20:25:38.902Z - GET /components/ui/ArenaButton.tsx
2026-08-07T20:25:38.907Z - GET /src/utils/json.ts
2026-08-07T20:25:38.911Z - GET /src/admin/AdminLayout.tsx
2026-08-07T20:25:38.916Z - GET /src/admin/components/FormRepeater.tsx
2026-08-07T20:25:38.917Z - GET /src/components/ImageUploader.tsx
2026-08-07T20:25:38.922Z - GET /src/components/ConfirmDeleteModal.tsx
2026-08-07T20:25:38.923Z - GET /src/admin/components/FormSection.tsx
2026-08-07T20:25:38.955Z - GET /src/admin/components/Toast.tsx
2026-08-07T20:25:38.956Z - GET /src/lib/firebase.ts
2026-08-07T20:25:39.042Z - GET /firebase-applet-config.json?import
2026-08-07T20:25:39.139Z - GET /assets/Gk%20Logo.png
2026-08-07T20:25:39.194Z - GET /api/gallery
2026-08-07T20:25:39.197Z - GET /api/settings
2026-08-07T20:25:39.417Z - GET /api/gallery
2026-08-07T20:25:39.687Z - GET /api/settings
2026-08-07T20:26:29.435Z - POST /api/settings
2026-08-07T20:26:36.938Z - GET /careers/xfgh
2026-08-07T20:26:37.040Z - GET /@react-refresh
2026-08-07T20:26:37.043Z - GET /@vite/client
2026-08-07T20:26:37.045Z - GET /index.tsx
2026-08-07T20:26:37.191Z - GET /App.tsx
2026-08-07T20:26:37.195Z - GET /node_modules/vite/dist/client/env.mjs
2026-08-07T20:26:37.370Z - GET /src/admin/AdminLayout.tsx
2026-08-07T20:26:37.372Z - GET /pages/Careers.tsx
2026-08-07T20:26:37.378Z - GET /pages/JobDetail.tsx
2026-08-07T20:26:37.383Z - GET /src/components/AnnouncementBar.tsx
2026-08-07T20:26:37.385Z - GET /components/GlobalSearch.tsx
2026-08-07T20:26:37.385Z - GET /pages/Schedule.tsx
2026-08-07T20:26:37.394Z - GET /pages/Teams.tsx
2026-08-07T20:26:37.395Z - GET /pages/About.tsx
2026-08-07T20:26:37.407Z - GET /pages/EventDetail.tsx
2026-08-07T20:26:37.408Z - GET /pages/Socials.tsx
2026-08-07T20:26:37.409Z - GET /pages/News.tsx
2026-08-07T20:26:37.410Z - GET /src/admin/Schedule.tsx
2026-08-07T20:26:37.411Z - GET /src/admin/News.tsx
2026-08-07T20:26:37.412Z - GET /pages/PlayerProfile.tsx
2026-08-07T20:26:37.413Z - GET /src/admin/Gallery.tsx
2026-08-07T20:26:37.414Z - GET /src/admin/LoginPage.tsx
2026-08-07T20:26:37.418Z - GET /src/admin/Dashboard.tsx
2026-08-07T20:26:37.419Z - GET /src/admin/Users.tsx
2026-08-07T20:26:37.419Z - GET /constants.tsx
2026-08-07T20:26:37.422Z - GET /src/admin/Teams.tsx
2026-08-07T20:26:37.433Z - GET /pages/Home.tsx
2026-08-07T20:26:37.436Z - GET /src/admin/Leadership.tsx
2026-08-07T20:26:37.438Z - GET /src/admin/Settings.tsx
2026-08-07T20:26:37.441Z - GET /src/admin/Creators.tsx
2026-08-07T20:26:37.444Z - GET /pages/Information.tsx
2026-08-07T20:26:37.448Z - GET /components/NewsletterPopup.tsx
2026-08-07T20:26:37.450Z - GET /src/admin/Subscribers.tsx
2026-08-07T20:26:37.452Z - GET /components/SocialFollowerIcon.tsx
2026-08-07T20:26:37.454Z - GET /src/admin/Jobs.tsx
2026-08-07T20:26:37.459Z - GET /src/context/SettingsContext.tsx
2026-08-07T20:26:37.461Z - GET /pages/NewsDetail.tsx
2026-08-07T20:26:37.472Z - GET /components/ui/ArenaButton.tsx
2026-08-07T20:26:37.473Z - GET /src/lib/firebase.ts
2026-08-07T20:26:37.474Z - GET /src/utils/json.ts
2026-08-07T20:26:37.475Z - GET /components/SEOMeta.tsx
2026-08-07T20:26:37.476Z - GET /components/Breadcrumbs.tsx
2026-08-07T20:26:37.499Z - GET /src/components/ImageUploader.tsx
2026-08-07T20:26:37.500Z - GET /src/components/ConfirmDeleteModal.tsx
2026-08-07T20:26:37.507Z - GET /src/admin/components/FormRepeater.tsx
2026-08-07T20:26:37.507Z - GET /src/admin/components/Toast.tsx
2026-08-07T20:26:37.508Z - GET /src/admin/components/FormSection.tsx
2026-08-07T20:26:37.566Z - GET /firebase-applet-config.json?import
2026-08-07T20:26:37.660Z - GET /assets/Gk%20Logo.png
2026-08-07T20:26:37.713Z - GET /api/gallery
2026-08-07T20:26:37.717Z - GET /api/settings
2026-08-07T20:26:37.961Z - GET /api/gallery
2026-08-07T20:26:38.218Z - GET /api/settings
2026-08-07T20:26:48.515Z - POST /api/settings
2026-08-07T20:27:20.898Z - GET /api/users
2026-08-07T20:27:21.537Z - GET /api/users
2026-08-07T20:27:37.620Z - GET /api/leadership
2026-08-07T20:27:37.863Z - GET /api/leadership
2026-08-07T20:28:07.267Z - GET /
2026-08-07T20:28:11.176Z - GET /
2026-08-07T20:28:11.742Z - GET /index.tsx
2026-08-07T20:28:11.744Z - GET /@vite/client
2026-08-07T20:28:11.747Z - GET /@react-refresh
2026-08-07T20:28:11.966Z - GET /App.tsx
2026-08-07T20:28:11.990Z - GET /node_modules/vite/dist/client/env.mjs
2026-08-07T20:28:13.293Z - GET /pages/Home.tsx
2026-08-07T20:28:13.298Z - GET /pages/Teams.tsx
2026-08-07T20:28:13.334Z - GET /pages/About.tsx
2026-08-07T20:28:13.406Z - GET /pages/Careers.tsx
2026-08-07T20:28:13.438Z - GET /pages/Schedule.tsx
2026-08-07T20:28:13.468Z - GET /components/GlobalSearch.tsx
2026-08-07T20:28:13.470Z - GET /components/NewsletterPopup.tsx
2026-08-07T20:28:13.476Z - GET /pages/PlayerProfile.tsx
2026-08-07T20:28:13.484Z - GET /components/SocialFollowerIcon.tsx
2026-08-07T20:28:13.486Z - GET /pages/EventDetail.tsx
2026-08-07T20:28:13.487Z - GET /pages/Socials.tsx
2026-08-07T20:28:13.488Z - GET /src/admin/Jobs.tsx
2026-08-07T20:28:13.488Z - GET /src/admin/News.tsx
2026-08-07T20:28:13.489Z - GET /src/admin/Users.tsx
2026-08-07T20:28:13.490Z - GET /pages/News.tsx
2026-08-07T20:28:13.491Z - GET /src/admin/Gallery.tsx
2026-08-07T20:28:13.491Z - GET /pages/NewsDetail.tsx
2026-08-07T20:28:13.492Z - GET /src/admin/Subscribers.tsx
2026-08-07T20:28:13.493Z - GET /src/admin/LoginPage.tsx
2026-08-07T20:28:13.493Z - GET /src/components/AnnouncementBar.tsx
2026-08-07T20:28:13.494Z - GET /src/admin/Schedule.tsx
2026-08-07T20:28:13.495Z - GET /src/admin/Creators.tsx
2026-08-07T20:28:13.495Z - GET /src/context/SettingsContext.tsx
2026-08-07T20:28:13.496Z - GET /src/admin/Teams.tsx
2026-08-07T20:28:13.497Z - GET /pages/JobDetail.tsx
2026-08-07T20:28:13.498Z - GET /pages/Information.tsx
2026-08-07T20:28:13.498Z - GET /constants.tsx
2026-08-07T20:28:13.499Z - GET /src/admin/Settings.tsx
2026-08-07T20:28:13.500Z - GET /src/admin/Leadership.tsx
2026-08-07T20:28:13.501Z - GET /src/admin/AdminLayout.tsx
2026-08-07T20:28:13.501Z - GET /src/admin/Dashboard.tsx
2026-08-07T20:28:13.509Z - GET /components/Breadcrumbs.tsx
2026-08-07T20:28:13.514Z - GET /src/utils/json.ts
2026-08-07T20:28:13.518Z - GET /components/SEOMeta.tsx
2026-08-07T20:28:13.519Z - GET /components/ui/ArenaButton.tsx
2026-08-07T20:28:13.549Z - GET /src/lib/firebase.ts
2026-08-07T20:28:13.581Z - GET /src/components/ConfirmDeleteModal.tsx
2026-08-07T20:28:13.595Z - GET /src/components/ImageUploader.tsx
2026-08-07T20:28:13.597Z - GET /src/admin/components/Toast.tsx
2026-08-07T20:28:13.601Z - GET /src/admin/components/FormSection.tsx
2026-08-07T20:28:13.603Z - GET /src/admin/components/FormRepeater.tsx
2026-08-07T20:28:13.629Z - GET /firebase-applet-config.json?import
2026-08-07T20:28:13.752Z - GET /assets/Gk%20Logo.png
2026-08-07T20:28:13.934Z - GET /api/news
2026-08-07T20:28:13.950Z - GET /api/teams
2026-08-07T20:28:13.953Z - GET /api/events
2026-08-07T20:28:13.957Z - GET /api/settings
2026-08-07T20:28:13.961Z - GET /api/stats
2026-08-07T20:28:14.267Z - GET /api/news
2026-08-07T20:28:14.273Z - GET /api/settings
2026-08-07T20:28:14.461Z - GET /api/events
2026-08-07T20:28:14.472Z - GET /api/teams
2026-08-07T20:28:15.511Z - GET /api/stats
2026-08-07T20:28:16.565Z - GET /assets/mouse.png
2026-08-07T20:28:16.569Z - GET /assets/jearsy.png
2026-08-07T20:28:16.572Z - GET /assets/mat.png
2026-08-07T20:28:16.577Z - GET /assets/bag.png
2026-08-07T20:28:16.579Z - GET /assets/frame.png
2026-08-07T20:28:27.135Z - GET /
2026-08-07T20:28:27.231Z - GET /index.tsx
2026-08-07T20:28:27.234Z - GET /@vite/client
2026-08-07T20:28:27.239Z - GET /@react-refresh
2026-08-07T20:28:27.402Z - GET /node_modules/vite/dist/client/env.mjs
2026-08-07T20:28:27.404Z - GET /App.tsx
2026-08-07T20:28:27.507Z - GET /pages/Careers.tsx
2026-08-07T20:28:27.511Z - GET /pages/Teams.tsx
2026-08-07T20:28:27.513Z - GET /pages/Schedule.tsx
2026-08-07T20:28:27.518Z - GET /pages/JobDetail.tsx
2026-08-07T20:28:27.521Z - GET /pages/About.tsx
2026-08-07T20:28:27.526Z - GET /src/admin/Settings.tsx
2026-08-07T20:28:27.530Z - GET /pages/PlayerProfile.tsx
2026-08-07T20:28:27.533Z - GET /components/SocialFollowerIcon.tsx
2026-08-07T20:28:27.535Z - GET /pages/EventDetail.tsx
2026-08-07T20:28:27.539Z - GET /src/admin/Gallery.tsx
2026-08-07T20:28:27.542Z - GET /src/admin/Subscribers.tsx
2026-08-07T20:28:27.546Z - GET /src/admin/Users.tsx
2026-08-07T20:28:27.550Z - GET /src/admin/Schedule.tsx
2026-08-07T20:28:27.553Z - GET /pages/Socials.tsx
2026-08-07T20:28:27.556Z - GET /src/admin/Jobs.tsx
2026-08-07T20:28:27.561Z - GET /pages/Home.tsx
2026-08-07T20:28:27.563Z - GET /pages/NewsDetail.tsx
2026-08-07T20:28:27.564Z - GET /src/admin/Leadership.tsx
2026-08-07T20:28:27.569Z - GET /pages/Information.tsx
2026-08-07T20:28:27.571Z - GET /src/admin/AdminLayout.tsx
2026-08-07T20:28:27.573Z - GET /src/context/SettingsContext.tsx
2026-08-07T20:28:27.576Z - GET /src/admin/LoginPage.tsx
2026-08-07T20:28:27.580Z - GET /src/admin/Dashboard.tsx
2026-08-07T20:28:27.581Z - GET /components/NewsletterPopup.tsx
2026-08-07T20:28:27.586Z - GET /constants.tsx
2026-08-07T20:28:27.588Z - GET /pages/News.tsx
2026-08-07T20:28:27.590Z - GET /src/admin/Teams.tsx
2026-08-07T20:28:27.593Z - GET /components/GlobalSearch.tsx
2026-08-07T20:28:27.599Z - GET /src/admin/News.tsx
2026-08-07T20:28:27.602Z - GET /src/components/AnnouncementBar.tsx
2026-08-07T20:28:27.606Z - GET /src/admin/Creators.tsx
2026-08-07T20:28:27.608Z - GET /components/Breadcrumbs.tsx
2026-08-07T20:28:27.611Z - GET /components/SEOMeta.tsx
2026-08-07T20:28:27.615Z - GET /src/utils/json.ts
2026-08-07T20:28:27.617Z - GET /components/ui/ArenaButton.tsx
2026-08-07T20:28:27.621Z - GET /src/admin/components/Toast.tsx
2026-08-07T20:28:27.624Z - GET /src/components/ConfirmDeleteModal.tsx
2026-08-07T20:28:27.625Z - GET /src/components/ImageUploader.tsx
2026-08-07T20:28:27.629Z - GET /src/lib/firebase.ts
2026-08-07T20:28:27.635Z - GET /src/admin/components/FormSection.tsx
2026-08-07T20:28:27.638Z - GET /src/admin/components/FormRepeater.tsx
2026-08-07T20:28:27.709Z - GET /firebase-applet-config.json?import
2026-08-07T20:28:27.809Z - GET /assets/Gk%20Logo.png
2026-08-07T20:28:27.966Z - GET /api/settings
2026-08-07T20:28:27.969Z - GET /api/stats
2026-08-07T20:28:27.973Z - GET /api/health
2026-08-07T20:28:28.049Z - GET /api/health
2026-08-07T20:28:28.271Z - GET /api/settings
2026-08-07T20:28:28.996Z - GET /api/stats
2026-08-07T20:28:29.002Z - GET /api/activity
2026-08-07T20:28:30.046Z - GET /api/activity
2026-08-07T20:28:34.320Z - POST /api/settings
2026-08-07T20:28:37.436Z - GET /api/teams
2026-08-07T20:28:37.439Z - GET /api/stats
2026-08-07T20:28:37.441Z - GET /api/news
2026-08-07T20:28:37.444Z - GET /api/events
2026-08-07T20:28:37.670Z - GET /api/teams
2026-08-07T20:28:37.686Z - GET /api/news
2026-08-07T20:28:37.697Z - GET /api/events
2026-08-07T20:28:38.697Z - GET /api/stats
2026-08-07T20:28:39.799Z - GET /assets/jearsy.png
2026-08-07T20:28:39.803Z - GET /assets/mat.png
2026-08-07T20:28:39.809Z - GET /assets/frame.png
2026-08-07T20:28:39.812Z - GET /assets/bag.png
2026-08-07T20:28:39.813Z - GET /assets/mouse.png
2026-08-07T20:28:42.335Z - GET /careers/xfgh
2026-08-07T20:28:42.439Z - GET /@vite/client
2026-08-07T20:28:42.446Z - GET /index.tsx
2026-08-07T20:28:42.449Z - GET /@react-refresh
2026-08-07T20:28:42.605Z - GET /node_modules/vite/dist/client/env.mjs
2026-08-07T20:28:42.611Z - GET /App.tsx
2026-08-07T20:28:42.710Z - GET /pages/Home.tsx
2026-08-07T20:28:42.715Z - GET /pages/Schedule.tsx
2026-08-07T20:28:42.730Z - GET /pages/EventDetail.tsx
2026-08-07T20:28:42.732Z - GET /src/context/SettingsContext.tsx
2026-08-07T20:28:42.737Z - GET /components/GlobalSearch.tsx
2026-08-07T20:28:42.742Z - GET /pages/Socials.tsx
2026-08-07T20:28:42.743Z - GET /pages/News.tsx
2026-08-07T20:28:42.747Z - GET /components/SocialFollowerIcon.tsx
2026-08-07T20:28:42.747Z - GET /src/admin/Settings.tsx
2026-08-07T20:28:42.753Z - GET /src/admin/Subscribers.tsx
2026-08-07T20:28:42.757Z - GET /src/admin/Users.tsx
2026-08-07T20:28:42.758Z - GET /src/components/AnnouncementBar.tsx
2026-08-07T20:28:42.760Z - GET /src/admin/LoginPage.tsx
2026-08-07T20:28:42.768Z - GET /src/admin/Schedule.tsx
2026-08-07T20:28:42.769Z - GET /src/admin/Gallery.tsx
2026-08-07T20:28:42.770Z - GET /components/NewsletterPopup.tsx
2026-08-07T20:28:42.771Z - GET /pages/Teams.tsx
2026-08-07T20:28:42.772Z - GET /src/admin/Dashboard.tsx
2026-08-07T20:28:42.773Z - GET /pages/Information.tsx
2026-08-07T20:28:42.773Z - GET /src/admin/Jobs.tsx
2026-08-07T20:28:42.774Z - GET /src/admin/News.tsx
2026-08-07T20:28:42.779Z - GET /pages/Careers.tsx
2026-08-07T20:28:42.780Z - GET /pages/NewsDetail.tsx
2026-08-07T20:28:42.781Z - GET /src/admin/Teams.tsx
2026-08-07T20:28:42.781Z - GET /src/admin/Creators.tsx
2026-08-07T20:28:42.782Z - GET /pages/JobDetail.tsx
2026-08-07T20:28:42.783Z - GET /src/admin/Leadership.tsx
2026-08-07T20:28:42.784Z - GET /pages/About.tsx
2026-08-07T20:28:42.784Z - GET /pages/PlayerProfile.tsx
2026-08-07T20:28:42.786Z - GET /src/admin/AdminLayout.tsx
2026-08-07T20:28:42.786Z - GET /constants.tsx
2026-08-07T20:28:42.805Z - GET /components/ui/ArenaButton.tsx
2026-08-07T20:28:42.806Z - GET /components/SEOMeta.tsx
2026-08-07T20:28:42.807Z - GET /src/utils/json.ts
2026-08-07T20:28:42.808Z - GET /components/Breadcrumbs.tsx
2026-08-07T20:28:42.846Z - GET /src/components/ConfirmDeleteModal.tsx
2026-08-07T20:28:42.851Z - GET /src/lib/firebase.ts
2026-08-07T20:28:42.858Z - GET /src/admin/components/FormRepeater.tsx
2026-08-07T20:28:42.859Z - GET /src/components/ImageUploader.tsx
2026-08-07T20:28:42.863Z - GET /src/admin/components/Toast.tsx
2026-08-07T20:28:42.866Z - GET /src/admin/components/FormSection.tsx
2026-08-07T20:28:42.937Z - GET /firebase-applet-config.json?import
2026-08-07T20:28:43.041Z - GET /assets/Gk%20Logo.png
2026-08-07T20:28:43.069Z - GET /api/stats
2026-08-07T20:28:43.071Z - GET /api/events
2026-08-07T20:28:43.074Z - GET /api/teams
2026-08-07T20:28:43.076Z - GET /api/news
2026-08-07T20:28:43.077Z - GET /api/settings
2026-08-07T20:28:43.321Z - GET /api/news
2026-08-07T20:28:43.328Z - GET /api/settings
2026-08-07T20:28:43.333Z - GET /api/teams
2026-08-07T20:28:43.590Z - GET /api/events
2026-08-07T20:28:44.380Z - GET /api/stats
2026-08-07T20:28:45.428Z - GET /assets/jearsy.png
2026-08-07T20:28:45.432Z - GET /assets/mat.png
2026-08-07T20:28:45.435Z - GET /assets/mouse.png
2026-08-07T20:28:45.437Z - GET /assets/frame.png
2026-08-07T20:28:45.439Z - GET /assets/bag.png
2026-08-07T20:30:09.611Z - GET /
2026-08-07T20:30:12.835Z - GET /
2026-08-07T20:30:13.376Z - GET /@vite/client
2026-08-07T20:30:13.379Z - GET /index.tsx
2026-08-07T20:30:13.380Z - GET /@react-refresh
2026-08-07T20:30:13.570Z - GET /App.tsx
2026-08-07T20:30:13.629Z - GET /node_modules/vite/dist/client/env.mjs
2026-08-07T20:30:14.805Z - GET /pages/Home.tsx
2026-08-07T20:30:14.820Z - GET /components/GlobalSearch.tsx
2026-08-07T20:30:14.824Z - GET /components/NewsletterPopup.tsx
2026-08-07T20:30:14.853Z - GET /components/SocialFollowerIcon.tsx
2026-08-07T20:30:14.903Z - GET /pages/Socials.tsx
2026-08-07T20:30:14.928Z - GET /src/admin/Users.tsx
2026-08-07T20:30:14.952Z - GET /src/admin/Teams.tsx
2026-08-07T20:30:14.957Z - GET /pages/EventDetail.tsx
2026-08-07T20:30:14.965Z - GET /src/admin/Creators.tsx
2026-08-07T20:30:14.969Z - GET /pages/About.tsx
2026-08-07T20:30:14.971Z - GET /src/admin/Settings.tsx
2026-08-07T20:30:14.975Z - GET /src/admin/News.tsx
2026-08-07T20:30:14.978Z - GET /src/admin/Schedule.tsx
2026-08-07T20:30:14.981Z - GET /src/admin/Gallery.tsx
2026-08-07T20:30:14.984Z - GET /pages/JobDetail.tsx
2026-08-07T20:30:14.988Z - GET /pages/Teams.tsx
2026-08-07T20:30:14.992Z - GET /src/admin/AdminLayout.tsx
2026-08-07T20:30:14.995Z - GET /constants.tsx
2026-08-07T20:30:14.998Z - GET /src/admin/Dashboard.tsx
2026-08-07T20:30:15.001Z - GET /src/admin/Leadership.tsx
2026-08-07T20:30:15.003Z - GET /pages/NewsDetail.tsx
2026-08-07T20:30:15.007Z - GET /pages/PlayerProfile.tsx
2026-08-07T20:30:15.009Z - GET /src/admin/Subscribers.tsx
2026-08-07T20:30:15.012Z - GET /pages/News.tsx
2026-08-07T20:30:15.015Z - GET /src/admin/LoginPage.tsx
2026-08-07T20:30:15.018Z - GET /src/admin/Jobs.tsx
2026-08-07T20:30:15.021Z - GET /pages/Careers.tsx
2026-08-07T20:30:15.024Z - GET /pages/Information.tsx
2026-08-07T20:30:15.027Z - GET /pages/Schedule.tsx
2026-08-07T20:30:15.031Z - GET /src/components/AnnouncementBar.tsx
2026-08-07T20:30:15.036Z - GET /src/context/SettingsContext.tsx
2026-08-07T20:30:15.038Z - GET /components/ui/ArenaButton.tsx
2026-08-07T20:30:15.042Z - GET /components/SEOMeta.tsx
2026-08-07T20:30:15.044Z - GET /src/lib/firebase.ts
2026-08-07T20:30:15.047Z - GET /components/Breadcrumbs.tsx
2026-08-07T20:30:15.049Z - GET /src/components/ConfirmDeleteModal.tsx
2026-08-07T20:30:15.053Z - GET /src/admin/components/FormRepeater.tsx
2026-08-07T20:30:15.055Z - GET /src/components/ImageUploader.tsx
2026-08-07T20:30:15.057Z - GET /src/admin/components/Toast.tsx
2026-08-07T20:30:15.066Z - GET /src/admin/components/FormSection.tsx
2026-08-07T20:30:15.068Z - GET /src/utils/json.ts
2026-08-07T20:30:15.128Z - GET /firebase-applet-config.json?import
2026-08-07T20:30:15.225Z - GET /assets/Gk%20Logo.png
2026-08-07T20:30:15.467Z - GET /api/news
2026-08-07T20:30:15.484Z - GET /api/stats
2026-08-07T20:30:15.488Z - GET /api/settings
2026-08-07T20:30:15.491Z - GET /api/events
2026-08-07T20:30:15.495Z - GET /api/teams
2026-08-07T20:30:16.033Z - GET /api/settings
2026-08-07T20:30:16.042Z - GET /api/teams
2026-08-07T20:30:16.046Z - GET /api/news
2026-08-07T20:30:16.049Z - GET /api/events
2026-08-07T20:30:17.171Z - GET /api/stats
2026-08-07T20:30:18.493Z - GET /assets/frame.png
2026-08-07T20:30:18.498Z - GET /assets/mat.png
2026-08-07T20:30:18.500Z - GET /assets/bag.png
2026-08-07T20:30:18.503Z - GET /assets/mouse.png
2026-08-07T20:30:18.504Z - GET /assets/jearsy.png
2026-08-07T20:31:15.356Z - GET /api/creators
2026-08-07T20:31:15.361Z - GET /api/teams
2026-08-07T20:31:15.848Z - GET /api/creators
2026-08-07T20:31:15.855Z - GET /api/teams
2026-08-07T20:31:16.340Z - GET /api/teams/5/players
2026-08-07T20:31:16.357Z - GET /api/teams/4/players
2026-08-07T20:31:16.422Z - GET /api/teams/6/players
2026-08-07T20:31:22.611Z - GET /api/news
2026-08-07T20:31:22.615Z - GET /api/events
2026-08-07T20:31:22.621Z - GET /api/stats
2026-08-07T20:31:22.625Z - GET /api/teams
2026-08-07T20:31:22.891Z - GET /api/news
2026-08-07T20:31:22.955Z - GET /api/teams
2026-08-07T20:31:22.961Z - GET /api/events
2026-08-07T20:31:23.948Z - GET /api/stats
2026-08-07T20:31:25.007Z - GET /assets/jearsy.png
2026-08-07T20:32:55.894Z - GET /api/teams
2026-08-07T20:32:55.899Z - GET /api/creators
2026-08-07T20:32:56.265Z - GET /api/creators
2026-08-07T20:32:56.266Z - GET /api/teams
2026-08-07T20:32:56.514Z - GET /api/teams/4/players
2026-08-07T20:32:56.516Z - GET /api/teams/5/players
2026-08-07T20:32:56.519Z - GET /api/teams/6/players
2026-08-07T20:33:04.920Z - GET /
2026-08-07T20:33:05.032Z - GET /@vite/client
2026-08-07T20:33:05.034Z - GET /@react-refresh
2026-08-07T20:33:05.054Z - GET /index.tsx
2026-08-07T20:33:05.186Z - GET /node_modules/vite/dist/client/env.mjs
2026-08-07T20:33:05.187Z - GET /App.tsx
2026-08-07T20:33:05.344Z - GET /pages/Home.tsx
2026-08-07T20:33:05.351Z - GET /pages/News.tsx
2026-08-07T20:33:05.352Z - GET /components/NewsletterPopup.tsx
2026-08-07T20:33:05.356Z - GET /components/SocialFollowerIcon.tsx
2026-08-07T20:33:05.363Z - GET /src/admin/Users.tsx
2026-08-07T20:33:05.365Z - GET /src/admin/Creators.tsx
2026-08-07T20:33:05.371Z - GET /pages/JobDetail.tsx
2026-08-07T20:33:05.373Z - GET /pages/NewsDetail.tsx
2026-08-07T20:33:05.373Z - GET /src/admin/News.tsx
2026-08-07T20:33:05.375Z - GET /src/admin/Teams.tsx
2026-08-07T20:33:05.378Z - GET /src/admin/Settings.tsx
2026-08-07T20:33:05.381Z - GET /pages/PlayerProfile.tsx
2026-08-07T20:33:05.383Z - GET /src/admin/Subscribers.tsx
2026-08-07T20:33:05.387Z - GET /src/admin/Gallery.tsx
2026-08-07T20:33:05.388Z - GET /src/admin/AdminLayout.tsx
2026-08-07T20:33:05.391Z - GET /src/admin/Schedule.tsx
2026-08-07T20:33:05.393Z - GET /src/admin/Leadership.tsx
2026-08-07T20:33:05.395Z - GET /pages/Careers.tsx
2026-08-07T20:33:05.398Z - GET /src/admin/Dashboard.tsx
2026-08-07T20:33:05.399Z - GET /pages/About.tsx
2026-08-07T20:33:05.401Z - GET /src/context/SettingsContext.tsx
2026-08-07T20:33:05.403Z - GET /pages/Socials.tsx
2026-08-07T20:33:05.407Z - GET /components/GlobalSearch.tsx
2026-08-07T20:33:05.408Z - GET /pages/Information.tsx
2026-08-07T20:33:05.411Z - GET /pages/Teams.tsx
2026-08-07T20:33:05.414Z - GET /pages/EventDetail.tsx
2026-08-07T20:33:05.417Z - GET /pages/Schedule.tsx
2026-08-07T20:33:05.420Z - GET /src/admin/LoginPage.tsx
2026-08-07T20:33:05.421Z - GET /constants.tsx
2026-08-07T20:33:05.424Z - GET /src/components/AnnouncementBar.tsx
2026-08-07T20:33:05.426Z - GET /src/admin/Jobs.tsx
2026-08-07T20:33:05.431Z - GET /components/SEOMeta.tsx
2026-08-07T20:33:05.433Z - GET /components/ui/ArenaButton.tsx
2026-08-07T20:33:05.437Z - GET /components/Breadcrumbs.tsx
2026-08-07T20:33:05.441Z - GET /src/lib/firebase.ts
2026-08-07T20:33:05.444Z - GET /src/components/ConfirmDeleteModal.tsx
2026-08-07T20:33:05.450Z - GET /src/components/ImageUploader.tsx
2026-08-07T20:33:05.451Z - GET /src/admin/components/Toast.tsx
2026-08-07T20:33:05.455Z - GET /src/utils/json.ts
2026-08-07T20:33:05.460Z - GET /src/admin/components/FormSection.tsx
2026-08-07T20:33:05.464Z - GET /src/admin/components/FormRepeater.tsx
2026-08-07T20:33:05.523Z - GET /firebase-applet-config.json?import
2026-08-07T20:33:05.624Z - GET /assets/Gk%20Logo.png
2026-08-07T20:33:05.755Z - GET /api/settings
2026-08-07T20:33:05.758Z - GET /api/health
2026-08-07T20:33:05.760Z - GET /api/stats
2026-08-07T20:33:05.837Z - GET /api/health
2026-08-07T20:33:06.039Z - GET /api/settings
2026-08-07T20:33:06.801Z - GET /api/stats
2026-08-07T20:33:06.804Z - GET /api/activity
2026-08-07T20:33:07.818Z - GET /api/activity
2026-08-07T20:33:08.261Z - GET /api/teams
2026-08-07T20:33:08.488Z - GET /api/teams
2026-08-07T20:33:09.903Z - GET /api/teams/5/players
2026-08-07T20:33:19.038Z - PUT /api/teams/5
2026-08-07T20:33:19.314Z - GET /api/teams
2026-08-07T20:33:25.493Z - PUT /api/teams/4
2026-08-07T20:33:25.749Z - GET /api/teams
2026-08-07T20:33:28.819Z - PUT /api/teams/6
2026-08-07T20:33:29.049Z - GET /api/teams
2026-08-07T20:33:35.396Z - GET /careers/xfgh
2026-08-07T20:33:35.508Z - GET /@vite/client
2026-08-07T20:33:35.512Z - GET /@react-refresh
2026-08-07T20:33:35.514Z - GET /index.tsx
2026-08-07T20:33:35.662Z - GET /node_modules/vite/dist/client/env.mjs
2026-08-07T20:33:35.664Z - GET /App.tsx
2026-08-07T20:33:35.766Z - GET /pages/Home.tsx
2026-08-07T20:33:35.782Z - GET /pages/Schedule.tsx
2026-08-07T20:33:35.784Z - GET /pages/EventDetail.tsx
2026-08-07T20:33:35.788Z - GET /components/SocialFollowerIcon.tsx
2026-08-07T20:33:35.789Z - GET /components/NewsletterPopup.tsx
2026-08-07T20:33:35.790Z - GET /pages/NewsDetail.tsx
2026-08-07T20:33:35.791Z - GET /pages/PlayerProfile.tsx
2026-08-07T20:33:35.796Z - GET /src/admin/Subscribers.tsx
2026-08-07T20:33:35.803Z - GET /src/admin/Schedule.tsx
2026-08-07T20:33:35.804Z - GET /src/admin/Jobs.tsx
2026-08-07T20:33:35.806Z - GET /src/admin/LoginPage.tsx
2026-08-07T20:33:35.807Z - GET /src/admin/Leadership.tsx
2026-08-07T20:33:35.808Z - GET /pages/News.tsx
2026-08-07T20:33:35.809Z - GET /src/admin/Teams.tsx
2026-08-07T20:33:35.810Z - GET /src/admin/Creators.tsx
2026-08-07T20:33:35.811Z - GET /src/admin/News.tsx
2026-08-07T20:33:35.811Z - GET /src/admin/Gallery.tsx
2026-08-07T20:33:35.812Z - GET /src/admin/Settings.tsx
2026-08-07T20:33:35.813Z - GET /pages/Socials.tsx
2026-08-07T20:33:35.813Z - GET /src/admin/Users.tsx
2026-08-07T20:33:35.814Z - GET /pages/Careers.tsx
2026-08-07T20:33:35.815Z - GET /src/admin/Dashboard.tsx
2026-08-07T20:33:35.815Z - GET /pages/Teams.tsx
2026-08-07T20:33:35.816Z - GET /pages/About.tsx
2026-08-07T20:33:35.817Z - GET /components/GlobalSearch.tsx
2026-08-07T20:33:35.817Z - GET /pages/JobDetail.tsx
2026-08-07T20:33:35.818Z - GET /src/admin/AdminLayout.tsx
2026-08-07T20:33:35.832Z - GET /constants.tsx
2026-08-07T20:33:35.834Z - GET /src/context/SettingsContext.tsx
2026-08-07T20:33:35.836Z - GET /src/components/AnnouncementBar.tsx
2026-08-07T20:33:35.837Z - GET /pages/Information.tsx
2026-08-07T20:33:35.847Z - GET /components/SEOMeta.tsx
2026-08-07T20:33:35.848Z - GET /components/ui/ArenaButton.tsx
2026-08-07T20:33:35.864Z - GET /src/utils/json.ts
2026-08-07T20:33:35.865Z - GET /components/Breadcrumbs.tsx
2026-08-07T20:33:35.882Z - GET /src/components/ConfirmDeleteModal.tsx
2026-08-07T20:33:35.884Z - GET /src/lib/firebase.ts
2026-08-07T20:33:35.889Z - GET /src/admin/components/FormSection.tsx
2026-08-07T20:33:35.890Z - GET /src/components/ImageUploader.tsx
2026-08-07T20:33:35.890Z - GET /src/admin/components/FormRepeater.tsx
2026-08-07T20:33:35.909Z - GET /src/admin/components/Toast.tsx
2026-08-07T20:33:35.966Z - GET /firebase-applet-config.json?import
2026-08-07T20:33:36.065Z - GET /assets/Gk%20Logo.png
2026-08-07T20:33:36.092Z - GET /api/teams
2026-08-07T20:33:36.094Z - GET /api/events
2026-08-07T20:33:36.096Z - GET /api/news
2026-08-07T20:33:36.098Z - GET /api/stats
2026-08-07T20:33:36.100Z - GET /api/settings
2026-08-07T20:33:36.359Z - GET /api/events
2026-08-07T20:33:36.363Z - GET /api/news
2026-08-07T20:33:36.369Z - GET /api/settings
2026-08-07T20:33:36.374Z - GET /api/teams
2026-08-07T20:33:37.091Z - GET /api/stats
2026-08-07T20:33:38.143Z - GET /assets/jearsy.png
2026-08-07T20:33:38.152Z - GET /assets/mat.png
2026-08-07T20:33:38.157Z - GET /assets/mouse.png
2026-08-07T20:33:38.161Z - GET /assets/frame.png
2026-08-07T20:33:38.164Z - GET /assets/bag.png
2026-08-07T20:33:43.386Z - GET /api/teams
2026-08-07T20:33:43.389Z - GET /api/creators
2026-08-07T20:33:43.619Z - GET /api/creators
2026-08-07T20:33:43.625Z - GET /api/teams
2026-08-07T20:33:43.859Z - GET /api/teams/6/players
2026-08-07T20:33:43.862Z - GET /api/teams/5/players
2026-08-07T20:33:43.865Z - GET /api/teams/4/players
2026-08-07T20:33:56.271Z - GET /api/health
2026-08-07T20:33:56.274Z - GET /api/stats
2026-08-07T20:33:56.347Z - GET /api/health
2026-08-07T20:33:57.312Z - GET /api/stats
2026-08-07T20:33:57.315Z - GET /api/activity
2026-08-07T20:33:58.334Z - GET /api/activity
2026-08-07T20:34:01.999Z - GET /api/teams
2026-08-07T20:34:02.311Z - GET /api/teams
2026-08-07T20:34:07.216Z - PUT /api/teams/5
2026-08-07T20:34:07.472Z - GET /api/teams
2026-08-07T20:36:17.872Z - GET /
2026-08-07T20:36:22.438Z - GET /
2026-08-07T20:36:22.974Z - GET /index.tsx
2026-08-07T20:36:22.975Z - GET /@vite/client
2026-08-07T20:36:22.977Z - GET /@react-refresh
2026-08-07T20:36:23.184Z - GET /App.tsx
2026-08-07T20:36:23.189Z - GET /node_modules/vite/dist/client/env.mjs
2026-08-07T20:36:24.451Z - GET /src/admin/LoginPage.tsx
2026-08-07T20:36:24.455Z - GET /src/admin/Leadership.tsx
2026-08-07T20:36:24.457Z - GET /src/admin/Dashboard.tsx
2026-08-07T20:36:24.458Z - GET /pages/Careers.tsx
2026-08-07T20:36:24.459Z - GET /src/admin/Creators.tsx
2026-08-07T20:36:24.460Z - GET /src/admin/AdminLayout.tsx
2026-08-07T20:36:24.461Z - GET /pages/Teams.tsx
2026-08-07T20:36:24.462Z - GET /pages/JobDetail.tsx
2026-08-07T20:36:24.463Z - GET /src/admin/Schedule.tsx
2026-08-07T20:36:24.464Z - GET /pages/About.tsx
2026-08-07T20:36:24.465Z - GET /pages/Information.tsx
2026-08-07T20:36:24.465Z - GET /src/admin/Jobs.tsx
2026-08-07T20:36:24.466Z - GET /pages/Schedule.tsx
2026-08-07T20:36:24.467Z - GET /pages/Home.tsx
2026-08-07T20:36:24.479Z - GET /src/admin/Settings.tsx
2026-08-07T20:36:24.541Z - GET /src/admin/Subscribers.tsx
2026-08-07T20:36:24.575Z - GET /src/admin/Users.tsx
2026-08-07T20:36:24.604Z - GET /src/admin/Gallery.tsx
2026-08-07T20:36:24.607Z - GET /src/admin/Teams.tsx
2026-08-07T20:36:24.611Z - GET /pages/EventDetail.tsx
2026-08-07T20:36:24.614Z - GET /components/SocialFollowerIcon.tsx
2026-08-07T20:36:24.617Z - GET /components/NewsletterPopup.tsx
2026-08-07T20:36:24.618Z - GET /pages/NewsDetail.tsx
2026-08-07T20:36:24.620Z - GET /src/components/AnnouncementBar.tsx
2026-08-07T20:36:24.625Z - GET /pages/PlayerProfile.tsx
2026-08-07T20:36:24.628Z - GET /pages/News.tsx
2026-08-07T20:36:24.629Z - GET /src/admin/News.tsx
2026-08-07T20:36:24.634Z - GET /pages/Socials.tsx
2026-08-07T20:36:24.635Z - GET /src/context/SettingsContext.tsx
2026-08-07T20:36:24.639Z - GET /constants.tsx
2026-08-07T20:36:24.642Z - GET /components/GlobalSearch.tsx
2026-08-07T20:36:24.644Z - GET /components/ui/ArenaButton.tsx
2026-08-07T20:36:24.647Z - GET /src/lib/firebase.ts
2026-08-07T20:36:24.650Z - GET /src/utils/json.ts
2026-08-07T20:36:24.653Z - GET /src/components/ConfirmDeleteModal.tsx
2026-08-07T20:36:24.655Z - GET /components/SEOMeta.tsx
2026-08-07T20:36:24.659Z - GET /src/components/ImageUploader.tsx
2026-08-07T20:36:24.664Z - GET /components/Breadcrumbs.tsx
2026-08-07T20:36:24.667Z - GET /src/admin/components/Toast.tsx
2026-08-07T20:36:24.670Z - GET /src/admin/components/FormSection.tsx
2026-08-07T20:36:24.673Z - GET /src/admin/components/FormRepeater.tsx
2026-08-07T20:36:24.727Z - GET /firebase-applet-config.json?import
2026-08-07T20:36:24.826Z - GET /assets/Gk%20Logo.png
2026-08-07T20:36:25.011Z - GET /api/settings
2026-08-07T20:36:25.029Z - GET /api/news
2026-08-07T20:36:25.035Z - GET /api/teams
2026-08-07T20:36:25.040Z - GET /api/events
2026-08-07T20:36:25.044Z - GET /api/stats
2026-08-07T20:36:25.383Z - GET /api/news
2026-08-07T20:36:25.389Z - GET /api/settings
2026-08-07T20:36:25.393Z - GET /api/events
2026-08-07T20:36:25.397Z - GET /api/teams
2026-08-07T20:36:26.412Z - GET /api/stats
2026-08-07T20:36:27.466Z - GET /assets/frame.png
2026-08-07T20:36:27.469Z - GET /assets/jearsy.png
2026-08-07T20:36:27.473Z - GET /assets/mat.png
2026-08-07T20:36:27.476Z - GET /assets/mouse.png
2026-08-07T20:36:27.478Z - GET /assets/bag.png
2026-08-07T20:36:44.325Z - GET /
2026-08-07T20:36:44.438Z - GET /@vite/client
2026-08-07T20:36:44.440Z - GET /index.tsx
2026-08-07T20:36:44.446Z - GET /@react-refresh
2026-08-07T20:36:44.612Z - GET /node_modules/vite/dist/client/env.mjs
2026-08-07T20:36:44.616Z - GET /App.tsx
2026-08-07T20:36:44.697Z - GET /pages/Home.tsx
2026-08-07T20:36:44.716Z - GET /pages/Schedule.tsx
2026-08-07T20:36:44.723Z - GET /components/NewsletterPopup.tsx
2026-08-07T20:36:44.728Z - GET /pages/EventDetail.tsx
2026-08-07T20:36:44.729Z - GET /components/SocialFollowerIcon.tsx
2026-08-07T20:36:44.730Z - GET /src/admin/Teams.tsx
2026-08-07T20:36:44.731Z - GET /pages/NewsDetail.tsx
2026-08-07T20:36:44.739Z - GET /src/admin/Subscribers.tsx
2026-08-07T20:36:44.741Z - GET /src/context/SettingsContext.tsx
2026-08-07T20:36:44.742Z - GET /pages/PlayerProfile.tsx
2026-08-07T20:36:44.743Z - GET /src/admin/Schedule.tsx
2026-08-07T20:36:44.748Z - GET /src/admin/Leadership.tsx
2026-08-07T20:36:44.749Z - GET /pages/Socials.tsx
2026-08-07T20:36:44.750Z - GET /src/admin/Jobs.tsx
2026-08-07T20:36:44.751Z - GET /src/admin/AdminLayout.tsx
2026-08-07T20:36:44.751Z - GET /src/admin/News.tsx
2026-08-07T20:36:44.752Z - GET /src/admin/Users.tsx
2026-08-07T20:36:44.753Z - GET /pages/News.tsx
2026-08-07T20:36:44.754Z - GET /pages/Information.tsx
2026-08-07T20:36:44.771Z - GET /src/admin/Gallery.tsx
2026-08-07T20:36:44.771Z - GET /pages/About.tsx
2026-08-07T20:36:44.772Z - GET /pages/Teams.tsx
2026-08-07T20:36:44.774Z - GET /pages/JobDetail.tsx
2026-08-07T20:36:44.775Z - GET /src/components/AnnouncementBar.tsx
2026-08-07T20:36:44.776Z - GET /src/admin/Creators.tsx
2026-08-07T20:36:44.777Z - GET /src/admin/Settings.tsx
2026-08-07T20:36:44.777Z - GET /src/admin/Dashboard.tsx
2026-08-07T20:36:44.778Z - GET /components/GlobalSearch.tsx
2026-08-07T20:36:44.779Z - GET /pages/Careers.tsx
2026-08-07T20:36:44.779Z - GET /constants.tsx
2026-08-07T20:36:44.780Z - GET /src/admin/LoginPage.tsx
2026-08-07T20:36:44.792Z - GET /components/ui/ArenaButton.tsx
2026-08-07T20:36:44.792Z - GET /components/SEOMeta.tsx
2026-08-07T20:36:44.799Z - GET /src/utils/json.ts
2026-08-07T20:36:44.800Z - GET /components/Breadcrumbs.tsx
2026-08-07T20:36:44.805Z - GET /src/lib/firebase.ts
2026-08-07T20:36:44.826Z - GET /src/components/ImageUploader.tsx
2026-08-07T20:36:44.828Z - GET /src/admin/components/FormRepeater.tsx
2026-08-07T20:36:44.834Z - GET /src/admin/components/FormSection.tsx
2026-08-07T20:36:44.836Z - GET /src/components/ConfirmDeleteModal.tsx
2026-08-07T20:36:44.839Z - GET /src/admin/components/Toast.tsx
2026-08-07T20:36:44.890Z - GET /firebase-applet-config.json?import
2026-08-07T20:36:44.987Z - GET /assets/Gk%20Logo.png
2026-08-07T20:36:45.149Z - GET /api/settings
2026-08-07T20:36:45.154Z - GET /api/teams
2026-08-07T20:36:45.408Z - GET /api/settings
2026-08-07T20:36:45.415Z - GET /api/teams
2026-08-07T20:36:50.311Z - PUT /api/teams/5
2026-08-07T20:36:50.573Z - GET /api/teams
2026-08-07T20:40:30.988Z - GET /api/teams
2026-08-07T20:40:35.923Z - GET /api/teams
2026-08-07T20:40:36.116Z - PUT /api/teams/5
2026-08-07T20:40:36.269Z - GET /api/teams
2026-08-07T20:41:01.968Z - GET /api/teams
2026-08-07T20:41:02.170Z - PUT /api/teams/5
2026-08-07T20:41:02.326Z - GET /api/teams
2026-08-07T20:41:26.762Z - GET /api/teams
2026-08-07T20:41:27.017Z - PUT /api/teams/5
2026-08-07T20:41:27.176Z - GET /api/teams
2026-08-07T20:41:33.587Z - GET /api/players
2026-08-07T20:41:33.788Z - PUT /api/players/7
2026-08-07T20:41:33.939Z - GET /api/players
2026-08-07T20:41:40.489Z - GET /api/news
2026-08-07T20:41:40.698Z - PUT /api/news/7
2026-08-07T20:41:41.192Z - GET /api/news
2026-08-07T20:41:41.364Z - GET /api/events
2026-08-07T20:41:41.772Z - PUT /api/events/6
2026-08-07T20:41:41.931Z - GET /api/events
2026-08-07T20:42:08.797Z - GET /
2026-08-07T20:42:15.891Z - GET /
2026-08-07T20:42:16.424Z - GET /index.tsx
2026-08-07T20:42:16.428Z - GET /@react-refresh
2026-08-07T20:42:16.438Z - GET /@vite/client
2026-08-07T20:42:16.611Z - GET /node_modules/vite/dist/client/env.mjs
2026-08-07T20:42:16.616Z - GET /App.tsx
2026-08-07T20:42:17.903Z - GET /pages/Home.tsx
2026-08-07T20:42:17.921Z - GET /pages/Schedule.tsx
2026-08-07T20:42:17.929Z - GET /pages/NewsDetail.tsx
2026-08-07T20:42:17.959Z - GET /src/admin/Subscribers.tsx
2026-08-07T20:42:18.012Z - GET /pages/EventDetail.tsx
2026-08-07T20:42:18.035Z - GET /src/admin/News.tsx
2026-08-07T20:42:18.064Z - GET /pages/Socials.tsx
2026-08-07T20:42:18.067Z - GET /src/admin/Leadership.tsx
2026-08-07T20:42:18.073Z - GET /src/admin/Jobs.tsx
2026-08-07T20:42:18.076Z - GET /pages/News.tsx
2026-08-07T20:42:18.078Z - GET /src/admin/LoginPage.tsx
2026-08-07T20:42:18.081Z - GET /pages/Careers.tsx
2026-08-07T20:42:18.083Z - GET /pages/About.tsx
2026-08-07T20:42:18.087Z - GET /src/admin/Users.tsx
2026-08-07T20:42:18.090Z - GET /src/admin/Creators.tsx
2026-08-07T20:42:18.093Z - GET /src/admin/Gallery.tsx
2026-08-07T20:42:18.096Z - GET /src/admin/AdminLayout.tsx
2026-08-07T20:42:18.099Z - GET /src/admin/Teams.tsx
2026-08-07T20:42:18.100Z - GET /src/context/SettingsContext.tsx
2026-08-07T20:42:18.105Z - GET /pages/PlayerProfile.tsx
2026-08-07T20:42:18.108Z - GET /pages/JobDetail.tsx
2026-08-07T20:42:18.110Z - GET /src/components/AnnouncementBar.tsx
2026-08-07T20:42:18.113Z - GET /components/NewsletterPopup.tsx
2026-08-07T20:42:18.115Z - GET /src/admin/Settings.tsx
2026-08-07T20:42:18.121Z - GET /src/admin/Schedule.tsx
2026-08-07T20:42:18.125Z - GET /src/admin/Dashboard.tsx
2026-08-07T20:42:18.127Z - GET /constants.tsx
2026-08-07T20:42:18.130Z - GET /components/GlobalSearch.tsx
2026-08-07T20:42:18.133Z - GET /pages/Teams.tsx
2026-08-07T20:42:18.135Z - GET /pages/Information.tsx
2026-08-07T20:42:18.143Z - GET /components/SocialFollowerIcon.tsx
2026-08-07T20:42:18.145Z - GET /components/ui/ArenaButton.tsx
2026-08-07T20:42:18.149Z - GET /components/SEOMeta.tsx
2026-08-07T20:42:18.152Z - GET /src/utils/json.ts
2026-08-07T20:42:18.154Z - GET /components/Breadcrumbs.tsx
2026-08-07T20:42:18.159Z - GET /src/components/ConfirmDeleteModal.tsx
2026-08-07T20:42:18.162Z - GET /src/lib/firebase.ts
2026-08-07T20:42:18.167Z - GET /src/components/ImageUploader.tsx
2026-08-07T20:42:18.169Z - GET /src/admin/components/Toast.tsx
2026-08-07T20:42:18.177Z - GET /src/admin/components/FormSection.tsx
2026-08-07T20:42:18.183Z - GET /src/admin/components/FormRepeater.tsx
2026-08-07T20:42:18.284Z - GET /firebase-applet-config.json?import
2026-08-07T20:42:18.400Z - GET /assets/Gk%20Logo.png
2026-08-07T20:42:18.651Z - GET /api/stats
2026-08-07T20:42:18.665Z - GET /api/teams
2026-08-07T20:42:18.669Z - GET /api/settings
2026-08-07T20:42:18.672Z - GET /api/news
2026-08-07T20:42:18.676Z - GET /api/events
2026-08-07T20:42:18.969Z - GET /api/events
2026-08-07T20:42:18.977Z - GET /api/news
2026-08-07T20:42:18.984Z - GET /api/teams
2026-08-07T20:42:19.171Z - GET /api/settings
2026-08-07T20:42:19.727Z - GET /api/stats
2026-08-07T20:42:20.773Z - GET /assets/jearsy.png
2026-08-07T20:42:20.778Z - GET /assets/frame.png
2026-08-07T20:42:20.782Z - GET /assets/mouse.png
2026-08-07T20:42:20.785Z - GET /assets/bag.png
2026-08-07T20:42:20.786Z - GET /assets/mat.png
2026-08-07T20:42:49.335Z - GET /
2026-08-07T20:42:49.440Z - GET /@vite/client
2026-08-07T20:42:49.445Z - GET /index.tsx
2026-08-07T20:42:49.447Z - GET /@react-refresh
2026-08-07T20:42:49.646Z - GET /node_modules/vite/dist/client/env.mjs
2026-08-07T20:42:49.650Z - GET /App.tsx
2026-08-07T20:42:49.730Z - GET /pages/Schedule.tsx
2026-08-07T20:42:49.740Z - GET /pages/JobDetail.tsx
2026-08-07T20:42:49.743Z - GET /src/admin/Dashboard.tsx
2026-08-07T20:42:49.746Z - GET /pages/Careers.tsx
2026-08-07T20:42:49.749Z - GET /pages/NewsDetail.tsx
2026-08-07T20:42:49.752Z - GET /pages/Teams.tsx
2026-08-07T20:42:49.759Z - GET /pages/About.tsx
2026-08-07T20:42:49.763Z - GET /src/context/SettingsContext.tsx
2026-08-07T20:42:49.765Z - GET /components/SocialFollowerIcon.tsx
2026-08-07T20:42:49.767Z - GET /src/admin/Teams.tsx
2026-08-07T20:42:49.770Z - GET /src/admin/Jobs.tsx
2026-08-07T20:42:49.773Z - GET /src/admin/Subscribers.tsx
2026-08-07T20:42:49.777Z - GET /src/admin/Settings.tsx
2026-08-07T20:42:49.779Z - GET /src/admin/AdminLayout.tsx
2026-08-07T20:42:49.782Z - GET /pages/News.tsx
2026-08-07T20:42:49.784Z - GET /src/admin/Leadership.tsx
2026-08-07T20:42:49.786Z - GET /components/NewsletterPopup.tsx
2026-08-07T20:42:49.790Z - GET /src/admin/Users.tsx
2026-08-07T20:42:49.793Z - GET /pages/Home.tsx
2026-08-07T20:42:49.796Z - GET /components/GlobalSearch.tsx
2026-08-07T20:42:49.797Z - GET /constants.tsx
2026-08-07T20:42:49.799Z - GET /pages/Socials.tsx
2026-08-07T20:42:49.801Z - GET /src/admin/News.tsx
2026-08-07T20:42:49.807Z - GET /src/admin/Schedule.tsx
2026-08-07T20:42:49.809Z - GET /src/admin/LoginPage.tsx
2026-08-07T20:42:49.813Z - GET /src/admin/Gallery.tsx
2026-08-07T20:42:49.815Z - GET /pages/EventDetail.tsx
2026-08-07T20:42:49.818Z - GET /src/admin/Creators.tsx
2026-08-07T20:42:49.821Z - GET /pages/PlayerProfile.tsx
2026-08-07T20:42:49.822Z - GET /pages/Information.tsx
2026-08-07T20:42:49.824Z - GET /src/components/AnnouncementBar.tsx
2026-08-07T20:42:49.825Z - GET /components/SEOMeta.tsx
2026-08-07T20:42:49.830Z - GET /components/Breadcrumbs.tsx
2026-08-07T20:42:49.833Z - GET /src/utils/json.ts
2026-08-07T20:42:49.834Z - GET /components/ui/ArenaButton.tsx
2026-08-07T20:42:49.848Z - GET /src/components/ConfirmDeleteModal.tsx
2026-08-07T20:42:49.853Z - GET /src/components/ImageUploader.tsx
2026-08-07T20:42:49.866Z - GET /src/admin/components/Toast.tsx
2026-08-07T20:42:49.867Z - GET /src/lib/firebase.ts
2026-08-07T20:42:49.870Z - GET /src/admin/components/FormSection.tsx
2026-08-07T20:42:49.874Z - GET /src/admin/components/FormRepeater.tsx
2026-08-07T20:42:49.945Z - GET /firebase-applet-config.json?import
2026-08-07T20:42:50.048Z - GET /assets/Gk%20Logo.png
2026-08-07T20:42:50.153Z - GET /api/teams
2026-08-07T20:42:50.156Z - GET /api/settings
2026-08-07T20:42:50.414Z - GET /api/settings
2026-08-07T20:42:50.421Z - GET /api/teams
2026-08-07T20:42:56.055Z - PUT /api/teams/4
2026-08-07T20:42:56.305Z - GET /api/teams
2026-08-07T20:43:00.171Z - PUT /api/teams/4
2026-08-07T20:43:00.392Z - GET /api/teams
2026-08-07T20:43:09.034Z - GET /careers/xfgh
2026-08-07T20:43:09.141Z - GET /@vite/client
2026-08-07T20:43:09.144Z - GET /index.tsx
2026-08-07T20:43:09.146Z - GET /@react-refresh
2026-08-07T20:43:09.338Z - GET /node_modules/vite/dist/client/env.mjs
2026-08-07T20:43:09.343Z - GET /App.tsx
2026-08-07T20:43:09.426Z - GET /pages/Home.tsx
2026-08-07T20:43:09.451Z - GET /pages/PlayerProfile.tsx
2026-08-07T20:43:09.454Z - GET /pages/News.tsx
2026-08-07T20:43:09.455Z - GET /pages/Socials.tsx
2026-08-07T20:43:09.457Z - GET /src/admin/News.tsx
2026-08-07T20:43:09.458Z - GET /src/admin/Schedule.tsx
2026-08-07T20:43:09.459Z - GET /pages/Schedule.tsx
2026-08-07T20:43:09.460Z - GET /src/admin/Leadership.tsx
2026-08-07T20:43:09.460Z - GET /src/admin/Settings.tsx
2026-08-07T20:43:09.463Z - GET /src/admin/Users.tsx
2026-08-07T20:43:09.463Z - GET /src/admin/Subscribers.tsx
2026-08-07T20:43:09.464Z - GET /src/admin/AdminLayout.tsx
2026-08-07T20:43:09.465Z - GET /src/admin/Gallery.tsx
2026-08-07T20:43:09.479Z - GET /components/NewsletterPopup.tsx
2026-08-07T20:43:09.479Z - GET /src/admin/Teams.tsx
2026-08-07T20:43:09.481Z - GET /pages/EventDetail.tsx
2026-08-07T20:43:09.482Z - GET /src/admin/Creators.tsx
2026-08-07T20:43:09.483Z - GET /src/admin/LoginPage.tsx
2026-08-07T20:43:09.484Z - GET /src/admin/Dashboard.tsx
2026-08-07T20:43:09.484Z - GET /pages/Teams.tsx
2026-08-07T20:43:09.485Z - GET /src/admin/Jobs.tsx
2026-08-07T20:43:09.492Z - GET /src/components/AnnouncementBar.tsx
2026-08-07T20:43:09.493Z - GET /pages/Information.tsx
2026-08-07T20:43:09.494Z - GET /pages/About.tsx
2026-08-07T20:43:09.494Z - GET /constants.tsx
2026-08-07T20:43:09.495Z - GET /components/SocialFollowerIcon.tsx
2026-08-07T20:43:09.496Z - GET /pages/JobDetail.tsx
2026-08-07T20:43:09.497Z - GET /pages/Careers.tsx
2026-08-07T20:43:09.498Z - GET /src/context/SettingsContext.tsx
2026-08-07T20:43:09.499Z - GET /components/GlobalSearch.tsx
2026-08-07T20:43:09.508Z - GET /pages/NewsDetail.tsx
2026-08-07T20:43:09.517Z - GET /components/ui/ArenaButton.tsx
2026-08-07T20:43:09.518Z - GET /components/SEOMeta.tsx
2026-08-07T20:43:09.529Z - GET /components/Breadcrumbs.tsx
2026-08-07T20:43:09.530Z - GET /src/utils/json.ts
2026-08-07T20:43:09.553Z - GET /src/components/ImageUploader.tsx
2026-08-07T20:43:09.554Z - GET /src/components/ConfirmDeleteModal.tsx
2026-08-07T20:43:09.555Z - GET /src/admin/components/Toast.tsx
2026-08-07T20:43:09.556Z - GET /src/lib/firebase.ts
2026-08-07T20:43:09.565Z - GET /src/admin/components/FormRepeater.tsx
2026-08-07T20:43:09.566Z - GET /src/admin/components/FormSection.tsx
2026-08-07T20:43:09.631Z - GET /firebase-applet-config.json?import
2026-08-07T20:43:09.732Z - GET /api/settings
2026-08-07T20:43:09.739Z - GET /assets/Gk%20Logo.png
2026-08-07T20:43:09.751Z - GET /api/teams
2026-08-07T20:43:09.974Z - GET /api/settings
2026-08-07T20:43:10.005Z - GET /api/teams
2026-08-07T20:43:18.001Z - GET /api/news
2026-08-07T20:43:18.006Z - GET /api/events
2026-08-07T20:43:18.008Z - GET /api/teams
2026-08-07T20:43:18.013Z - GET /api/stats
2026-08-07T20:43:18.269Z - GET /api/teams
2026-08-07T20:43:18.277Z - GET /api/news
2026-08-07T20:43:18.282Z - GET /api/events
2026-08-07T20:43:19.072Z - GET /api/stats
2026-08-07T20:43:20.144Z - GET /assets/bag.png
2026-08-07T20:43:20.148Z - GET /assets/jearsy.png
2026-08-07T20:43:20.150Z - GET /assets/mouse.png
2026-08-07T20:43:20.152Z - GET /assets/mat.png
2026-08-07T20:43:20.155Z - GET /assets/frame.png
2026-08-07T20:43:28.762Z - PUT /api/teams/6
2026-08-07T20:43:29.027Z - GET /api/teams
2026-08-07T20:43:33.492Z - PUT /api/teams/5
2026-08-07T20:43:33.736Z - GET /api/teams
2026-08-07T20:43:39.196Z - PUT /api/teams/6
2026-08-07T20:43:39.443Z - GET /api/teams
2026-08-07T20:43:42.844Z - PUT /api/teams/4
2026-08-07T20:43:43.080Z - GET /api/teams
2026-08-07T20:43:47.649Z - GET /careers/xfgh
2026-08-07T20:43:47.746Z - GET /@vite/client
2026-08-07T20:43:47.749Z - GET /index.tsx
2026-08-07T20:43:47.753Z - GET /@react-refresh
2026-08-07T20:43:47.912Z - GET /node_modules/vite/dist/client/env.mjs
2026-08-07T20:43:47.915Z - GET /App.tsx
2026-08-07T20:43:48.004Z - GET /pages/Schedule.tsx
2026-08-07T20:43:48.008Z - GET /pages/Teams.tsx
2026-08-07T20:43:48.009Z - GET /pages/Home.tsx
2026-08-07T20:43:48.016Z - GET /pages/About.tsx
2026-08-07T20:43:48.017Z - GET /src/admin/Dashboard.tsx
2026-08-07T20:43:48.025Z - GET /pages/Information.tsx
2026-08-07T20:43:48.026Z - GET /src/admin/Leadership.tsx
2026-08-07T20:43:48.027Z - GET /src/admin/News.tsx
2026-08-07T20:43:48.030Z - GET /src/admin/AdminLayout.tsx
2026-08-07T20:43:48.033Z - GET /pages/PlayerProfile.tsx
2026-08-07T20:43:48.036Z - GET /src/admin/Gallery.tsx
2026-08-07T20:43:48.039Z - GET /src/admin/LoginPage.tsx
2026-08-07T20:43:48.040Z - GET /pages/Careers.tsx
2026-08-07T20:43:48.044Z - GET /src/admin/Subscribers.tsx
2026-08-07T20:43:48.046Z - GET /pages/JobDetail.tsx
2026-08-07T20:43:48.048Z - GET /src/admin/Settings.tsx
2026-08-07T20:43:48.052Z - GET /src/admin/Users.tsx
2026-08-07T20:43:48.053Z - GET /pages/News.tsx
2026-08-07T20:43:48.056Z - GET /pages/Socials.tsx
2026-08-07T20:43:48.058Z - GET /pages/EventDetail.tsx
2026-08-07T20:43:48.060Z - GET /src/admin/Jobs.tsx
2026-08-07T20:43:48.062Z - GET /src/admin/Schedule.tsx
2026-08-07T20:43:48.064Z - GET /src/components/AnnouncementBar.tsx
2026-08-07T20:43:48.068Z - GET /src/admin/Teams.tsx
2026-08-07T20:43:48.069Z - GET /components/SocialFollowerIcon.tsx
2026-08-07T20:43:48.073Z - GET /src/admin/Creators.tsx
2026-08-07T20:43:48.075Z - GET /pages/NewsDetail.tsx
2026-08-07T20:43:48.077Z - GET /components/NewsletterPopup.tsx
2026-08-07T20:43:48.080Z - GET /src/context/SettingsContext.tsx
2026-08-07T20:43:48.081Z - GET /components/GlobalSearch.tsx
2026-08-07T20:43:48.084Z - GET /constants.tsx
2026-08-07T20:43:48.090Z - GET /components/Breadcrumbs.tsx
2026-08-07T20:43:48.096Z - GET /components/SEOMeta.tsx
2026-08-07T20:43:48.099Z - GET /components/ui/ArenaButton.tsx
2026-08-07T20:43:48.101Z - GET /src/utils/json.ts
2026-08-07T20:43:48.111Z - GET /src/components/ConfirmDeleteModal.tsx
2026-08-07T20:43:48.115Z - GET /src/lib/firebase.ts
2026-08-07T20:43:48.118Z - GET /src/admin/components/Toast.tsx
2026-08-07T20:43:48.122Z - GET /src/components/ImageUploader.tsx
2026-08-07T20:43:48.145Z - GET /src/admin/components/FormRepeater.tsx
2026-08-07T20:43:48.147Z - GET /src/admin/components/FormSection.tsx
2026-08-07T20:43:48.200Z - GET /firebase-applet-config.json?import
2026-08-07T20:43:48.311Z - GET /assets/Gk%20Logo.png
2026-08-07T20:43:48.341Z - GET /api/teams
2026-08-07T20:43:48.344Z - GET /api/events
2026-08-07T20:43:48.347Z - GET /api/news
2026-08-07T20:43:48.351Z - GET /api/stats
2026-08-07T20:43:48.354Z - GET /api/settings
2026-08-07T20:43:48.583Z - GET /api/teams
2026-08-07T20:43:48.587Z - GET /api/events
2026-08-07T20:43:48.592Z - GET /api/settings
2026-08-07T20:43:48.600Z - GET /api/news
2026-08-07T20:43:49.354Z - GET /api/stats
2026-08-07T20:43:50.409Z - GET /assets/frame.png
2026-08-07T20:43:50.414Z - GET /assets/bag.png
2026-08-07T20:43:50.416Z - GET /assets/mouse.png
2026-08-07T20:43:50.418Z - GET /assets/mat.png
2026-08-07T20:43:50.422Z - GET /assets/jearsy.png
2026-08-07T20:44:05.313Z - GET /api/creators
2026-08-07T20:44:05.562Z - GET /api/creators
2026-08-07T20:44:11.870Z - PUT /api/creators/1
2026-08-07T20:44:12.113Z - GET /api/creators
2026-08-07T20:44:16.614Z - GET /api/game-titles
2026-08-07T20:44:16.618Z - GET /api/events
2026-08-07T20:44:16.701Z - GET /api/game-titles
2026-08-07T20:44:16.702Z - GET /api/game_titles
2026-08-07T20:44:16.857Z - GET /api/events
2026-08-07T20:44:16.955Z - GET /api/game_titles
2026-08-07T20:44:17.362Z - GET /api/creators
2026-08-07T20:44:17.364Z - GET /api/teams
2026-08-07T20:44:17.585Z - GET /api/teams
2026-08-07T20:44:17.600Z - GET /api/creators
2026-08-07T20:44:17.825Z - GET /api/teams/4/players
2026-08-07T20:44:17.829Z - GET /api/teams/6/players
2026-08-07T20:44:17.831Z - GET /api/teams/5/players
2026-08-07T20:44:46.552Z - GET /api/users
2026-08-07T20:44:47.057Z - GET /api/users
2026-08-07T20:44:54.950Z - GET /api/leadership
2026-08-07T20:44:55.360Z - GET /api/leadership
2026-08-07T20:46:38.844Z - GET /api/users
2026-08-07T20:46:39.143Z - GET /api/users
2026-08-07T20:48:29.919Z - GET /api/leadership
2026-08-07T20:48:30.116Z - PUT /api/leadership/1
2026-08-07T20:48:30.274Z - GET /api/leadership
2026-08-07T20:48:46.057Z - GET /api/leadership
2026-08-07T20:48:46.296Z - PUT /api/leadership/1
2026-08-07T20:49:07.297Z - GET /
2026-08-07T20:49:15.338Z - GET /
2026-08-07T20:49:15.846Z - GET /@vite/client
2026-08-07T20:49:15.850Z - GET /index.tsx
2026-08-07T20:49:15.853Z - GET /@react-refresh
2026-08-07T20:49:16.073Z - GET /node_modules/vite/dist/client/env.mjs
2026-08-07T20:49:16.080Z - GET /App.tsx
2026-08-07T20:49:17.128Z - GET /pages/Home.tsx
2026-08-07T20:49:17.157Z - GET /pages/Schedule.tsx
2026-08-07T20:49:17.171Z - GET /components/SocialFollowerIcon.tsx
2026-08-07T20:49:17.221Z - GET /components/NewsletterPopup.tsx
2026-08-07T20:49:17.264Z - GET /components/GlobalSearch.tsx
2026-08-07T20:49:17.298Z - GET /src/admin/Settings.tsx
2026-08-07T20:49:17.324Z - GET /src/admin/Dashboard.tsx
2026-08-07T20:49:17.327Z - GET /src/admin/LoginPage.tsx
2026-08-07T20:49:17.328Z - GET /src/admin/Subscribers.tsx
2026-08-07T20:49:17.329Z - GET /src/admin/Leadership.tsx
2026-08-07T20:49:17.330Z - GET /pages/JobDetail.tsx
2026-08-07T20:49:17.330Z - GET /src/admin/News.tsx
2026-08-07T20:49:17.331Z - GET /src/admin/Users.tsx
2026-08-07T20:49:17.332Z - GET /src/admin/Teams.tsx
2026-08-07T20:49:17.333Z - GET /src/admin/Creators.tsx
2026-08-07T20:49:17.334Z - GET /src/admin/Gallery.tsx
2026-08-07T20:49:17.334Z - GET /pages/News.tsx
2026-08-07T20:49:17.335Z - GET /pages/Teams.tsx
2026-08-07T20:49:17.336Z - GET /src/admin/Schedule.tsx
2026-08-07T20:49:17.337Z - GET /pages/Socials.tsx
2026-08-07T20:49:17.337Z - GET /pages/PlayerProfile.tsx
2026-08-07T20:49:17.338Z - GET /constants.tsx
2026-08-07T20:49:17.339Z - GET /pages/About.tsx
2026-08-07T20:49:17.341Z - GET /src/admin/AdminLayout.tsx
2026-08-07T20:49:17.342Z - GET /pages/NewsDetail.tsx
2026-08-07T20:49:17.343Z - GET /pages/Careers.tsx
2026-08-07T20:49:17.375Z - GET /src/admin/Jobs.tsx
2026-08-07T20:49:17.379Z - GET /pages/Information.tsx
2026-08-07T20:49:17.382Z - GET /pages/EventDetail.tsx
2026-08-07T20:49:17.384Z - GET /src/context/SettingsContext.tsx
2026-08-07T20:49:17.386Z - GET /src/components/AnnouncementBar.tsx
2026-08-07T20:49:17.389Z - GET /components/ui/ArenaButton.tsx
2026-08-07T20:49:17.391Z - GET /components/SEOMeta.tsx
2026-08-07T20:49:17.393Z - GET /components/Breadcrumbs.tsx
2026-08-07T20:49:17.395Z - GET /src/utils/json.ts
2026-08-07T20:49:17.397Z - GET /src/lib/firebase.ts
2026-08-07T20:49:17.425Z - GET /src/components/ImageUploader.tsx
2026-08-07T20:49:17.429Z - GET /src/admin/components/FormSection.tsx
2026-08-07T20:49:17.431Z - GET /src/components/ConfirmDeleteModal.tsx
2026-08-07T20:49:17.434Z - GET /src/admin/components/Toast.tsx
2026-08-07T20:49:17.436Z - GET /src/admin/components/FormRepeater.tsx
2026-08-07T20:49:17.481Z - GET /firebase-applet-config.json?import
2026-08-07T20:49:17.592Z - GET /assets/Gk%20Logo.png
2026-08-07T20:49:17.848Z - GET /api/news
2026-08-07T20:49:17.863Z - GET /api/events
2026-08-07T20:49:17.866Z - GET /api/settings
2026-08-07T20:49:17.869Z - GET /api/teams
2026-08-07T20:49:17.872Z - GET /api/stats
2026-08-07T20:49:18.143Z - GET /api/news
2026-08-07T20:49:18.157Z - GET /api/events
2026-08-07T20:49:18.160Z - GET /api/teams
2026-08-07T20:49:18.164Z - GET /api/settings
2026-08-07T20:49:19.429Z - GET /api/stats
2026-08-07T20:49:20.475Z - GET /assets/mouse.png
2026-08-07T20:49:20.479Z - GET /assets/jearsy.png
2026-08-07T20:49:20.481Z - GET /assets/bag.png
2026-08-07T20:49:20.484Z - GET /assets/frame.png
2026-08-07T20:49:20.485Z - GET /assets/mat.png
2026-08-07T20:49:44.565Z - GET /
2026-08-07T20:49:44.674Z - GET /@vite/client
2026-08-07T20:49:44.682Z - GET /index.tsx
2026-08-07T20:49:44.684Z - GET /@react-refresh
2026-08-07T20:49:44.846Z - GET /App.tsx
2026-08-07T20:49:44.851Z - GET /node_modules/vite/dist/client/env.mjs
2026-08-07T20:49:44.937Z - GET /pages/Home.tsx
2026-08-07T20:49:44.939Z - GET /pages/Schedule.tsx
2026-08-07T20:49:44.951Z - GET /src/admin/LoginPage.tsx
2026-08-07T20:49:44.955Z - GET /src/admin/Teams.tsx
2026-08-07T20:49:44.960Z - GET /src/admin/Dashboard.tsx
2026-08-07T20:49:44.966Z - GET /pages/JobDetail.tsx
2026-08-07T20:49:44.970Z - GET /pages/About.tsx
2026-08-07T20:49:44.979Z - GET /components/GlobalSearch.tsx
2026-08-07T20:49:44.984Z - GET /src/admin/AdminLayout.tsx
2026-08-07T20:49:44.992Z - GET /pages/Teams.tsx
2026-08-07T20:49:45.005Z - GET /pages/Careers.tsx
2026-08-07T20:49:45.006Z - GET /pages/EventDetail.tsx
2026-08-07T20:49:45.007Z - GET /pages/Information.tsx
2026-08-07T20:49:45.008Z - GET /components/SocialFollowerIcon.tsx
2026-08-07T20:49:45.009Z - GET /pages/News.tsx
2026-08-07T20:49:45.010Z - GET /src/admin/Gallery.tsx
2026-08-07T20:49:45.011Z - GET /pages/Socials.tsx
2026-08-07T20:49:45.012Z - GET /src/context/SettingsContext.tsx
2026-08-07T20:49:45.018Z - GET /components/NewsletterPopup.tsx
2026-08-07T20:49:45.036Z - GET /src/admin/Settings.tsx
2026-08-07T20:49:45.037Z - GET /src/admin/Creators.tsx
2026-08-07T20:49:45.047Z - GET /src/components/AnnouncementBar.tsx
2026-08-07T20:49:45.048Z - GET /src/admin/Users.tsx
2026-08-07T20:49:45.049Z - GET /constants.tsx
2026-08-07T20:49:45.053Z - GET /src/admin/Leadership.tsx
2026-08-07T20:49:45.055Z - GET /pages/NewsDetail.tsx
2026-08-07T20:49:45.063Z - GET /src/admin/News.tsx
2026-08-07T20:49:45.064Z - GET /pages/PlayerProfile.tsx
2026-08-07T20:49:45.068Z - GET /src/admin/Schedule.tsx
2026-08-07T20:49:45.072Z - GET /src/admin/Jobs.tsx
2026-08-07T20:49:45.073Z - GET /src/admin/Subscribers.tsx
2026-08-07T20:49:45.074Z - GET /src/utils/json.ts
2026-08-07T20:49:45.078Z - GET /components/ui/ArenaButton.tsx
2026-08-07T20:49:45.080Z - GET /src/lib/firebase.ts
2026-08-07T20:49:45.081Z - GET /components/Breadcrumbs.tsx
2026-08-07T20:49:45.082Z - GET /components/SEOMeta.tsx
2026-08-07T20:49:45.083Z - GET /src/admin/components/FormRepeater.tsx
2026-08-07T20:49:45.084Z - GET /src/components/ImageUploader.tsx
2026-08-07T20:49:45.084Z - GET /src/admin/components/FormSection.tsx
2026-08-07T20:49:45.085Z - GET /src/components/ConfirmDeleteModal.tsx
2026-08-07T20:49:45.096Z - GET /src/admin/components/Toast.tsx
2026-08-07T20:49:45.172Z - GET /firebase-applet-config.json?import
2026-08-07T20:49:45.355Z - GET /assets/Gk%20Logo.png
2026-08-07T20:49:45.356Z - GET /api/stats
2026-08-07T20:49:45.361Z - GET /api/settings
2026-08-07T20:49:45.366Z - GET /api/health
2026-08-07T20:49:45.445Z - GET /api/health
2026-08-07T20:49:45.606Z - GET /api/settings
2026-08-07T20:49:46.384Z - GET /api/stats
2026-08-07T20:49:46.387Z - GET /api/activity
2026-08-07T20:49:47.403Z - GET /api/activity
2026-08-07T20:49:47.617Z - GET /api/leadership
2026-08-07T20:49:47.837Z - GET /api/leadership
2026-08-07T20:49:54.233Z - PUT /api/leadership/1
2026-08-07T20:49:54.742Z - GET /api/leadership
2026-08-07T20:49:57.796Z - GET /api/leadership
2026-08-07T20:49:58.041Z - GET /api/leadership
2026-08-07T20:50:01.358Z - GET /careers/xfgh
2026-08-07T20:50:01.475Z - GET /@vite/client
2026-08-07T20:50:01.481Z - GET /index.tsx
2026-08-07T20:50:01.483Z - GET /@react-refresh
2026-08-07T20:50:01.636Z - GET /node_modules/vite/dist/client/env.mjs
2026-08-07T20:50:01.638Z - GET /App.tsx
2026-08-07T20:50:01.758Z - GET /pages/Schedule.tsx
2026-08-07T20:50:01.762Z - GET /pages/Home.tsx
2026-08-07T20:50:01.766Z - GET /components/GlobalSearch.tsx
2026-08-07T20:50:01.770Z - GET /components/NewsletterPopup.tsx
2026-08-07T20:50:01.777Z - GET /pages/EventDetail.tsx
2026-08-07T20:50:01.779Z - GET /components/SocialFollowerIcon.tsx
2026-08-07T20:50:01.781Z - GET /pages/PlayerProfile.tsx
2026-08-07T20:50:01.783Z - GET /src/admin/Teams.tsx
2026-08-07T20:50:01.784Z - GET /pages/Socials.tsx
2026-08-07T20:50:01.786Z - GET /src/admin/News.tsx
2026-08-07T20:50:01.790Z - GET /src/context/SettingsContext.tsx
2026-08-07T20:50:01.793Z - GET /src/admin/Gallery.tsx
2026-08-07T20:50:01.794Z - GET /src/admin/Users.tsx
2026-08-07T20:50:01.796Z - GET /pages/JobDetail.tsx
2026-08-07T20:50:01.798Z - GET /src/admin/Settings.tsx
2026-08-07T20:50:01.799Z - GET /src/admin/LoginPage.tsx
2026-08-07T20:50:01.800Z - GET /pages/Teams.tsx
2026-08-07T20:50:01.802Z - GET /pages/About.tsx
2026-08-07T20:50:01.806Z - GET /src/admin/Schedule.tsx
2026-08-07T20:50:01.810Z - GET /pages/Information.tsx
2026-08-07T20:50:01.811Z - GET /pages/Careers.tsx
2026-08-07T20:50:01.813Z - GET /src/admin/Leadership.tsx
2026-08-07T20:50:01.816Z - GET /src/admin/Subscribers.tsx
2026-08-07T20:50:01.822Z - GET /constants.tsx
2026-08-07T20:50:01.825Z - GET /pages/News.tsx
2026-08-07T20:50:01.827Z - GET /src/admin/Creators.tsx
2026-08-07T20:50:01.829Z - GET /pages/NewsDetail.tsx
2026-08-07T20:50:01.831Z - GET /src/admin/Jobs.tsx
2026-08-07T20:50:01.834Z - GET /src/admin/Dashboard.tsx
2026-08-07T20:50:01.837Z - GET /src/components/AnnouncementBar.tsx
2026-08-07T20:50:01.839Z - GET /src/admin/AdminLayout.tsx
2026-08-07T20:50:01.885Z - GET /components/Breadcrumbs.tsx
2026-08-07T20:50:01.888Z - GET /src/utils/json.ts
2026-08-07T20:50:01.891Z - GET /components/SEOMeta.tsx
2026-08-07T20:50:01.893Z - GET /src/lib/firebase.ts
2026-08-07T20:50:01.896Z - GET /components/ui/ArenaButton.tsx
2026-08-07T20:50:01.899Z - GET /src/components/ConfirmDeleteModal.tsx
2026-08-07T20:50:01.900Z - GET /src/admin/components/FormSection.tsx
2026-08-07T20:50:01.903Z - GET /src/admin/components/FormRepeater.tsx
2026-08-07T20:50:01.906Z - GET /src/admin/components/Toast.tsx
2026-08-07T20:50:01.908Z - GET /src/components/ImageUploader.tsx
2026-08-07T20:50:01.982Z - GET /firebase-applet-config.json?import
2026-08-07T20:50:02.110Z - GET /assets/Gk%20Logo.png
2026-08-07T20:50:02.157Z - GET /api/settings
2026-08-07T20:50:02.159Z - GET /api/leadership
2026-08-07T20:50:02.406Z - GET /api/settings
2026-08-07T20:50:02.424Z - GET /api/leadership
2026-08-07T20:50:20.575Z - PUT /api/leadership/1
2026-08-07T20:50:21.088Z - GET /api/leadership
2026-08-07T20:50:22.677Z - GET /careers/xfgh
2026-08-07T20:50:22.791Z - GET /@react-refresh
2026-08-07T20:50:22.793Z - GET /@vite/client
2026-08-07T20:50:22.796Z - GET /index.tsx
2026-08-07T20:50:22.949Z - GET /App.tsx
2026-08-07T20:50:22.950Z - GET /node_modules/vite/dist/client/env.mjs
2026-08-07T20:50:23.085Z - GET /pages/PlayerProfile.tsx
2026-08-07T20:50:23.088Z - GET /components/GlobalSearch.tsx
2026-08-07T20:50:23.091Z - GET /components/NewsletterPopup.tsx
2026-08-07T20:50:23.098Z - GET /pages/EventDetail.tsx
2026-08-07T20:50:23.102Z - GET /pages/NewsDetail.tsx
2026-08-07T20:50:23.104Z - GET /pages/Socials.tsx
2026-08-07T20:50:23.109Z - GET /src/admin/Schedule.tsx
2026-08-07T20:50:23.112Z - GET /pages/News.tsx
2026-08-07T20:50:23.115Z - GET /pages/Schedule.tsx
2026-08-07T20:50:23.118Z - GET /components/SocialFollowerIcon.tsx
2026-08-07T20:50:23.121Z - GET /src/admin/Dashboard.tsx
2026-08-07T20:50:23.125Z - GET /pages/JobDetail.tsx
2026-08-07T20:50:23.127Z - GET /pages/Teams.tsx
2026-08-07T20:50:23.130Z - GET /src/admin/Creators.tsx
2026-08-07T20:50:23.134Z - GET /pages/Home.tsx
2026-08-07T20:50:23.137Z - GET /src/admin/Users.tsx
2026-08-07T20:50:23.141Z - GET /constants.tsx
2026-08-07T20:50:23.144Z - GET /src/admin/Gallery.tsx
2026-08-07T20:50:23.148Z - GET /src/admin/Teams.tsx
2026-08-07T20:50:23.149Z - GET /src/admin/Jobs.tsx
2026-08-07T20:50:23.151Z - GET /pages/Information.tsx
2026-08-07T20:50:23.155Z - GET /src/components/AnnouncementBar.tsx
2026-08-07T20:50:23.160Z - GET /pages/About.tsx
2026-08-07T20:50:23.161Z - GET /src/admin/Settings.tsx
2026-08-07T20:50:23.164Z - GET /pages/Careers.tsx
2026-08-07T20:50:23.166Z - GET /src/admin/Leadership.tsx
2026-08-07T20:50:23.170Z - GET /src/admin/LoginPage.tsx
2026-08-07T20:50:23.171Z - GET /src/admin/Subscribers.tsx
2026-08-07T20:50:23.174Z - GET /src/context/SettingsContext.tsx
2026-08-07T20:50:23.175Z - GET /src/admin/News.tsx
2026-08-07T20:50:23.197Z - GET /components/ui/ArenaButton.tsx
2026-08-07T20:50:23.198Z - GET /components/Breadcrumbs.tsx
2026-08-07T20:50:23.200Z - GET /components/SEOMeta.tsx
2026-08-07T20:50:23.206Z - GET /src/utils/json.ts
2026-08-07T20:50:23.208Z - GET /src/lib/firebase.ts
2026-08-07T20:50:23.211Z - GET /src/components/ImageUploader.tsx
2026-08-07T20:50:23.216Z - GET /src/components/ConfirmDeleteModal.tsx
2026-08-07T20:50:23.218Z - GET /src/admin/components/FormSection.tsx
2026-08-07T20:50:23.220Z - GET /src/admin/components/FormRepeater.tsx
2026-08-07T20:50:23.223Z - GET /src/admin/components/Toast.tsx
2026-08-07T20:50:23.249Z - GET /src/admin/AdminLayout.tsx
2026-08-07T20:50:23.322Z - GET /firebase-applet-config.json?import
2026-08-07T20:50:23.432Z - GET /assets/Gk%20Logo.png
2026-08-07T20:50:23.485Z - GET /api/leadership
2026-08-07T20:50:23.489Z - GET /api/settings
2026-08-07T20:50:23.718Z - GET /api/leadership
2026-08-07T20:50:23.988Z - GET /api/settings
2026-08-07T20:50:32.963Z - PUT /api/leadership/1
2026-08-07T20:50:33.207Z - GET /api/leadership
2026-08-07T20:50:36.601Z - GET /
2026-08-07T20:50:36.696Z - GET /index.tsx
2026-08-07T20:50:36.697Z - GET /@vite/client
2026-08-07T20:50:36.701Z - GET /@react-refresh
2026-08-07T20:50:36.858Z - GET /App.tsx
2026-08-07T20:50:36.860Z - GET /node_modules/vite/dist/client/env.mjs
2026-08-07T20:50:36.946Z - GET /pages/Home.tsx
2026-08-07T20:50:36.965Z - GET /pages/Schedule.tsx
2026-08-07T20:50:36.970Z - GET /components/NewsletterPopup.tsx
2026-08-07T20:50:36.973Z - GET /pages/PlayerProfile.tsx
2026-08-07T20:50:36.975Z - GET /pages/NewsDetail.tsx
2026-08-07T20:50:36.981Z - GET /src/components/AnnouncementBar.tsx
2026-08-07T20:50:36.982Z - GET /components/SocialFollowerIcon.tsx
2026-08-07T20:50:36.984Z - GET /src/admin/Settings.tsx
2026-08-07T20:50:36.987Z - GET /src/admin/Users.tsx
2026-08-07T20:50:36.990Z - GET /src/admin/Schedule.tsx
2026-08-07T20:50:36.993Z - GET /pages/Socials.tsx
2026-08-07T20:50:36.995Z - GET /src/admin/Jobs.tsx
2026-08-07T20:50:36.997Z - GET /pages/News.tsx
2026-08-07T20:50:36.998Z - GET /pages/EventDetail.tsx
2026-08-07T20:50:37.001Z - GET /src/admin/Gallery.tsx
2026-08-07T20:50:37.003Z - GET /components/GlobalSearch.tsx
2026-08-07T20:50:37.006Z - GET /src/admin/News.tsx
2026-08-07T20:50:37.009Z - GET /src/admin/Creators.tsx
2026-08-07T20:50:37.011Z - GET /pages/Information.tsx
2026-08-07T20:50:37.015Z - GET /src/admin/Dashboard.tsx
2026-08-07T20:50:37.017Z - GET /src/admin/LoginPage.tsx
2026-08-07T20:50:37.021Z - GET /pages/About.tsx
2026-08-07T20:50:37.023Z - GET /pages/Careers.tsx
2026-08-07T20:50:37.025Z - GET /pages/Teams.tsx
2026-08-07T20:50:37.029Z - GET /src/admin/Leadership.tsx
2026-08-07T20:50:37.030Z - GET /src/admin/Subscribers.tsx
2026-08-07T20:50:37.035Z - GET /src/admin/AdminLayout.tsx
2026-08-07T20:50:37.036Z - GET /src/context/SettingsContext.tsx
2026-08-07T20:50:37.040Z - GET /src/admin/Teams.tsx
2026-08-07T20:50:37.041Z - GET /pages/JobDetail.tsx
2026-08-07T20:50:37.043Z - GET /constants.tsx
2026-08-07T20:50:37.047Z - GET /components/ui/ArenaButton.tsx
2026-08-07T20:50:37.049Z - GET /components/SEOMeta.tsx
2026-08-07T20:50:37.055Z - GET /components/Breadcrumbs.tsx
2026-08-07T20:50:37.058Z - GET /src/utils/json.ts
2026-08-07T20:50:37.062Z - GET /src/lib/firebase.ts
2026-08-07T20:50:37.069Z - GET /src/components/ConfirmDeleteModal.tsx
2026-08-07T20:50:37.075Z - GET /src/components/ImageUploader.tsx
2026-08-07T20:50:37.076Z - GET /src/admin/components/FormRepeater.tsx
2026-08-07T20:50:37.080Z - GET /src/admin/components/FormSection.tsx
2026-08-07T20:50:37.086Z - GET /src/admin/components/Toast.tsx
2026-08-07T20:50:37.139Z - GET /firebase-applet-config.json?import
2026-08-07T20:50:37.340Z - GET /assets/Gk%20Logo.png
2026-08-07T20:50:37.520Z - GET /api/stats
2026-08-07T20:50:37.522Z - GET /api/health
2026-08-07T20:50:37.526Z - GET /api/settings
2026-08-07T20:50:37.601Z - GET /api/health
2026-08-07T20:50:37.770Z - GET /api/settings
2026-08-07T20:50:38.539Z - GET /api/activity
2026-08-07T20:50:38.541Z - GET /api/stats
2026-08-07T20:50:39.245Z - GET /api/leadership
2026-08-07T20:50:39.497Z - GET /api/leadership
2026-08-07T20:50:39.552Z - GET /api/activity
2026-08-07T20:50:42.366Z - PUT /api/leadership/1
2026-08-07T20:50:42.591Z - GET /api/leadership
2026-08-07T20:53:05.132Z - GET /api/leadership
2026-08-07T20:53:05.622Z - PUT /api/leadership/1
2026-08-07T20:53:05.790Z - GET /api/leadership
2026-08-07T20:53:05.951Z - GET /api/teams
2026-08-07T20:53:06.120Z - PUT /api/teams/4
2026-08-07T20:53:06.288Z - GET /api/teams
2026-08-07T20:54:25.888Z - GET /api/leadership
2026-08-07T20:54:26.151Z - PUT /api/leadership/1
2026-08-07T20:54:26.179Z - GET /api/leadership
2026-08-07T20:54:26.359Z - GET /api/teams
2026-08-07T20:54:26.522Z - PUT /api/teams/4
2026-08-07T20:54:26.534Z - GET /api/teams
2026-08-07T20:54:26.698Z - GET /api/players
2026-08-07T20:54:26.861Z - PUT /api/players/7
2026-08-07T20:54:26.877Z - GET /api/players
2026-08-07T20:54:47.424Z - GET /
2026-08-07T20:54:52.123Z - GET /
2026-08-07T20:54:52.612Z - GET /@vite/client
2026-08-07T20:54:52.615Z - GET /@react-refresh
2026-08-07T20:54:52.622Z - GET /index.tsx
2026-08-07T20:54:52.808Z - GET /App.tsx
2026-08-07T20:54:52.813Z - GET /node_modules/vite/dist/client/env.mjs
2026-08-07T20:54:53.940Z - GET /pages/Schedule.tsx
2026-08-07T20:54:53.987Z - GET /pages/Information.tsx
2026-08-07T20:54:53.992Z - GET /src/admin/Creators.tsx
2026-08-07T20:54:53.993Z - GET /src/admin/Schedule.tsx
2026-08-07T20:54:53.994Z - GET /pages/Careers.tsx
2026-08-07T20:54:53.995Z - GET /pages/About.tsx
2026-08-07T20:54:54.049Z - GET /src/admin/Leadership.tsx
2026-08-07T20:54:54.112Z - GET /src/admin/LoginPage.tsx
2026-08-07T20:54:54.152Z - GET /pages/Socials.tsx
2026-08-07T20:54:54.181Z - GET /src/admin/Subscribers.tsx
2026-08-07T20:54:54.184Z - GET /pages/Teams.tsx
2026-08-07T20:54:54.185Z - GET /src/context/SettingsContext.tsx
2026-08-07T20:54:54.186Z - GET /src/admin/Dashboard.tsx
2026-08-07T20:54:54.190Z - GET /pages/Home.tsx
2026-08-07T20:54:54.191Z - GET /pages/NewsDetail.tsx
2026-08-07T20:54:54.217Z - GET /pages/JobDetail.tsx
2026-08-07T20:54:54.220Z - GET /src/admin/Teams.tsx
2026-08-07T20:54:54.222Z - GET /src/admin/News.tsx
2026-08-07T20:54:54.223Z - GET /pages/PlayerProfile.tsx
2026-08-07T20:54:54.225Z - GET /components/SocialFollowerIcon.tsx
2026-08-07T20:54:54.230Z - GET /src/admin/Settings.tsx
2026-08-07T20:54:54.235Z - GET /pages/News.tsx
2026-08-07T20:54:54.237Z - GET /src/components/AnnouncementBar.tsx
2026-08-07T20:54:54.241Z - GET /pages/EventDetail.tsx
2026-08-07T20:54:54.244Z - GET /src/admin/Jobs.tsx
2026-08-07T20:54:54.246Z - GET /components/GlobalSearch.tsx
2026-08-07T20:54:54.248Z - GET /src/admin/AdminLayout.tsx
2026-08-07T20:54:54.250Z - GET /components/NewsletterPopup.tsx
2026-08-07T20:54:54.254Z - GET /src/admin/Gallery.tsx
2026-08-07T20:54:54.259Z - GET /src/admin/Users.tsx
2026-08-07T20:54:54.262Z - GET /constants.tsx
2026-08-07T20:54:54.264Z - GET /components/SEOMeta.tsx
2026-08-07T20:54:54.267Z - GET /src/utils/json.ts
2026-08-07T20:54:54.271Z - GET /components/Breadcrumbs.tsx
2026-08-07T20:54:54.274Z - GET /src/admin/components/FormSection.tsx
2026-08-07T20:54:54.276Z - GET /src/components/ConfirmDeleteModal.tsx
2026-08-07T20:54:54.280Z - GET /src/components/ImageUploader.tsx
2026-08-07T20:54:54.282Z - GET /src/admin/components/Toast.tsx
2026-08-07T20:54:54.284Z - GET /components/ui/ArenaButton.tsx
2026-08-07T20:54:54.288Z - GET /src/admin/components/FormRepeater.tsx
2026-08-07T20:54:54.292Z - GET /src/lib/firebase.ts
2026-08-07T20:54:54.374Z - GET /firebase-applet-config.json?import
2026-08-07T20:54:54.487Z - GET /assets/Gk%20Logo.png
2026-08-07T20:54:54.811Z - GET /api/news
2026-08-07T20:54:54.829Z - GET /api/stats
2026-08-07T20:54:54.832Z - GET /api/events
2026-08-07T20:54:54.836Z - GET /api/settings
2026-08-07T20:54:54.841Z - GET /api/teams
2026-08-07T20:54:55.096Z - GET /api/events
2026-08-07T20:54:55.116Z - GET /api/settings
2026-08-07T20:54:55.119Z - GET /api/teams
2026-08-07T20:54:55.348Z - GET /api/news
2026-08-07T20:54:55.874Z - GET /api/stats
2026-08-07T20:54:56.919Z - GET /assets/frame.png
2026-08-07T20:54:56.923Z - GET /assets/jearsy.png
2026-08-07T20:54:56.927Z - GET /assets/bag.png
2026-08-07T20:54:56.930Z - GET /assets/mouse.png
2026-08-07T20:54:56.932Z - GET /assets/mat.png
2026-08-07T21:00:26.539Z - GET /
2026-08-07T21:00:26.650Z - GET /index.tsx
2026-08-07T21:00:26.653Z - GET /@vite/client
2026-08-07T21:00:26.672Z - GET /@react-refresh
2026-08-07T21:00:26.841Z - GET /App.tsx
2026-08-07T21:00:26.844Z - GET /node_modules/vite/dist/client/env.mjs
2026-08-07T21:00:26.923Z - GET /pages/Home.tsx
2026-08-07T21:00:26.940Z - GET /pages/Teams.tsx
2026-08-07T21:00:26.943Z - GET /pages/Careers.tsx
2026-08-07T21:00:26.945Z - GET /pages/Information.tsx
2026-08-07T21:00:26.948Z - GET /pages/JobDetail.tsx
2026-08-07T21:00:26.952Z - GET /pages/Schedule.tsx
2026-08-07T21:00:26.954Z - GET /pages/NewsDetail.tsx
2026-08-07T21:00:26.956Z - GET /pages/About.tsx
2026-08-07T21:00:26.959Z - GET /src/admin/Users.tsx
2026-08-07T21:00:26.961Z - GET /src/admin/Subscribers.tsx
2026-08-07T21:00:26.962Z - GET /src/admin/Jobs.tsx
2026-08-07T21:00:26.964Z - GET /pages/PlayerProfile.tsx
2026-08-07T21:00:26.966Z - GET /components/SocialFollowerIcon.tsx
2026-08-07T21:00:26.969Z - GET /src/components/AnnouncementBar.tsx
2026-08-07T21:00:26.971Z - GET /constants.tsx
2026-08-07T21:00:26.974Z - GET /src/admin/News.tsx
2026-08-07T21:00:26.977Z - GET /src/admin/Schedule.tsx
2026-08-07T21:00:26.978Z - GET /src/admin/Teams.tsx
2026-08-07T21:00:26.981Z - GET /src/admin/AdminLayout.tsx
2026-08-07T21:00:26.983Z - GET /src/admin/Gallery.tsx
2026-08-07T21:00:26.985Z - GET /src/admin/Creators.tsx
2026-08-07T21:00:26.987Z - GET /pages/News.tsx
2026-08-07T21:00:26.988Z - GET /src/admin/Leadership.tsx
2026-08-07T21:00:26.992Z - GET /src/context/SettingsContext.tsx
2026-08-07T21:00:26.993Z - GET /src/admin/LoginPage.tsx
2026-08-07T21:00:26.997Z - GET /components/NewsletterPopup.tsx
2026-08-07T21:00:26.999Z - GET /src/admin/Settings.tsx
2026-08-07T21:00:27.002Z - GET /pages/Socials.tsx
2026-08-07T21:00:27.004Z - GET /src/admin/Dashboard.tsx
2026-08-07T21:00:27.006Z - GET /pages/EventDetail.tsx
2026-08-07T21:00:27.006Z - GET /components/GlobalSearch.tsx
2026-08-07T21:00:27.007Z - GET /components/ui/ArenaButton.tsx
2026-08-07T21:00:27.012Z - GET /components/SEOMeta.tsx
2026-08-07T21:00:27.018Z - GET /src/utils/json.ts
2026-08-07T21:00:27.024Z - GET /components/Breadcrumbs.tsx
2026-08-07T21:00:27.038Z - GET /src/components/ConfirmDeleteModal.tsx
2026-08-07T21:00:27.043Z - GET /src/lib/firebase.ts
2026-08-07T21:00:27.050Z - GET /src/components/ImageUploader.tsx
2026-08-07T21:00:27.053Z - GET /src/admin/components/Toast.tsx
2026-08-07T21:00:27.057Z - GET /src/admin/components/FormSection.tsx
2026-08-07T21:00:27.059Z - GET /src/admin/components/FormRepeater.tsx
2026-08-07T21:00:27.120Z - GET /firebase-applet-config.json?import
2026-08-07T21:00:27.326Z - GET /assets/Gk%20Logo.png
2026-08-07T21:00:27.603Z - GET /api/settings
2026-08-07T21:00:27.606Z - GET /api/stats
2026-08-07T21:00:27.608Z - GET /api/health
2026-08-07T21:00:27.689Z - GET /api/health
2026-08-07T21:00:27.888Z - GET /api/settings
2026-08-07T21:00:29.709Z - GET /api/activity
2026-08-07T21:00:29.713Z - GET /api/stats
2026-08-07T21:00:30.878Z - GET /api/leadership
2026-08-07T21:00:31.012Z - GET /api/activity
2026-08-07T21:00:31.366Z - GET /api/leadership
2026-08-07T21:00:37.316Z - PUT /api/leadership/1
2026-08-07T21:00:37.401Z - GET /api/leadership
2026-08-07T21:00:44.458Z - GET /careers/xfgh
2026-08-07T21:00:44.560Z - GET /@vite/client
2026-08-07T21:00:44.566Z - GET /@react-refresh
2026-08-07T21:00:44.567Z - GET /index.tsx
2026-08-07T21:00:44.722Z - GET /node_modules/vite/dist/client/env.mjs
2026-08-07T21:00:44.723Z - GET /App.tsx
2026-08-07T21:00:44.814Z - GET /pages/Home.tsx
2026-08-07T21:00:44.826Z - GET /pages/Schedule.tsx
2026-08-07T21:00:44.829Z - GET /pages/PlayerProfile.tsx
2026-08-07T21:00:44.831Z - GET /pages/NewsDetail.tsx
2026-08-07T21:00:44.832Z - GET /components/GlobalSearch.tsx
2026-08-07T21:00:44.833Z - GET /pages/EventDetail.tsx
2026-08-07T21:00:44.839Z - GET /src/admin/Creators.tsx
2026-08-07T21:00:44.842Z - GET /src/admin/Gallery.tsx
2026-08-07T21:00:44.845Z - GET /src/admin/Settings.tsx
2026-08-07T21:00:44.846Z - GET /src/admin/Dashboard.tsx
2026-08-07T21:00:44.847Z - GET /pages/Socials.tsx
2026-08-07T21:00:44.851Z - GET /pages/News.tsx
2026-08-07T21:00:44.852Z - GET /src/admin/Schedule.tsx
2026-08-07T21:00:44.855Z - GET /pages/Information.tsx
2026-08-07T21:00:44.857Z - GET /constants.tsx
2026-08-07T21:00:44.859Z - GET /src/admin/AdminLayout.tsx
2026-08-07T21:00:44.861Z - GET /pages/JobDetail.tsx
2026-08-07T21:00:44.862Z - GET /src/admin/Subscribers.tsx
2026-08-07T21:00:44.865Z - GET /pages/Teams.tsx
2026-08-07T21:00:44.867Z - GET /src/admin/Teams.tsx
2026-08-07T21:00:44.869Z - GET /pages/Careers.tsx
2026-08-07T21:00:44.870Z - GET /src/admin/Users.tsx
2026-08-07T21:00:44.872Z - GET /src/components/AnnouncementBar.tsx
2026-08-07T21:00:44.874Z - GET /src/admin/News.tsx
2026-08-07T21:00:44.875Z - GET /pages/About.tsx
2026-08-07T21:00:44.878Z - GET /src/admin/LoginPage.tsx
2026-08-07T21:00:44.882Z - GET /src/context/SettingsContext.tsx
2026-08-07T21:00:44.883Z - GET /src/admin/Jobs.tsx
2026-08-07T21:00:44.885Z - GET /components/NewsletterPopup.tsx
2026-08-07T21:00:44.886Z - GET /src/admin/Leadership.tsx
2026-08-07T21:00:44.887Z - GET /components/SocialFollowerIcon.tsx
2026-08-07T21:00:44.893Z - GET /components/SEOMeta.tsx
2026-08-07T21:00:44.894Z - GET /components/ui/ArenaButton.tsx
2026-08-07T21:00:44.903Z - GET /src/utils/json.ts
2026-08-07T21:00:44.906Z - GET /components/Breadcrumbs.tsx
2026-08-07T21:00:44.919Z - GET /src/components/ConfirmDeleteModal.tsx
2026-08-07T21:00:44.919Z - GET /src/admin/components/Toast.tsx
2026-08-07T21:00:44.920Z - GET /src/components/ImageUploader.tsx
2026-08-07T21:00:44.929Z - GET /src/admin/components/FormSection.tsx
2026-08-07T21:00:44.930Z - GET /src/admin/components/FormRepeater.tsx
2026-08-07T21:00:44.934Z - GET /src/lib/firebase.ts
2026-08-07T21:00:45.008Z - GET /firebase-applet-config.json?import
2026-08-07T21:00:45.135Z - GET /assets/Gk%20Logo.png
2026-08-07T21:00:45.177Z - GET /api/leadership
2026-08-07T21:00:45.179Z - GET /api/settings
2026-08-07T21:00:45.413Z - GET /api/leadership
2026-08-07T21:00:45.417Z - GET /api/settings
2026-08-07T21:24:26.591Z - GET /api/partners
2026-08-07T21:24:27.319Z - POST /api/partners
2026-08-07T21:24:27.332Z - GET /api/partners
2026-08-07T21:24:27.760Z - DELETE /api/partners/5
2026-08-07T21:25:31.761Z - GET /
2026-08-07T21:25:41.076Z - GET /
2026-08-07T21:25:41.575Z - GET /@react-refresh
2026-08-07T21:25:41.588Z - GET /index.tsx
2026-08-07T21:25:41.592Z - GET /@vite/client
2026-08-07T21:25:41.801Z - GET /App.tsx
2026-08-07T21:25:41.810Z - GET /node_modules/vite/dist/client/env.mjs
2026-08-07T21:25:42.992Z - GET /pages/Home.tsx
2026-08-07T21:25:42.995Z - GET /components/NewsletterPopup.tsx
2026-08-07T21:25:42.997Z - GET /pages/NewsDetail.tsx
2026-08-07T21:25:42.997Z - GET /components/SocialFollowerIcon.tsx
2026-08-07T21:25:42.998Z - GET /pages/Socials.tsx
2026-08-07T21:25:43.026Z - GET /pages/News.tsx
2026-08-07T21:25:43.072Z - GET /src/admin/Settings.tsx
2026-08-07T21:25:43.167Z - GET /src/admin/Jobs.tsx
2026-08-07T21:25:43.181Z - GET /src/admin/News.tsx
2026-08-07T21:25:43.185Z - GET /src/admin/Users.tsx
2026-08-07T21:25:43.186Z - GET /src/admin/Leadership.tsx
2026-08-07T21:25:43.187Z - GET /src/admin/Gallery.tsx
2026-08-07T21:25:43.188Z - GET /src/admin/Partners.tsx
2026-08-07T21:25:43.190Z - GET /src/admin/Subscribers.tsx
2026-08-07T21:25:43.190Z - GET /pages/PlayerProfile.tsx
2026-08-07T21:25:43.191Z - GET /pages/JobDetail.tsx
2026-08-07T21:25:43.192Z - GET /src/admin/Dashboard.tsx
2026-08-07T21:25:43.193Z - GET /src/admin/Creators.tsx
2026-08-07T21:25:43.194Z - GET /components/GlobalSearch.tsx
2026-08-07T21:25:43.194Z - GET /src/admin/Teams.tsx
2026-08-07T21:25:43.195Z - GET /src/admin/LoginPage.tsx
2026-08-07T21:25:43.224Z - GET /pages/Schedule.tsx
2026-08-07T21:25:43.229Z - GET /src/admin/Schedule.tsx
2026-08-07T21:25:43.233Z - GET /pages/Careers.tsx
2026-08-07T21:25:43.257Z - GET /constants.tsx
2026-08-07T21:25:43.259Z - GET /src/context/SettingsContext.tsx
2026-08-07T21:25:43.265Z - GET /src/admin/AdminLayout.tsx
2026-08-07T21:25:43.268Z - GET /pages/About.tsx
2026-08-07T21:25:43.272Z - GET /src/components/AnnouncementBar.tsx
2026-08-07T21:25:43.277Z - GET /pages/EventDetail.tsx
2026-08-07T21:25:43.280Z - GET /pages/Information.tsx
2026-08-07T21:25:43.281Z - GET /pages/Teams.tsx
2026-08-07T21:25:43.284Z - GET /components/SEOMeta.tsx
2026-08-07T21:25:43.288Z - GET /components/ui/ArenaButton.tsx
2026-08-07T21:25:43.329Z - GET /src/components/ConfirmDeleteModal.tsx
2026-08-07T21:25:43.331Z - GET /components/Breadcrumbs.tsx
2026-08-07T21:25:43.336Z - GET /src/lib/firebase.ts
2026-08-07T21:25:43.339Z - GET /src/admin/components/FormRepeater.tsx
2026-08-07T21:25:43.344Z - GET /src/admin/components/Toast.tsx
2026-08-07T21:25:43.345Z - GET /src/utils/json.ts
2026-08-07T21:25:43.348Z - GET /src/admin/components/FormSection.tsx
2026-08-07T21:25:43.351Z - GET /src/components/ImageUploader.tsx
2026-08-07T21:25:43.416Z - GET /firebase-applet-config.json?import
2026-08-07T21:25:43.520Z - GET /assets/Gk%20Logo.png
2026-08-07T21:25:43.821Z - GET /api/events
2026-08-07T21:25:43.837Z - GET /api/news
2026-08-07T21:25:43.840Z - GET /api/teams
2026-08-07T21:25:43.843Z - GET /api/stats
2026-08-07T21:25:43.846Z - GET /api/settings
2026-08-07T21:25:44.503Z - GET /api/events
2026-08-07T21:25:44.518Z - GET /api/news
2026-08-07T21:25:44.524Z - GET /api/settings
2026-08-07T21:25:44.528Z - GET /api/teams
2026-08-07T21:25:46.034Z - GET /api/stats
2026-08-07T21:25:47.355Z - GET /assets/jearsy.png
2026-08-07T21:25:47.357Z - GET /assets/mat.png
2026-08-07T21:25:47.360Z - GET /assets/frame.png
2026-08-07T21:25:47.362Z - GET /assets/bag.png
2026-08-07T21:25:47.364Z - GET /assets/mouse.png
2026-08-07T21:25:58.409Z - GET /
2026-08-07T21:25:58.508Z - GET /@vite/client
2026-08-07T21:25:58.511Z - GET /index.tsx
2026-08-07T21:25:58.515Z - GET /@react-refresh
2026-08-07T21:25:58.671Z - GET /node_modules/vite/dist/client/env.mjs
2026-08-07T21:25:58.676Z - GET /App.tsx
2026-08-07T21:25:58.751Z - GET /pages/Home.tsx
2026-08-07T21:25:58.757Z - GET /pages/Schedule.tsx
2026-08-07T21:25:58.762Z - GET /pages/About.tsx
2026-08-07T21:25:58.765Z - GET /pages/Careers.tsx
2026-08-07T21:25:58.767Z - GET /pages/Teams.tsx
2026-08-07T21:25:58.776Z - GET /src/admin/Creators.tsx
2026-08-07T21:25:58.778Z - GET /src/admin/Schedule.tsx
2026-08-07T21:25:58.779Z - GET /src/admin/Teams.tsx
2026-08-07T21:25:58.788Z - GET /pages/Information.tsx
2026-08-07T21:25:58.793Z - GET /pages/PlayerProfile.tsx
2026-08-07T21:25:58.794Z - GET /src/admin/Leadership.tsx
2026-08-07T21:25:58.799Z - GET /pages/News.tsx
2026-08-07T21:25:58.802Z - GET /src/admin/Subscribers.tsx
2026-08-07T21:25:58.807Z - GET /src/admin/News.tsx
2026-08-07T21:25:58.809Z - GET /src/admin/LoginPage.tsx
2026-08-07T21:25:58.814Z - GET /src/admin/AdminLayout.tsx
2026-08-07T21:25:58.817Z - GET /components/SocialFollowerIcon.tsx
2026-08-07T21:25:58.821Z - GET /src/admin/Jobs.tsx
2026-08-07T21:25:58.825Z - GET /constants.tsx
2026-08-07T21:25:58.828Z - GET /src/admin/Users.tsx
2026-08-07T21:25:58.830Z - GET /src/components/AnnouncementBar.tsx
2026-08-07T21:25:58.834Z - GET /pages/NewsDetail.tsx
2026-08-07T21:25:58.836Z - GET /components/NewsletterPopup.tsx
2026-08-07T21:25:58.842Z - GET /src/admin/Partners.tsx
2026-08-07T21:25:58.845Z - GET /src/context/SettingsContext.tsx
2026-08-07T21:25:58.849Z - GET /pages/JobDetail.tsx
2026-08-07T21:25:58.851Z - GET /src/admin/Dashboard.tsx
2026-08-07T21:25:58.856Z - GET /src/admin/Settings.tsx
2026-08-07T21:25:58.868Z - GET /pages/EventDetail.tsx
2026-08-07T21:25:58.870Z - GET /src/admin/Gallery.tsx
2026-08-07T21:25:58.871Z - GET /pages/Socials.tsx
2026-08-07T21:25:58.871Z - GET /components/GlobalSearch.tsx
2026-08-07T21:25:58.872Z - GET /components/SEOMeta.tsx
2026-08-07T21:25:58.873Z - GET /components/ui/ArenaButton.tsx
2026-08-07T21:25:58.873Z - GET /components/Breadcrumbs.tsx
2026-08-07T21:25:58.874Z - GET /src/utils/json.ts
2026-08-07T21:25:58.875Z - GET /src/admin/components/FormSection.tsx
2026-08-07T21:25:58.875Z - GET /src/admin/components/FormRepeater.tsx
2026-08-07T21:25:58.876Z - GET /src/admin/components/Toast.tsx
2026-08-07T21:25:58.877Z - GET /src/components/ImageUploader.tsx
2026-08-07T21:25:58.877Z - GET /src/components/ConfirmDeleteModal.tsx
2026-08-07T21:25:58.891Z - GET /src/lib/firebase.ts
2026-08-07T21:25:58.977Z - GET /firebase-applet-config.json?import
2026-08-07T21:25:59.076Z - GET /assets/Gk%20Logo.png
2026-08-07T21:25:59.373Z - GET /api/settings
2026-08-07T21:25:59.377Z - GET /api/health
2026-08-07T21:25:59.383Z - GET /api/stats
2026-08-07T21:25:59.454Z - GET /api/health
2026-08-07T21:25:59.636Z - GET /api/settings
2026-08-07T21:26:01.198Z - GET /api/activity
2026-08-07T21:26:01.201Z - GET /api/stats
2026-08-07T21:26:02.494Z - GET /api/activity
2026-08-07T21:26:10.923Z - GET /api/partners
2026-08-07T21:26:11.407Z - GET /api/partners
2026-08-07T21:26:24.150Z - GET /careers/xfgh
2026-08-07T21:26:24.273Z - GET /@vite/client
2026-08-07T21:26:24.344Z - GET /index.tsx
2026-08-07T21:26:24.346Z - GET /@react-refresh
2026-08-07T21:26:24.416Z - GET /node_modules/vite/dist/client/env.mjs
2026-08-07T21:26:24.442Z - GET /App.tsx
2026-08-07T21:26:24.547Z - GET /pages/Home.tsx
2026-08-07T21:26:24.562Z - GET /pages/Careers.tsx
2026-08-07T21:26:24.564Z - GET /pages/Schedule.tsx
2026-08-07T21:26:24.568Z - GET /pages/Teams.tsx
2026-08-07T21:26:24.573Z - GET /components/SocialFollowerIcon.tsx
2026-08-07T21:26:24.578Z - GET /components/NewsletterPopup.tsx
2026-08-07T21:26:24.579Z - GET /pages/News.tsx
2026-08-07T21:26:24.583Z - GET /pages/PlayerProfile.tsx
2026-08-07T21:26:24.586Z - GET /pages/Socials.tsx
2026-08-07T21:26:24.587Z - GET /src/admin/Creators.tsx
2026-08-07T21:26:24.590Z - GET /src/admin/Users.tsx
2026-08-07T21:26:24.594Z - GET /src/admin/LoginPage.tsx
2026-08-07T21:26:24.596Z - GET /src/admin/News.tsx
2026-08-07T21:26:24.601Z - GET /pages/NewsDetail.tsx
2026-08-07T21:26:24.603Z - GET /src/admin/Jobs.tsx
2026-08-07T21:26:24.606Z - GET /constants.tsx
2026-08-07T21:26:24.609Z - GET /src/admin/Dashboard.tsx
2026-08-07T21:26:24.612Z - GET /src/admin/Leadership.tsx
2026-08-07T21:26:24.614Z - GET /src/admin/Schedule.tsx
2026-08-07T21:26:24.616Z - GET /src/admin/Subscribers.tsx
2026-08-07T21:26:24.618Z - GET /pages/About.tsx
2026-08-07T21:26:24.623Z - GET /src/admin/Settings.tsx
2026-08-07T21:26:24.625Z - GET /pages/EventDetail.tsx
2026-08-07T21:26:24.628Z - GET /src/admin/Gallery.tsx
2026-08-07T21:26:24.630Z - GET /src/admin/Partners.tsx
2026-08-07T21:26:24.634Z - GET /src/admin/Teams.tsx
2026-08-07T21:26:24.636Z - GET /src/admin/AdminLayout.tsx
2026-08-07T21:26:24.639Z - GET /pages/Information.tsx
2026-08-07T21:26:24.641Z - GET /pages/JobDetail.tsx
2026-08-07T21:26:24.643Z - GET /src/context/SettingsContext.tsx
2026-08-07T21:26:24.645Z - GET /components/GlobalSearch.tsx
2026-08-07T21:26:24.649Z - GET /src/components/AnnouncementBar.tsx
2026-08-07T21:26:24.650Z - GET /components/SEOMeta.tsx
2026-08-07T21:26:24.653Z - GET /components/ui/ArenaButton.tsx
2026-08-07T21:26:24.654Z - GET /components/Breadcrumbs.tsx
2026-08-07T21:26:24.656Z - GET /src/utils/json.ts
2026-08-07T21:26:24.682Z - GET /src/lib/firebase.ts
2026-08-07T21:26:24.709Z - GET /src/admin/components/Toast.tsx
2026-08-07T21:26:24.711Z - GET /src/components/ImageUploader.tsx
2026-08-07T21:26:24.715Z - GET /src/admin/components/FormSection.tsx
2026-08-07T21:26:24.720Z - GET /src/components/ConfirmDeleteModal.tsx
2026-08-07T21:26:24.725Z - GET /src/admin/components/FormRepeater.tsx
2026-08-07T21:26:24.767Z - GET /firebase-applet-config.json?import
2026-08-07T21:26:24.883Z - GET /assets/Gk%20Logo.png
2026-08-07T21:26:24.916Z - GET /api/partners
2026-08-07T21:26:24.921Z - GET /api/leadership
2026-08-07T21:26:24.923Z - GET /api/settings
2026-08-07T21:26:25.190Z - GET /api/leadership
2026-08-07T21:26:25.407Z - GET /api/partners
2026-08-07T21:26:25.412Z - GET /api/settings
2026-08-07T21:27:30.685Z - POST /api/partners
2026-08-07T21:27:30.773Z - GET /api/partners
2026-08-07T21:27:35.819Z - GET /careers/xfgh
2026-08-07T21:27:36.067Z - GET /index.tsx
2026-08-07T21:27:36.078Z - GET /@react-refresh
2026-08-07T21:27:36.089Z - GET /@vite/client
2026-08-07T21:27:36.312Z - GET /node_modules/vite/dist/client/env.mjs
2026-08-07T21:27:36.314Z - GET /App.tsx
2026-08-07T21:27:36.495Z - GET /pages/PlayerProfile.tsx
2026-08-07T21:27:36.498Z - GET /pages/NewsDetail.tsx
2026-08-07T21:27:36.499Z - GET /components/SocialFollowerIcon.tsx
2026-08-07T21:27:36.504Z - GET /src/admin/Subscribers.tsx
2026-08-07T21:27:36.505Z - GET /src/admin/Creators.tsx
2026-08-07T21:27:36.513Z - GET /pages/Careers.tsx
2026-08-07T21:27:36.517Z - GET /pages/Teams.tsx
2026-08-07T21:27:36.518Z - GET /src/admin/Jobs.tsx
2026-08-07T21:27:36.518Z - GET /src/admin/Dashboard.tsx
2026-08-07T21:27:36.525Z - GET /src/admin/Schedule.tsx
2026-08-07T21:27:36.528Z - GET /constants.tsx
2026-08-07T21:27:36.533Z - GET /pages/News.tsx
2026-08-07T21:27:36.534Z - GET /src/admin/Leadership.tsx
2026-08-07T21:27:36.537Z - GET /src/admin/Teams.tsx
2026-08-07T21:27:36.540Z - GET /pages/Socials.tsx
2026-08-07T21:27:36.541Z - GET /src/admin/News.tsx
2026-08-07T21:27:36.543Z - GET /src/components/AnnouncementBar.tsx
2026-08-07T21:27:36.548Z - GET /src/admin/Settings.tsx
2026-08-07T21:27:36.552Z - GET /pages/Schedule.tsx
2026-08-07T21:27:36.567Z - GET /src/admin/Partners.tsx?t=1786138044912
2026-08-07T21:27:36.574Z - GET /components/NewsletterPopup.tsx
2026-08-07T21:27:36.575Z - GET /pages/Information.tsx
2026-08-07T21:27:36.576Z - GET /pages/JobDetail.tsx
2026-08-07T21:27:36.577Z - GET /src/admin/AdminLayout.tsx
2026-08-07T21:27:36.578Z - GET /src/admin/Users.tsx
2026-08-07T21:27:36.579Z - GET /src/admin/LoginPage.tsx
2026-08-07T21:27:36.580Z - GET /pages/About.tsx
2026-08-07T21:27:36.581Z - GET /components/GlobalSearch.tsx
2026-08-07T21:27:36.582Z - GET /pages/Home.tsx
2026-08-07T21:27:36.582Z - GET /pages/EventDetail.tsx
2026-08-07T21:27:36.583Z - GET /src/context/SettingsContext.tsx
2026-08-07T21:27:36.584Z - GET /src/admin/Gallery.tsx
2026-08-07T21:27:36.612Z - GET /components/SEOMeta.tsx
2026-08-07T21:27:36.613Z - GET /src/lib/firebase.ts
2026-08-07T21:27:36.614Z - GET /components/Breadcrumbs.tsx
2026-08-07T21:27:36.616Z - GET /components/ui/ArenaButton.tsx
2026-08-07T21:27:36.624Z - GET /src/utils/json.ts
2026-08-07T21:27:36.628Z - GET /src/components/ConfirmDeleteModal.tsx
2026-08-07T21:27:36.666Z - GET /src/components/ImageUploader.tsx
2026-08-07T21:27:36.670Z - GET /src/admin/components/FormSection.tsx
2026-08-07T21:27:36.671Z - GET /src/admin/components/Toast.tsx
2026-08-07T21:27:36.672Z - GET /src/admin/components/FormRepeater.tsx
2026-08-07T21:27:36.703Z - GET /firebase-applet-config.json?import
2026-08-07T21:27:36.808Z - GET /assets/Gk%20Logo.png
2026-08-07T21:27:36.860Z - GET /api/leadership
2026-08-07T21:27:36.871Z - GET /api/settings
2026-08-07T21:27:36.874Z - GET /api/partners
2026-08-07T21:27:37.118Z - GET /api/partners
2026-08-07T21:27:37.121Z - GET /api/leadership
2026-08-07T21:27:37.380Z - GET /api/settings
2026-08-07T21:27:46.371Z - PUT /api/partners/2
2026-08-07T21:27:49.196Z - PUT /api/partners/3
2026-08-07T21:27:50.584Z - PUT /api/partners/4
2026-08-07T21:27:52.654Z - GET /careers/xfgh
2026-08-07T21:27:52.752Z - GET /@vite/client
2026-08-07T21:27:52.757Z - GET /@react-refresh
2026-08-07T21:27:52.761Z - GET /index.tsx
2026-08-07T21:27:52.916Z - GET /node_modules/vite/dist/client/env.mjs
2026-08-07T21:27:52.920Z - GET /App.tsx
2026-08-07T21:27:53.000Z - GET /pages/Home.tsx
2026-08-07T21:27:53.003Z - GET /pages/Schedule.tsx
2026-08-07T21:27:53.015Z - GET /pages/EventDetail.tsx
2026-08-07T21:27:53.016Z - GET /components/NewsletterPopup.tsx
2026-08-07T21:27:53.019Z - GET /pages/PlayerProfile.tsx
2026-08-07T21:27:53.024Z - GET /src/admin/Schedule.tsx
2026-08-07T21:27:53.026Z - GET /src/admin/Jobs.tsx
2026-08-07T21:27:53.030Z - GET /pages/NewsDetail.tsx
2026-08-07T21:27:53.031Z - GET /src/admin/Subscribers.tsx
2026-08-07T21:27:53.035Z - GET /src/admin/Partners.tsx?t=1786138044912
2026-08-07T21:27:53.037Z - GET /src/admin/Teams.tsx
2026-08-07T21:27:53.039Z - GET /src/admin/Leadership.tsx
2026-08-07T21:27:53.043Z - GET /pages/About.tsx
2026-08-07T21:27:53.046Z - GET /pages/News.tsx
2026-08-07T21:27:53.050Z - GET /src/context/SettingsContext.tsx
2026-08-07T21:27:53.055Z - GET /src/admin/Gallery.tsx
2026-08-07T21:27:53.059Z - GET /pages/Teams.tsx
2026-08-07T21:27:53.065Z - GET /src/admin/LoginPage.tsx
2026-08-07T21:27:53.071Z - GET /pages/Information.tsx
2026-08-07T21:27:53.076Z - GET /pages/Careers.tsx
2026-08-07T21:27:53.079Z - GET /src/admin/Settings.tsx
2026-08-07T21:27:53.082Z - GET /src/admin/Dashboard.tsx
2026-08-07T21:27:53.089Z - GET /constants.tsx
2026-08-07T21:27:53.091Z - GET /components/GlobalSearch.tsx
2026-08-07T21:27:53.096Z - GET /src/admin/Creators.tsx
2026-08-07T21:27:53.098Z - GET /pages/Socials.tsx
2026-08-07T21:27:53.101Z - GET /src/admin/AdminLayout.tsx
2026-08-07T21:27:53.105Z - GET /pages/JobDetail.tsx
2026-08-07T21:27:53.107Z - GET /src/admin/Users.tsx
2026-08-07T21:27:53.108Z - GET /components/SocialFollowerIcon.tsx
2026-08-07T21:27:53.110Z - GET /src/admin/News.tsx
2026-08-07T21:27:53.111Z - GET /src/components/AnnouncementBar.tsx
2026-08-07T21:27:53.114Z - GET /components/Breadcrumbs.tsx
2026-08-07T21:27:53.116Z - GET /components/SEOMeta.tsx
2026-08-07T21:27:53.120Z - GET /components/ui/ArenaButton.tsx
2026-08-07T21:27:53.121Z - GET /src/utils/json.ts
2026-08-07T21:27:53.123Z - GET /src/lib/firebase.ts
2026-08-07T21:27:53.125Z - GET /src/components/ImageUploader.tsx
2026-08-07T21:27:53.126Z - GET /src/components/ConfirmDeleteModal.tsx
2026-08-07T21:27:53.129Z - GET /src/admin/components/FormRepeater.tsx
2026-08-07T21:27:53.131Z - GET /src/admin/components/FormSection.tsx
2026-08-07T21:27:53.133Z - GET /src/admin/components/Toast.tsx
2026-08-07T21:27:53.199Z - GET /firebase-applet-config.json?import
2026-08-07T21:27:53.303Z - GET /assets/Gk%20Logo.png
2026-08-07T21:27:53.343Z - GET /api/leadership
2026-08-07T21:27:53.344Z - GET /api/settings
2026-08-07T21:27:53.351Z - GET /api/partners
2026-08-07T21:27:53.601Z - GET /api/leadership
2026-08-07T21:27:53.855Z - GET /api/partners
2026-08-07T21:27:53.866Z - GET /api/settings
2026-08-07T21:28:04.231Z - DELETE /api/partners/3
2026-08-07T21:28:04.759Z - DELETE /api/partners/3
2026-08-07T21:28:08.017Z - GET /
2026-08-07T21:28:12.836Z - GET /
2026-08-07T21:28:13.370Z - GET /@vite/client
2026-08-07T21:28:13.373Z - GET /index.tsx
2026-08-07T21:28:13.374Z - GET /@react-refresh
2026-08-07T21:28:13.601Z - GET /App.tsx
2026-08-07T21:28:13.611Z - GET /node_modules/vite/dist/client/env.mjs
2026-08-07T21:28:14.794Z - GET /pages/Home.tsx
2026-08-07T21:28:14.821Z - GET /pages/Schedule.tsx
2026-08-07T21:28:14.838Z - GET /pages/Careers.tsx
2026-08-07T21:28:14.898Z - GET /pages/About.tsx
2026-08-07T21:28:14.942Z - GET /src/admin/Schedule.tsx
2026-08-07T21:28:14.973Z - GET /src/admin/Teams.tsx
2026-08-07T21:28:14.976Z - GET /pages/Teams.tsx
2026-08-07T21:28:14.977Z - GET /pages/Information.tsx
2026-08-07T21:28:14.978Z - GET /src/admin/Jobs.tsx
2026-08-07T21:28:14.979Z - GET /pages/Socials.tsx
2026-08-07T21:28:14.980Z - GET /pages/EventDetail.tsx
2026-08-07T21:28:15.008Z - GET /src/admin/Dashboard.tsx
2026-08-07T21:28:15.013Z - GET /pages/JobDetail.tsx
2026-08-07T21:28:15.019Z - GET /src/admin/Creators.tsx
2026-08-07T21:28:15.023Z - GET /components/SocialFollowerIcon.tsx
2026-08-07T21:28:15.027Z - GET /src/admin/AdminLayout.tsx
2026-08-07T21:28:15.031Z - GET /src/admin/Leadership.tsx
2026-08-07T21:28:15.035Z - GET /src/admin/Gallery.tsx
2026-08-07T21:28:15.039Z - GET /pages/PlayerProfile.tsx
2026-08-07T21:28:15.043Z - GET /src/admin/Users.tsx
2026-08-07T21:28:15.046Z - GET /pages/NewsDetail.tsx
2026-08-07T21:28:15.050Z - GET /src/components/AnnouncementBar.tsx
2026-08-07T21:28:15.054Z - GET /src/admin/LoginPage.tsx
2026-08-07T21:28:15.059Z - GET /src/admin/Settings.tsx
2026-08-07T21:28:15.063Z - GET /pages/News.tsx
2026-08-07T21:28:15.068Z - GET /src/admin/Subscribers.tsx
2026-08-07T21:28:15.073Z - GET /src/context/SettingsContext.tsx
2026-08-07T21:28:15.076Z - GET /components/GlobalSearch.tsx
2026-08-07T21:28:15.078Z - GET /src/admin/Partners.tsx
2026-08-07T21:28:15.085Z - GET /src/admin/News.tsx
2026-08-07T21:28:15.087Z - GET /components/NewsletterPopup.tsx
2026-08-07T21:28:15.093Z - GET /constants.tsx
2026-08-07T21:28:15.096Z - GET /components/ui/ArenaButton.tsx
2026-08-07T21:28:15.101Z - GET /components/SEOMeta.tsx
2026-08-07T21:28:15.105Z - GET /src/utils/json.ts
2026-08-07T21:28:15.108Z - GET /components/Breadcrumbs.tsx
2026-08-07T21:28:15.113Z - GET /src/components/ImageUploader.tsx
2026-08-07T21:28:15.116Z - GET /src/admin/components/FormSection.tsx
2026-08-07T21:28:15.118Z - GET /src/components/ConfirmDeleteModal.tsx
2026-08-07T21:28:15.123Z - GET /src/admin/components/FormRepeater.tsx
2026-08-07T21:28:15.124Z - GET /src/admin/components/Toast.tsx
2026-08-07T21:28:15.134Z - GET /src/lib/firebase.ts
2026-08-07T21:28:15.309Z - GET /firebase-applet-config.json?import
2026-08-07T21:28:15.414Z - GET /assets/Gk%20Logo.png
2026-08-07T21:28:15.684Z - GET /api/news
2026-08-07T21:28:15.699Z - GET /api/teams
2026-08-07T21:28:15.703Z - GET /api/events
2026-08-07T21:28:15.707Z - GET /api/stats
2026-08-07T21:28:15.713Z - GET /api/settings
2026-08-07T21:28:15.985Z - GET /api/settings
2026-08-07T21:28:15.991Z - GET /api/teams
2026-08-07T21:28:16.299Z - GET /api/events
2026-08-07T21:28:16.306Z - GET /api/news
2026-08-07T21:28:17.363Z - GET /api/stats
2026-08-07T21:28:18.435Z - GET /assets/frame.png
2026-08-07T21:28:18.438Z - GET /assets/bag.png
2026-08-07T21:28:18.443Z - GET /assets/jearsy.png
2026-08-07T21:28:18.449Z - GET /assets/mat.png
2026-08-07T21:28:18.454Z - GET /assets/mouse.png
2026-08-07T22:03:39.037Z - GET /
2026-08-07T22:03:39.143Z - GET /@vite/client
2026-08-07T22:03:39.151Z - GET /@react-refresh
2026-08-07T22:03:39.155Z - GET /index.tsx
2026-08-07T22:03:39.337Z - GET /node_modules/vite/dist/client/env.mjs
2026-08-07T22:03:39.342Z - GET /App.tsx
2026-08-07T22:03:39.450Z - GET /pages/Home.tsx
2026-08-07T22:03:39.455Z - GET /pages/Teams.tsx
2026-08-07T22:03:39.456Z - GET /pages/About.tsx
2026-08-07T22:03:39.459Z - GET /pages/Schedule.tsx
2026-08-07T22:03:39.465Z - GET /pages/Careers.tsx
2026-08-07T22:03:39.473Z - GET /src/admin/LoginPage.tsx
2026-08-07T22:03:39.473Z - GET /src/admin/Leadership.tsx
2026-08-07T22:03:39.474Z - GET /src/admin/Dashboard.tsx
2026-08-07T22:03:39.475Z - GET /src/admin/Teams.tsx
2026-08-07T22:03:39.476Z - GET /src/admin/AdminLayout.tsx
2026-08-07T22:03:39.477Z - GET /src/admin/Creators.tsx
2026-08-07T22:03:39.489Z - GET /pages/JobDetail.tsx
2026-08-07T22:03:39.490Z - GET /src/admin/Subscribers.tsx
2026-08-07T22:03:39.491Z - GET /src/admin/News.tsx
2026-08-07T22:03:39.492Z - GET /src/admin/Users.tsx
2026-08-07T22:03:39.493Z - GET /constants.tsx
2026-08-07T22:03:39.494Z - GET /pages/Information.tsx
2026-08-07T22:03:39.494Z - GET /src/admin/Schedule.tsx
2026-08-07T22:03:39.496Z - GET /pages/EventDetail.tsx
2026-08-07T22:03:39.497Z - GET /components/GlobalSearch.tsx
2026-08-07T22:03:39.497Z - GET /src/context/SettingsContext.tsx
2026-08-07T22:03:39.498Z - GET /src/components/AnnouncementBar.tsx
2026-08-07T22:03:39.505Z - GET /pages/Socials.tsx
2026-08-07T22:03:39.520Z - GET /src/admin/Gallery.tsx
2026-08-07T22:03:39.522Z - GET /src/admin/Settings.tsx
2026-08-07T22:03:39.522Z - GET /src/admin/Jobs.tsx
2026-08-07T22:03:39.523Z - GET /pages/NewsDetail.tsx
2026-08-07T22:03:39.524Z - GET /pages/PlayerProfile.tsx
2026-08-07T22:03:39.524Z - GET /components/NewsletterPopup.tsx
2026-08-07T22:03:39.525Z - GET /components/SocialFollowerIcon.tsx
2026-08-07T22:03:39.525Z - GET /pages/News.tsx
2026-08-07T22:03:39.527Z - GET /src/admin/Partners.tsx
2026-08-07T22:03:39.554Z - GET /src/utils/json.ts
2026-08-07T22:03:39.555Z - GET /components/Breadcrumbs.tsx
2026-08-07T22:03:39.556Z - GET /components/SEOMeta.tsx
2026-08-07T22:03:39.557Z - GET /components/ui/ArenaButton.tsx
2026-08-07T22:03:39.559Z - GET /src/components/ImageUploader.tsx
2026-08-07T22:03:39.560Z - GET /src/admin/components/FormRepeater.tsx
2026-08-07T22:03:39.560Z - GET /src/lib/firebase.ts
2026-08-07T22:03:39.561Z - GET /src/admin/components/Toast.tsx
2026-08-07T22:03:39.562Z - GET /src/components/ConfirmDeleteModal.tsx
2026-08-07T22:03:39.563Z - GET /src/admin/components/FormSection.tsx
2026-08-07T22:03:39.667Z - GET /firebase-applet-config.json?import
2026-08-07T22:03:39.816Z - GET /assets/Gk%20Logo.png
2026-08-07T22:03:39.995Z - GET /api/health
2026-08-07T22:03:40.001Z - GET /api/stats
2026-08-07T22:03:40.006Z - GET /api/settings
2026-08-07T22:03:40.074Z - GET /api/health
2026-08-07T22:03:40.997Z - GET /api/settings
2026-08-07T22:03:42.796Z - GET /api/stats
2026-08-07T22:03:42.805Z - GET /api/activity
2026-08-07T22:03:43.878Z - GET /api/users
2026-08-07T22:03:44.311Z - GET /api/activity
2026-08-07T22:03:44.382Z - GET /api/users
2026-08-07T22:04:08.537Z - POST /api/users
2026-08-07T22:04:08.622Z - GET /api/users
2026-08-07T22:09:09.324Z - GET /api/users
2026-08-07T22:09:19.884Z - GET /api/users
2026-08-07T22:09:33.686Z - GET /api/users
2026-08-07T22:09:38.202Z - POST /api/users
2026-08-07T22:09:38.343Z - PUT /api/users/4
2026-08-07T22:09:38.357Z - DELETE /api/users/4
2026-08-07T22:10:12.113Z - GET /
2026-08-07T22:10:18.750Z - GET /
2026-08-07T22:10:19.292Z - GET /@vite/client
2026-08-07T22:10:19.295Z - GET /index.tsx
2026-08-07T22:10:19.296Z - GET /@react-refresh
2026-08-07T22:10:19.497Z - GET /node_modules/vite/dist/client/env.mjs
2026-08-07T22:10:19.506Z - GET /App.tsx
2026-08-07T22:10:20.742Z - GET /pages/Home.tsx
2026-08-07T22:10:20.792Z - GET /pages/Schedule.tsx
2026-08-07T22:10:20.826Z - GET /pages/Teams.tsx
2026-08-07T22:10:20.881Z - GET /pages/About.tsx
2026-08-07T22:10:20.898Z - GET /pages/Careers.tsx
2026-08-07T22:10:20.958Z - GET /src/admin/Dashboard.tsx
2026-08-07T22:10:20.980Z - GET /src/admin/AdminLayout.tsx
2026-08-07T22:10:20.983Z - GET /src/admin/Teams.tsx
2026-08-07T22:10:20.984Z - GET /src/admin/Creators.tsx
2026-08-07T22:10:20.985Z - GET /components/GlobalSearch.tsx
2026-08-07T22:10:20.985Z - GET /pages/PlayerProfile.tsx
2026-08-07T22:10:20.986Z - GET /src/admin/LoginPage.tsx
2026-08-07T22:10:20.987Z - GET /pages/EventDetail.tsx
2026-08-07T22:10:20.988Z - GET /src/admin/Partners.tsx
2026-08-07T22:10:20.988Z - GET /pages/Information.tsx
2026-08-07T22:10:21.027Z - GET /pages/Socials.tsx
2026-08-07T22:10:21.034Z - GET /pages/JobDetail.tsx
2026-08-07T22:10:21.038Z - GET /src/admin/Gallery.tsx
2026-08-07T22:10:21.045Z - GET /src/admin/Jobs.tsx
2026-08-07T22:10:21.050Z - GET /src/admin/Settings.tsx
2026-08-07T22:10:21.054Z - GET /src/admin/Subscribers.tsx
2026-08-07T22:10:21.060Z - GET /components/NewsletterPopup.tsx
2026-08-07T22:10:21.065Z - GET /src/admin/News.tsx
2026-08-07T22:10:21.066Z - GET /components/SocialFollowerIcon.tsx
2026-08-07T22:10:21.078Z - GET /src/admin/Schedule.tsx
2026-08-07T22:10:21.080Z - GET /src/context/SettingsContext.tsx
2026-08-07T22:10:21.081Z - GET /pages/News.tsx
2026-08-07T22:10:21.082Z - GET /constants.tsx
2026-08-07T22:10:21.083Z - GET /src/admin/Leadership.tsx
2026-08-07T22:10:21.083Z - GET /src/admin/Users.tsx
2026-08-07T22:10:21.085Z - GET /src/components/AnnouncementBar.tsx
2026-08-07T22:10:21.086Z - GET /pages/NewsDetail.tsx
2026-08-07T22:10:21.087Z - GET /components/ui/ArenaButton.tsx
2026-08-07T22:10:21.088Z - GET /components/SEOMeta.tsx
2026-08-07T22:10:21.089Z - GET /src/utils/json.ts
2026-08-07T22:10:21.089Z - GET /components/Breadcrumbs.tsx
2026-08-07T22:10:21.124Z - GET /src/components/ConfirmDeleteModal.tsx
2026-08-07T22:10:21.125Z - GET /src/lib/firebase.ts
2026-08-07T22:10:21.126Z - GET /src/components/ImageUploader.tsx
2026-08-07T22:10:21.127Z - GET /src/admin/components/FormSection.tsx
2026-08-07T22:10:21.127Z - GET /src/admin/components/Toast.tsx
2026-08-07T22:10:21.128Z - GET /src/admin/components/FormRepeater.tsx
2026-08-07T22:10:21.270Z - GET /firebase-applet-config.json?import
2026-08-07T22:10:21.383Z - GET /assets/Gk%20Logo.png
2026-08-07T22:10:21.431Z - GET /api/stats
2026-08-07T22:10:21.446Z - GET /api/news
2026-08-07T22:10:21.453Z - GET /api/teams
2026-08-07T22:10:21.461Z - GET /api/events
2026-08-07T22:10:21.465Z - GET /api/settings
2026-08-07T22:10:21.751Z - GET /api/teams
2026-08-07T22:10:21.970Z - GET /api/settings
2026-08-07T22:10:21.979Z - GET /api/events
2026-08-07T22:10:21.985Z - GET /api/news
2026-08-07T22:10:23.518Z - GET /api/stats
2026-08-07T22:10:24.811Z - GET /assets/mouse.png
2026-08-07T22:10:24.813Z - GET /assets/bag.png
2026-08-07T22:10:24.822Z - GET /assets/frame.png
2026-08-07T22:10:24.823Z - GET /assets/jearsy.png
2026-08-07T22:10:24.824Z - GET /assets/mat.png
2026-08-07T22:10:33.915Z - GET /
2026-08-07T22:10:34.013Z - GET /index.tsx
2026-08-07T22:10:34.017Z - GET /@vite/client
2026-08-07T22:10:34.027Z - GET /@react-refresh
2026-08-07T22:10:34.219Z - GET /node_modules/vite/dist/client/env.mjs
2026-08-07T22:10:34.221Z - GET /App.tsx
2026-08-07T22:10:34.309Z - GET /pages/Home.tsx
2026-08-07T22:10:34.333Z - GET /pages/Careers.tsx
2026-08-07T22:10:34.337Z - GET /pages/Teams.tsx
2026-08-07T22:10:34.342Z - GET /pages/About.tsx
2026-08-07T22:10:34.351Z - GET /pages/Schedule.tsx
2026-08-07T22:10:34.357Z - GET /pages/EventDetail.tsx
2026-08-07T22:10:34.358Z - GET /pages/Information.tsx
2026-08-07T22:10:34.360Z - GET /src/admin/News.tsx
2026-08-07T22:10:34.365Z - GET /src/admin/Dashboard.tsx
2026-08-07T22:10:34.366Z - GET /pages/JobDetail.tsx
2026-08-07T22:10:34.370Z - GET /src/admin/LoginPage.tsx
2026-08-07T22:10:34.393Z - GET /pages/PlayerProfile.tsx
2026-08-07T22:10:34.394Z - GET /src/admin/Teams.tsx
2026-08-07T22:10:34.395Z - GET /pages/Socials.tsx
2026-08-07T22:10:34.396Z - GET /src/admin/Leadership.tsx
2026-08-07T22:10:34.397Z - GET /src/admin/Partners.tsx
2026-08-07T22:10:34.398Z - GET /src/admin/AdminLayout.tsx
2026-08-07T22:10:34.405Z - GET /components/GlobalSearch.tsx
2026-08-07T22:10:34.406Z - GET /src/admin/Jobs.tsx
2026-08-07T22:10:34.407Z - GET /src/context/SettingsContext.tsx
2026-08-07T22:10:34.408Z - GET /components/SocialFollowerIcon.tsx
2026-08-07T22:10:34.409Z - GET /src/components/AnnouncementBar.tsx
2026-08-07T22:10:34.409Z - GET /constants.tsx
2026-08-07T22:10:34.410Z - GET /src/admin/Creators.tsx
2026-08-07T22:10:34.411Z - GET /src/admin/Settings.tsx
2026-08-07T22:10:34.412Z - GET /src/admin/Subscribers.tsx
2026-08-07T22:10:34.412Z - GET /components/NewsletterPopup.tsx
2026-08-07T22:10:34.413Z - GET /src/admin/Users.tsx
2026-08-07T22:10:34.414Z - GET /pages/News.tsx
2026-08-07T22:10:34.414Z - GET /src/admin/Schedule.tsx
2026-08-07T22:10:34.426Z - GET /src/admin/Gallery.tsx
2026-08-07T22:10:34.428Z - GET /pages/NewsDetail.tsx
2026-08-07T22:10:34.454Z - GET /components/ui/ArenaButton.tsx
2026-08-07T22:10:34.455Z - GET /components/SEOMeta.tsx
2026-08-07T22:10:34.456Z - GET /src/utils/json.ts
2026-08-07T22:10:34.456Z - GET /components/Breadcrumbs.tsx
2026-08-07T22:10:34.471Z - GET /src/components/ConfirmDeleteModal.tsx
2026-08-07T22:10:34.472Z - GET /src/admin/components/Toast.tsx
2026-08-07T22:10:34.472Z - GET /src/components/ImageUploader.tsx
2026-08-07T22:10:34.482Z - GET /src/lib/firebase.ts
2026-08-07T22:10:34.484Z - GET /src/admin/components/FormSection.tsx
2026-08-07T22:10:34.484Z - GET /src/admin/components/FormRepeater.tsx
2026-08-07T22:10:34.559Z - GET /firebase-applet-config.json?import
2026-08-07T22:10:34.652Z - GET /assets/Gk%20Logo.png
2026-08-07T22:10:34.881Z - GET /api/health
2026-08-07T22:10:34.885Z - GET /api/settings
2026-08-07T22:10:34.892Z - GET /api/stats
2026-08-07T22:10:34.961Z - GET /api/health
2026-08-07T22:10:35.139Z - GET /api/settings
2026-08-07T22:10:36.657Z - GET /api/stats
2026-08-07T22:10:36.675Z - GET /api/activity
2026-08-07T22:10:37.676Z - GET /api/activity
2026-08-07T22:10:41.776Z - GET /api/users
2026-08-07T22:10:41.999Z - GET /api/users
2026-08-07T22:12:50.419Z - DELETE /api/users/3
2026-08-07T22:12:50.842Z - GET /api/users
2026-08-07T22:12:55.675Z - PUT /api/users/2
2026-08-07T22:12:55.886Z - GET /api/users
2026-08-07T22:13:14.401Z - PUT /api/users/2
2026-08-07T22:13:14.489Z - GET /api/users
2026-08-07T22:13:28.067Z - PUT /api/users/2
2026-08-07T22:13:28.268Z - GET /api/users
2026-08-07T22:13:39.452Z - PUT /api/users/2
2026-08-07T22:13:39.545Z - GET /api/users
2026-08-07T22:13:53.863Z - PUT /api/users/1
2026-08-07T22:13:54.056Z - GET /api/users
2026-08-07T22:15:21.590Z - GET /
2026-08-07T22:15:21.692Z - GET /@vite/client
2026-08-07T22:15:21.701Z - GET /index.tsx
2026-08-07T22:15:21.701Z - GET /@react-refresh
2026-08-07T22:15:21.862Z - GET /node_modules/vite/dist/client/env.mjs
2026-08-07T22:15:21.866Z - GET /App.tsx
2026-08-07T22:15:21.954Z - GET /pages/Home.tsx
2026-08-07T22:15:21.965Z - GET /pages/Teams.tsx
2026-08-07T22:15:21.966Z - GET /pages/Careers.tsx
2026-08-07T22:15:21.968Z - GET /pages/About.tsx
2026-08-07T22:15:21.979Z - GET /pages/Schedule.tsx
2026-08-07T22:15:21.980Z - GET /src/admin/AdminLayout.tsx
2026-08-07T22:15:21.981Z - GET /src/admin/Teams.tsx
2026-08-07T22:15:21.987Z - GET /src/admin/Creators.tsx
2026-08-07T22:15:21.988Z - GET /pages/Information.tsx
2026-08-07T22:15:21.999Z - GET /src/admin/Leadership.tsx
2026-08-07T22:15:22.008Z - GET /src/admin/Schedule.tsx
2026-08-07T22:15:22.010Z - GET /constants.tsx
2026-08-07T22:15:22.011Z - GET /pages/Socials.tsx
2026-08-07T22:15:22.012Z - GET /src/admin/Settings.tsx
2026-08-07T22:15:22.014Z - GET /pages/NewsDetail.tsx
2026-08-07T22:15:22.015Z - GET /components/SocialFollowerIcon.tsx
2026-08-07T22:15:22.016Z - GET /pages/News.tsx
2026-08-07T22:15:22.017Z - GET /src/admin/Users.tsx
2026-08-07T22:15:22.018Z - GET /components/NewsletterPopup.tsx
2026-08-07T22:15:22.018Z - GET /src/admin/Dashboard.tsx
2026-08-07T22:15:22.019Z - GET /src/admin/LoginPage.tsx
2026-08-07T22:15:22.020Z - GET /pages/EventDetail.tsx
2026-08-07T22:15:22.020Z - GET /src/components/AnnouncementBar.tsx
2026-08-07T22:15:22.021Z - GET /pages/PlayerProfile.tsx
2026-08-07T22:15:22.022Z - GET /src/admin/Subscribers.tsx
2026-08-07T22:15:22.022Z - GET /src/admin/News.tsx
2026-08-07T22:15:22.023Z - GET /pages/JobDetail.tsx
2026-08-07T22:15:22.024Z - GET /src/admin/Jobs.tsx
2026-08-07T22:15:22.024Z - GET /src/admin/Gallery.tsx
2026-08-07T22:15:22.026Z - GET /src/admin/Partners.tsx
2026-08-07T22:15:22.036Z - GET /src/context/SettingsContext.tsx
2026-08-07T22:15:22.038Z - GET /components/GlobalSearch.tsx
2026-08-07T22:15:22.074Z - GET /src/utils/json.ts
2026-08-07T22:15:22.075Z - GET /components/SEOMeta.tsx
2026-08-07T22:15:22.076Z - GET /components/Breadcrumbs.tsx
2026-08-07T22:15:22.076Z - GET /components/ui/ArenaButton.tsx
2026-08-07T22:15:22.077Z - GET /src/lib/firebase.ts
2026-08-07T22:15:22.096Z - GET /src/admin/components/FormRepeater.tsx
2026-08-07T22:15:22.098Z - GET /src/components/ImageUploader.tsx
2026-08-07T22:15:22.099Z - GET /src/admin/components/Toast.tsx
2026-08-07T22:15:22.112Z - GET /src/components/ConfirmDeleteModal.tsx
2026-08-07T22:15:22.119Z - GET /src/admin/components/FormSection.tsx
2026-08-07T22:15:22.248Z - GET /firebase-applet-config.json?import
2026-08-07T22:15:22.358Z - GET /assets/Gk%20Logo.png
2026-08-07T22:15:22.543Z - GET /api/stats
2026-08-07T22:15:22.546Z - GET /api/settings
2026-08-07T22:15:22.555Z - GET /api/health
2026-08-07T22:15:22.637Z - GET /api/health
2026-08-07T22:15:23.037Z - GET /api/settings
2026-08-07T22:15:24.383Z - GET /api/stats
2026-08-07T22:15:24.393Z - GET /api/activity
2026-08-07T22:15:25.668Z - GET /api/activity
2026-08-07T22:15:26.049Z - GET /api/users
2026-08-07T22:15:26.298Z - GET /api/users
2026-08-07T22:17:18.020Z - PUT /api/users/1
2026-08-07T22:17:18.108Z - GET /api/users
2026-08-07T22:20:36.892Z - PUT /api/users/2
2026-08-07T22:20:36.985Z - GET /api/users
2026-08-07T22:25:20.132Z - GET /
2026-08-07T22:25:23.549Z - GET /
2026-08-07T22:25:24.083Z - GET /@vite/client
2026-08-07T22:25:24.088Z - GET /index.tsx
2026-08-07T22:25:24.094Z - GET /@react-refresh
2026-08-07T22:25:24.295Z - GET /App.tsx
2026-08-07T22:25:24.296Z - GET /node_modules/vite/dist/client/env.mjs
2026-08-07T22:25:25.558Z - GET /pages/Home.tsx
2026-08-07T22:25:25.566Z - GET /pages/Schedule.tsx
2026-08-07T22:25:25.568Z - GET /pages/Teams.tsx
2026-08-07T22:25:25.570Z - GET /pages/About.tsx
2026-08-07T22:25:25.572Z - GET /pages/JobDetail.tsx
2026-08-07T22:25:25.574Z - GET /pages/Careers.tsx
2026-08-07T22:25:25.576Z - GET /pages/Information.tsx
2026-08-07T22:25:25.577Z - GET /components/NewsletterPopup.tsx
2026-08-07T22:25:25.577Z - GET /components/GlobalSearch.tsx
2026-08-07T22:25:25.578Z - GET /src/admin/Users.tsx
2026-08-07T22:25:25.579Z - GET /src/admin/Subscribers.tsx
2026-08-07T22:25:25.650Z - GET /src/admin/Leadership.tsx
2026-08-07T22:25:25.711Z - GET /src/admin/Partners.tsx
2026-08-07T22:25:25.732Z - GET /pages/PlayerProfile.tsx
2026-08-07T22:25:25.734Z - GET /pages/EventDetail.tsx
2026-08-07T22:25:25.736Z - GET /src/admin/AdminLayout.tsx
2026-08-07T22:25:25.737Z - GET /src/components/AnnouncementBar.tsx
2026-08-07T22:25:25.737Z - GET /pages/News.tsx
2026-08-07T22:25:25.738Z - GET /src/admin/Settings.tsx
2026-08-07T22:25:25.782Z - GET /pages/NewsDetail.tsx
2026-08-07T22:25:25.813Z - GET /src/admin/Schedule.tsx
2026-08-07T22:25:25.844Z - GET /src/admin/Teams.tsx
2026-08-07T22:25:25.875Z - GET /src/admin/Gallery.tsx
2026-08-07T22:25:25.881Z - GET /src/admin/LoginPage.tsx
2026-08-07T22:25:25.896Z - GET /src/admin/Jobs.tsx
2026-08-07T22:25:25.900Z - GET /components/SocialFollowerIcon.tsx
2026-08-07T22:25:25.908Z - GET /pages/Socials.tsx
2026-08-07T22:25:25.910Z - GET /src/admin/Creators.tsx
2026-08-07T22:25:25.918Z - GET /src/admin/News.tsx
2026-08-07T22:25:25.920Z - GET /constants.tsx
2026-08-07T22:25:25.921Z - GET /src/context/SettingsContext.tsx
2026-08-07T22:25:25.922Z - GET /src/admin/Dashboard.tsx
2026-08-07T22:25:25.922Z - GET /components/ui/ArenaButton.tsx
2026-08-07T22:25:25.923Z - GET /components/SEOMeta.tsx
2026-08-07T22:25:25.924Z - GET /src/utils/json.ts
2026-08-07T22:25:25.925Z - GET /components/Breadcrumbs.tsx
2026-08-07T22:25:25.926Z - GET /src/components/ConfirmDeleteModal.tsx
2026-08-07T22:25:25.926Z - GET /src/lib/firebase.ts
2026-08-07T22:25:25.927Z - GET /src/components/ImageUploader.tsx
2026-08-07T22:25:25.928Z - GET /src/admin/components/FormSection.tsx
2026-08-07T22:25:25.929Z - GET /src/admin/components/FormRepeater.tsx
2026-08-07T22:25:25.965Z - GET /src/admin/components/Toast.tsx
2026-08-07T22:25:26.032Z - GET /firebase-applet-config.json?import
2026-08-07T22:25:26.196Z - GET /assets/Gk%20Logo.png
2026-08-07T22:25:26.499Z - GET /api/news
2026-08-07T22:25:26.527Z - GET /api/stats
2026-08-07T22:25:26.530Z - GET /api/settings
2026-08-07T22:25:26.532Z - GET /api/teams
2026-08-07T22:25:26.534Z - GET /api/events
2026-08-07T22:25:27.012Z - GET /api/events
2026-08-07T22:25:27.022Z - GET /api/settings
2026-08-07T22:25:27.083Z - GET /api/news
2026-08-07T22:25:27.095Z - GET /api/teams
2026-08-07T22:25:28.269Z - GET /api/stats
2026-08-07T22:25:29.556Z - GET /assets/mouse.png
2026-08-07T22:25:29.564Z - GET /assets/frame.png
2026-08-07T22:25:29.569Z - GET /assets/mat.png
2026-08-07T22:25:29.578Z - GET /assets/bag.png
2026-08-07T22:25:29.582Z - GET /assets/jearsy.png
2026-08-07T22:25:48.722Z - GET /
2026-08-07T22:25:48.828Z - GET /@vite/client
2026-08-07T22:25:48.835Z - GET /index.tsx
2026-08-07T22:25:48.846Z - GET /@react-refresh
2026-08-07T22:25:48.990Z - GET /node_modules/vite/dist/client/env.mjs
2026-08-07T22:25:48.995Z - GET /App.tsx
2026-08-07T22:25:49.082Z - GET /pages/Home.tsx
2026-08-07T22:25:49.090Z - GET /pages/Schedule.tsx
2026-08-07T22:25:49.101Z - GET /pages/About.tsx
2026-08-07T22:25:49.105Z - GET /pages/Teams.tsx
2026-08-07T22:25:49.120Z - GET /pages/Careers.tsx
2026-08-07T22:25:49.129Z - GET /src/admin/AdminLayout.tsx
2026-08-07T22:25:49.137Z - GET /pages/Information.tsx
2026-08-07T22:25:49.145Z - GET /src/admin/Teams.tsx
2026-08-07T22:25:49.152Z - GET /src/admin/Dashboard.tsx
2026-08-07T22:25:49.155Z - GET /components/SocialFollowerIcon.tsx
2026-08-07T22:25:49.163Z - GET /components/NewsletterPopup.tsx
2026-08-07T22:25:49.171Z - GET /pages/PlayerProfile.tsx
2026-08-07T22:25:49.177Z - GET /pages/JobDetail.tsx
2026-08-07T22:25:49.177Z - GET /src/admin/Users.tsx
2026-08-07T22:25:49.178Z - GET /src/admin/Partners.tsx
2026-08-07T22:25:49.179Z - GET /pages/NewsDetail.tsx
2026-08-07T22:25:49.181Z - GET /constants.tsx
2026-08-07T22:25:49.182Z - GET /src/admin/News.tsx
2026-08-07T22:25:49.182Z - GET /src/context/SettingsContext.tsx
2026-08-07T22:25:49.183Z - GET /pages/Socials.tsx
2026-08-07T22:25:49.184Z - GET /src/admin/Gallery.tsx
2026-08-07T22:25:49.185Z - GET /src/admin/Subscribers.tsx
2026-08-07T22:25:49.185Z - GET /pages/EventDetail.tsx
2026-08-07T22:25:49.187Z - GET /pages/News.tsx
2026-08-07T22:25:49.204Z - GET /src/admin/Settings.tsx
2026-08-07T22:25:49.205Z - GET /src/admin/Schedule.tsx
2026-08-07T22:25:49.206Z - GET /src/admin/LoginPage.tsx
2026-08-07T22:25:49.207Z - GET /src/admin/Creators.tsx
2026-08-07T22:25:49.208Z - GET /src/admin/Jobs.tsx
2026-08-07T22:25:49.209Z - GET /src/admin/Leadership.tsx
2026-08-07T22:25:49.210Z - GET /src/components/AnnouncementBar.tsx
2026-08-07T22:25:49.210Z - GET /components/GlobalSearch.tsx
2026-08-07T22:25:49.259Z - GET /components/SEOMeta.tsx
2026-08-07T22:25:49.260Z - GET /components/ui/ArenaButton.tsx
2026-08-07T22:25:49.261Z - GET /src/admin/components/FormRepeater.tsx
2026-08-07T22:25:49.262Z - GET /src/admin/components/Toast.tsx
2026-08-07T22:25:49.263Z - GET /src/admin/components/FormSection.tsx
2026-08-07T22:25:49.264Z - GET /src/components/ConfirmDeleteModal.tsx
2026-08-07T22:25:49.265Z - GET /src/components/ImageUploader.tsx
2026-08-07T22:25:49.265Z - GET /components/Breadcrumbs.tsx
2026-08-07T22:25:49.266Z - GET /src/utils/json.ts
2026-08-07T22:25:49.267Z - GET /src/lib/firebase.ts
2026-08-07T22:25:49.365Z - GET /firebase-applet-config.json?import
2026-08-07T22:25:49.695Z - GET /api/settings
2026-08-07T22:25:49.701Z - GET /api/auth/me
2026-08-07T22:25:49.783Z - GET /api/auth/me
2026-08-07T22:25:49.791Z - GET /assets/Gk%20Logo.png
2026-08-07T22:25:49.956Z - GET /api/settings
2026-08-07T22:25:58.756Z - POST /api/auth/check-user
2026-08-07T22:26:11.464Z - POST /api/auth/login
2026-08-07T22:26:11.682Z - GET /api/auth/me
2026-08-07T22:26:11.769Z - GET /api/auth/me
2026-08-07T22:26:39.294Z - POST /api/auth/check-user
2026-08-07T22:26:47.235Z - POST /api/auth/check-user
2026-08-07T22:26:50.288Z - POST /api/auth/login
2026-08-07T22:26:57.822Z - POST /api/auth/login
2026-08-07T22:26:58.013Z - GET /api/auth/me
2026-08-07T22:26:58.093Z - GET /api/auth/me
2026-08-07T22:31:56.794Z - GET /
2026-08-07T22:31:58.967Z - GET /api/health
2026-08-07T22:32:03.252Z - POST /api/auth/check-user
2026-08-07T22:32:07.336Z - POST /api/auth/login
2026-08-07T22:32:14.871Z - GET /
2026-08-07T22:32:18.403Z - GET /
2026-08-07T22:32:18.996Z - GET /@react-refresh
2026-08-07T22:32:19.007Z - GET /@vite/client
2026-08-07T22:32:19.011Z - GET /index.tsx
2026-08-07T22:32:19.202Z - GET /App.tsx
2026-08-07T22:32:19.208Z - GET /node_modules/vite/dist/client/env.mjs
2026-08-07T22:32:20.615Z - GET /pages/Teams.tsx
2026-08-07T22:32:20.637Z - GET /pages/Home.tsx
2026-08-07T22:32:20.647Z - GET /pages/Schedule.tsx
2026-08-07T22:32:20.713Z - GET /pages/Information.tsx
2026-08-07T22:32:20.751Z - GET /pages/Careers.tsx
2026-08-07T22:32:20.778Z - GET /pages/JobDetail.tsx
2026-08-07T22:32:20.780Z - GET /pages/About.tsx
2026-08-07T22:32:20.789Z - GET /src/admin/AdminLayout.tsx
2026-08-07T22:32:20.791Z - GET /src/admin/Dashboard.tsx
2026-08-07T22:32:20.792Z - GET /src/admin/Creators.tsx
2026-08-07T22:32:20.793Z - GET /src/admin/Teams.tsx
2026-08-07T22:32:20.794Z - GET /src/admin/Partners.tsx
2026-08-07T22:32:20.795Z - GET /src/admin/LoginPage.tsx
2026-08-07T22:32:20.819Z - GET /pages/PlayerProfile.tsx
2026-08-07T22:32:20.822Z - GET /src/admin/Leadership.tsx
2026-08-07T22:32:20.823Z - GET /pages/NewsDetail.tsx
2026-08-07T22:32:20.824Z - GET /src/admin/Jobs.tsx
2026-08-07T22:32:20.825Z - GET /src/admin/Schedule.tsx
2026-08-07T22:32:20.825Z - GET /src/admin/Settings.tsx
2026-08-07T22:32:20.826Z - GET /src/admin/Gallery.tsx
2026-08-07T22:32:20.827Z - GET /pages/News.tsx
2026-08-07T22:32:20.828Z - GET /src/admin/News.tsx
2026-08-07T22:32:20.841Z - GET /src/context/SettingsContext.tsx
2026-08-07T22:32:20.842Z - GET /components/SocialFollowerIcon.tsx
2026-08-07T22:32:20.843Z - GET /src/admin/Subscribers.tsx
2026-08-07T22:32:20.845Z - GET /constants.tsx
2026-08-07T22:32:20.847Z - GET /pages/Socials.tsx
2026-08-07T22:32:20.849Z - GET /src/admin/Users.tsx
2026-08-07T22:32:20.850Z - GET /pages/EventDetail.tsx
2026-08-07T22:32:20.851Z - GET /src/components/AnnouncementBar.tsx
2026-08-07T22:32:20.852Z - GET /components/NewsletterPopup.tsx
2026-08-07T22:32:20.853Z - GET /components/GlobalSearch.tsx
2026-08-07T22:32:20.865Z - GET /src/utils/json.ts
2026-08-07T22:32:20.867Z - GET /components/Breadcrumbs.tsx
2026-08-07T22:32:20.868Z - GET /components/SEOMeta.tsx
2026-08-07T22:32:20.869Z - GET /components/ui/ArenaButton.tsx
2026-08-07T22:32:20.890Z - GET /src/admin/components/FormSection.tsx
2026-08-07T22:32:20.891Z - GET /src/components/ConfirmDeleteModal.tsx
2026-08-07T22:32:20.892Z - GET /src/admin/components/Toast.tsx
2026-08-07T22:32:20.892Z - GET /src/components/ImageUploader.tsx
2026-08-07T22:32:20.893Z - GET /src/admin/components/FormRepeater.tsx
2026-08-07T22:32:20.926Z - GET /src/lib/firebase.ts
2026-08-07T22:32:21.013Z - GET /firebase-applet-config.json?import
2026-08-07T22:32:21.133Z - GET /assets/Gk%20Logo.png
2026-08-07T22:32:21.244Z - GET /api/settings
2026-08-07T22:32:21.262Z - GET /api/teams
2026-08-07T22:32:21.272Z - GET /api/news
2026-08-07T22:32:21.278Z - GET /api/stats
2026-08-07T22:32:21.285Z - GET /api/events
2026-08-07T22:32:21.741Z - GET /api/news
2026-08-07T22:32:21.754Z - GET /api/events
2026-08-07T22:32:21.762Z - GET /api/teams
2026-08-07T22:32:21.795Z - GET /api/settings
2026-08-07T22:32:23.076Z - GET /api/stats
2026-08-07T22:32:24.200Z - GET /assets/frame.png
2026-08-07T22:32:24.201Z - GET /assets/mat.png
2026-08-07T22:32:24.208Z - GET /assets/mouse.png
2026-08-07T22:32:24.213Z - GET /assets/jearsy.png
2026-08-07T22:32:24.220Z - GET /assets/bag.png
2026-08-07T22:35:01.252Z - GET /
2026-08-07T22:35:01.358Z - GET /@vite/client
2026-08-07T22:35:01.364Z - GET /index.tsx
2026-08-07T22:35:01.374Z - GET /@react-refresh
2026-08-07T22:35:01.531Z - GET /node_modules/vite/dist/client/env.mjs
2026-08-07T22:35:01.537Z - GET /App.tsx
2026-08-07T22:35:01.626Z - GET /pages/Home.tsx
2026-08-07T22:35:01.637Z - GET /pages/About.tsx
2026-08-07T22:35:01.644Z - GET /pages/Schedule.tsx
2026-08-07T22:35:01.647Z - GET /pages/Teams.tsx
2026-08-07T22:35:01.661Z - GET /pages/JobDetail.tsx
2026-08-07T22:35:01.662Z - GET /pages/Careers.tsx
2026-08-07T22:35:01.663Z - GET /src/admin/Teams.tsx
2026-08-07T22:35:01.664Z - GET /src/admin/Dashboard.tsx
2026-08-07T22:35:01.693Z - GET /src/admin/AdminLayout.tsx
2026-08-07T22:35:01.707Z - GET /pages/NewsDetail.tsx
2026-08-07T22:35:01.709Z - GET /src/admin/Schedule.tsx
2026-08-07T22:35:01.710Z - GET /src/admin/LoginPage.tsx
2026-08-07T22:35:01.711Z - GET /src/admin/Gallery.tsx
2026-08-07T22:35:01.731Z - GET /src/admin/Leadership.tsx
2026-08-07T22:35:01.734Z - GET /src/admin/News.tsx
2026-08-07T22:35:01.735Z - GET /components/NewsletterPopup.tsx
2026-08-07T22:35:01.737Z - GET /src/admin/Settings.tsx
2026-08-07T22:35:01.741Z - GET /src/admin/Jobs.tsx
2026-08-07T22:35:01.742Z - GET /src/admin/Creators.tsx
2026-08-07T22:35:01.746Z - GET /pages/Information.tsx
2026-08-07T22:35:01.771Z - GET /src/context/SettingsContext.tsx
2026-08-07T22:35:01.781Z - GET /pages/PlayerProfile.tsx
2026-08-07T22:35:01.788Z - GET /src/admin/Users.tsx
2026-08-07T22:35:01.791Z - GET /constants.tsx
2026-08-07T22:35:01.792Z - GET /src/components/AnnouncementBar.tsx
2026-08-07T22:35:01.793Z - GET /pages/News.tsx
2026-08-07T22:35:01.794Z - GET /src/admin/Partners.tsx
2026-08-07T22:35:01.801Z - GET /src/admin/Subscribers.tsx
2026-08-07T22:35:01.803Z - GET /pages/EventDetail.tsx
2026-08-07T22:35:01.803Z - GET /components/GlobalSearch.tsx
2026-08-07T22:35:01.804Z - GET /pages/Socials.tsx
2026-08-07T22:35:01.805Z - GET /components/SocialFollowerIcon.tsx
2026-08-07T22:35:01.810Z - GET /src/components/ConfirmDeleteModal.tsx
2026-08-07T22:35:01.811Z - GET /src/admin/components/Toast.tsx
2026-08-07T22:35:01.839Z - GET /components/SEOMeta.tsx
2026-08-07T22:35:01.840Z - GET /components/Breadcrumbs.tsx
2026-08-07T22:35:01.840Z - GET /src/admin/components/FormRepeater.tsx
2026-08-07T22:35:01.841Z - GET /src/admin/components/FormSection.tsx
2026-08-07T22:35:01.841Z - GET /src/components/ImageUploader.tsx
2026-08-07T22:35:01.842Z - GET /components/ui/ArenaButton.tsx
2026-08-07T22:35:01.844Z - GET /src/utils/json.ts
2026-08-07T22:35:01.869Z - GET /src/lib/firebase.ts
2026-08-07T22:35:01.945Z - GET /firebase-applet-config.json?import
2026-08-07T22:35:02.330Z - GET /api/auth/me
2026-08-07T22:35:02.338Z - GET /api/settings
2026-08-07T22:35:02.410Z - GET /api/auth/me
2026-08-07T22:35:02.420Z - GET /assets/Gk%20Logo.png
2026-08-07T22:35:02.905Z - GET /api/settings
2026-08-07T22:35:07.246Z - POST /api/auth/check-user
2026-08-07T22:35:14.253Z - POST /api/auth/login
2026-08-07T22:35:22.377Z - POST /api/auth/login
2026-08-07T22:36:15.957Z - POST /api/auth/login
2026-08-07T22:36:23.572Z - GET /
2026-08-07T22:36:29.775Z - GET /
2026-08-07T22:36:30.317Z - GET /@vite/client
2026-08-07T22:36:30.320Z - GET /@react-refresh
2026-08-07T22:36:30.328Z - GET /index.tsx
2026-08-07T22:36:30.501Z - GET /App.tsx
2026-08-07T22:36:30.510Z - GET /node_modules/vite/dist/client/env.mjs
2026-08-07T22:36:31.692Z - GET /pages/Home.tsx
2026-08-07T22:36:31.736Z - GET /pages/Schedule.tsx
2026-08-07T22:36:31.806Z - GET /pages/Teams.tsx
2026-08-07T22:36:31.839Z - GET /components/SocialFollowerIcon.tsx
2026-08-07T22:36:31.851Z - GET /src/admin/News.tsx
2026-08-07T22:36:31.882Z - GET /pages/PlayerProfile.tsx
2026-08-07T22:36:31.913Z - GET /pages/EventDetail.tsx
2026-08-07T22:36:31.924Z - GET /pages/News.tsx
2026-08-07T22:36:31.948Z - GET /src/admin/Leadership.tsx
2026-08-07T22:36:31.956Z - GET /src/admin/Subscribers.tsx
2026-08-07T22:36:31.964Z - GET /src/admin/LoginPage.tsx
2026-08-07T22:36:31.965Z - GET /src/admin/Settings.tsx
2026-08-07T22:36:31.966Z - GET /pages/NewsDetail.tsx
2026-08-07T22:36:31.967Z - GET /pages/Socials.tsx
2026-08-07T22:36:31.968Z - GET /src/admin/Users.tsx
2026-08-07T22:36:31.968Z - GET /src/admin/Jobs.tsx
2026-08-07T22:36:31.969Z - GET /src/admin/Teams.tsx
2026-08-07T22:36:31.970Z - GET /src/admin/Creators.tsx
2026-08-07T22:36:31.971Z - GET /src/admin/AdminLayout.tsx
2026-08-07T22:36:31.971Z - GET /constants.tsx
2026-08-07T22:36:31.972Z - GET /src/admin/Schedule.tsx
2026-08-07T22:36:31.973Z - GET /src/admin/Partners.tsx
2026-08-07T22:36:31.974Z - GET /src/admin/Dashboard.tsx
2026-08-07T22:36:31.974Z - GET /pages/Information.tsx
2026-08-07T22:36:31.975Z - GET /pages/JobDetail.tsx
2026-08-07T22:36:31.976Z - GET /pages/About.tsx
2026-08-07T22:36:31.977Z - GET /components/GlobalSearch.tsx
2026-08-07T22:36:31.977Z - GET /src/admin/Gallery.tsx
2026-08-07T22:36:31.978Z - GET /pages/Careers.tsx
2026-08-07T22:36:31.979Z - GET /src/components/AnnouncementBar.tsx
2026-08-07T22:36:31.980Z - GET /components/NewsletterPopup.tsx
2026-08-07T22:36:31.981Z - GET /src/context/SettingsContext.tsx
2026-08-07T22:36:31.981Z - GET /components/ui/ArenaButton.tsx
2026-08-07T22:36:32.011Z - GET /components/SEOMeta.tsx
2026-08-07T22:36:32.012Z - GET /src/utils/json.ts
2026-08-07T22:36:32.013Z - GET /components/Breadcrumbs.tsx
2026-08-07T22:36:32.014Z - GET /src/admin/components/Toast.tsx
2026-08-07T22:36:32.015Z - GET /src/components/ImageUploader.tsx
2026-08-07T22:36:32.015Z - GET /src/components/ConfirmDeleteModal.tsx
2026-08-07T22:36:32.046Z - GET /src/lib/firebase.ts
2026-08-07T22:36:32.194Z - GET /src/admin/components/FormSection.tsx
2026-08-07T22:36:32.196Z - GET /firebase-applet-config.json?import
2026-08-07T22:36:32.202Z - GET /src/admin/components/FormRepeater.tsx
2026-08-07T22:36:32.302Z - GET /assets/Gk%20Logo.png
2026-08-07T22:36:32.609Z - GET /api/news
2026-08-07T22:36:32.625Z - GET /api/settings
2026-08-07T22:36:32.636Z - GET /api/teams
2026-08-07T22:36:32.645Z - GET /api/stats
2026-08-07T22:36:32.652Z - GET /api/events
2026-08-07T22:36:32.963Z - GET /api/settings
2026-08-07T22:36:32.967Z - GET /api/news
2026-08-07T22:36:32.973Z - GET /api/events
2026-08-07T22:36:33.228Z - GET /api/teams
2026-08-07T22:36:34.421Z - GET /api/stats
2026-08-07T22:36:35.725Z - GET /assets/jearsy.png
2026-08-07T22:36:35.726Z - GET /assets/bag.png
2026-08-07T22:36:35.728Z - GET /assets/mouse.png
2026-08-07T22:36:35.729Z - GET /assets/frame.png
2026-08-07T22:36:35.745Z - GET /assets/mat.png
2026-08-07T22:37:26.033Z - GET /
2026-08-07T22:37:26.184Z - GET /index.tsx
2026-08-07T22:37:26.188Z - GET /@vite/client
2026-08-07T22:37:26.202Z - GET /@react-refresh
2026-08-07T22:37:26.337Z - GET /App.tsx
2026-08-07T22:37:26.341Z - GET /node_modules/vite/dist/client/env.mjs
2026-08-07T22:37:26.427Z - GET /pages/Home.tsx
2026-08-07T22:37:26.436Z - GET /pages/Schedule.tsx
2026-08-07T22:37:26.451Z - GET /pages/Information.tsx
2026-08-07T22:37:26.457Z - GET /src/admin/Schedule.tsx
2026-08-07T22:37:26.460Z - GET /pages/About.tsx
2026-08-07T22:37:26.467Z - GET /pages/Careers.tsx
2026-08-07T22:37:26.474Z - GET /src/admin/Partners.tsx
2026-08-07T22:37:26.478Z - GET /src/admin/Creators.tsx
2026-08-07T22:37:26.485Z - GET /src/admin/Gallery.tsx
2026-08-07T22:37:26.486Z - GET /pages/JobDetail.tsx
2026-08-07T22:37:26.486Z - GET /pages/Teams.tsx
2026-08-07T22:37:26.487Z - GET /src/admin/Users.tsx
2026-08-07T22:37:26.488Z - GET /src/admin/Dashboard.tsx
2026-08-07T22:37:26.489Z - GET /src/admin/Subscribers.tsx
2026-08-07T22:37:26.490Z - GET /pages/EventDetail.tsx
2026-08-07T22:37:26.490Z - GET /constants.tsx
2026-08-07T22:37:26.491Z - GET /src/admin/Jobs.tsx
2026-08-07T22:37:26.492Z - GET /pages/PlayerProfile.tsx
2026-08-07T22:37:26.493Z - GET /pages/NewsDetail.tsx
2026-08-07T22:37:26.495Z - GET /components/SocialFollowerIcon.tsx
2026-08-07T22:37:26.496Z - GET /components/GlobalSearch.tsx
2026-08-07T22:37:26.497Z - GET /src/admin/News.tsx
2026-08-07T22:37:26.498Z - GET /src/admin/LoginPage.tsx
2026-08-07T22:37:26.498Z - GET /pages/Socials.tsx
2026-08-07T22:37:26.499Z - GET /src/admin/AdminLayout.tsx
2026-08-07T22:37:26.500Z - GET /src/admin/Leadership.tsx
2026-08-07T22:37:26.501Z - GET /pages/News.tsx
2026-08-07T22:37:26.501Z - GET /src/admin/Settings.tsx
2026-08-07T22:37:26.502Z - GET /src/admin/Teams.tsx
2026-08-07T22:37:26.503Z - GET /src/context/SettingsContext.tsx
2026-08-07T22:37:26.504Z - GET /src/components/AnnouncementBar.tsx
2026-08-07T22:37:26.505Z - GET /components/NewsletterPopup.tsx
2026-08-07T22:37:26.561Z - GET /src/utils/json.ts
2026-08-07T22:37:26.561Z - GET /components/Breadcrumbs.tsx
2026-08-07T22:37:26.563Z - GET /components/ui/ArenaButton.tsx
2026-08-07T22:37:26.564Z - GET /components/SEOMeta.tsx
2026-08-07T22:37:26.569Z - GET /src/admin/components/FormRepeater.tsx
2026-08-07T22:37:26.570Z - GET /src/components/ImageUploader.tsx
2026-08-07T22:37:26.576Z - GET /src/components/ConfirmDeleteModal.tsx
2026-08-07T22:37:26.576Z - GET /src/admin/components/FormSection.tsx
2026-08-07T22:37:26.590Z - GET /src/lib/firebase.ts
2026-08-07T22:37:26.591Z - GET /src/admin/components/Toast.tsx
2026-08-07T22:37:26.671Z - GET /firebase-applet-config.json?import
2026-08-07T22:37:26.994Z - GET /api/settings
2026-08-07T22:37:27.291Z - GET /api/settings
2026-08-07T22:37:28.915Z - GET /
2026-08-07T22:37:29.022Z - GET /@vite/client
2026-08-07T22:37:29.025Z - GET /index.tsx
2026-08-07T22:37:29.043Z - GET /@react-refresh
2026-08-07T22:37:29.221Z - GET /node_modules/vite/dist/client/env.mjs
2026-08-07T22:37:29.225Z - GET /App.tsx
2026-08-07T22:37:29.319Z - GET /pages/Home.tsx
2026-08-07T22:37:29.330Z - GET /pages/Schedule.tsx
2026-08-07T22:37:29.337Z - GET /pages/Information.tsx
2026-08-07T22:37:29.338Z - GET /pages/About.tsx
2026-08-07T22:37:29.346Z - GET /src/admin/Schedule.tsx
2026-08-07T22:37:29.348Z - GET /pages/Careers.tsx
2026-08-07T22:37:29.349Z - GET /pages/Teams.tsx
2026-08-07T22:37:29.365Z - GET /src/admin/LoginPage.tsx
2026-08-07T22:37:29.370Z - GET /pages/JobDetail.tsx
2026-08-07T22:37:29.370Z - GET /src/admin/AdminLayout.tsx
2026-08-07T22:37:29.371Z - GET /src/admin/Users.tsx
2026-08-07T22:37:29.375Z - GET /src/admin/Gallery.tsx
2026-08-07T22:37:29.375Z - GET /src/admin/Partners.tsx
2026-08-07T22:37:29.389Z - GET /src/admin/Dashboard.tsx
2026-08-07T22:37:29.392Z - GET /src/admin/Settings.tsx
2026-08-07T22:37:29.393Z - GET /src/admin/Teams.tsx
2026-08-07T22:37:29.394Z - GET /pages/PlayerProfile.tsx
2026-08-07T22:37:29.394Z - GET /pages/Socials.tsx
2026-08-07T22:37:29.395Z - GET /src/admin/Leadership.tsx
2026-08-07T22:37:29.395Z - GET /pages/EventDetail.tsx
2026-08-07T22:37:29.396Z - GET /pages/News.tsx
2026-08-07T22:37:29.416Z - GET /pages/NewsDetail.tsx
2026-08-07T22:37:29.416Z - GET /src/admin/Creators.tsx
2026-08-07T22:37:29.423Z - GET /components/SocialFollowerIcon.tsx
2026-08-07T22:37:29.430Z - GET /components/GlobalSearch.tsx
2026-08-07T22:37:29.430Z - GET /src/components/AnnouncementBar.tsx
2026-08-07T22:37:29.431Z - GET /src/admin/Jobs.tsx
2026-08-07T22:37:29.432Z - GET /src/admin/News.tsx
2026-08-07T22:37:29.433Z - GET /constants.tsx
2026-08-07T22:37:29.453Z - GET /components/NewsletterPopup.tsx
2026-08-07T22:37:29.454Z - GET /components/SEOMeta.tsx
2026-08-07T22:37:29.457Z - GET /src/context/SettingsContext.tsx
2026-08-07T22:37:29.458Z - GET /src/admin/Subscribers.tsx
2026-08-07T22:37:29.477Z - GET /components/ui/ArenaButton.tsx
2026-08-07T22:37:29.488Z - GET /src/utils/json.ts
2026-08-07T22:37:29.490Z - GET /components/Breadcrumbs.tsx
2026-08-07T22:37:29.490Z - GET /src/components/ImageUploader.tsx
2026-08-07T22:37:29.493Z - GET /src/components/ConfirmDeleteModal.tsx
2026-08-07T22:37:29.494Z - GET /src/admin/components/Toast.tsx
2026-08-07T22:37:29.495Z - GET /src/admin/components/FormSection.tsx
2026-08-07T22:37:29.495Z - GET /src/admin/components/FormRepeater.tsx
2026-08-07T22:37:29.539Z - GET /src/lib/firebase.ts
2026-08-07T22:37:29.624Z - GET /firebase-applet-config.json?import
2026-08-07T22:37:29.731Z - GET /api/auth/me
2026-08-07T22:37:29.732Z - GET /api/settings
2026-08-07T22:37:29.817Z - GET /api/auth/me
2026-08-07T22:37:29.824Z - GET /assets/Gk%20Logo.png
2026-08-07T22:37:29.962Z - GET /api/settings
2026-08-07T22:37:38.837Z - POST /api/auth/check-user
2026-08-07T22:37:44.047Z - POST /api/auth/login
2026-08-07T22:40:04.257Z - POST /api/auth/check-user
2026-08-07T22:40:04.275Z - POST /api/auth/login
2026-08-07T22:41:13.941Z - POST /api/auth/check-user
2026-08-07T22:41:13.956Z - POST /api/auth/check-user
2026-08-07T22:41:13.970Z - POST /api/auth/login
2026-08-07T22:41:26.865Z - GET /
2026-08-07T22:41:34.860Z - GET /
2026-08-07T22:41:35.472Z - GET /@vite/client
2026-08-07T22:41:35.475Z - GET /@react-refresh
2026-08-07T22:41:35.682Z - GET /index.tsx
2026-08-07T22:41:35.691Z - GET /node_modules/vite/dist/client/env.mjs
2026-08-07T22:41:36.868Z - GET /App.tsx
2026-08-07T22:41:37.053Z - GET /pages/Home.tsx
2026-08-07T22:41:37.084Z - GET /pages/Schedule.tsx
2026-08-07T22:41:37.257Z - GET /pages/Teams.tsx
2026-08-07T22:41:37.266Z - GET /pages/About.tsx
2026-08-07T22:41:37.343Z - GET /pages/Careers.tsx
2026-08-07T22:41:37.353Z - GET /pages/JobDetail.tsx
2026-08-07T22:41:37.433Z - GET /pages/Information.tsx
2026-08-07T22:41:37.441Z - GET /src/admin/AdminLayout.tsx
2026-08-07T22:41:37.517Z - GET /src/admin/Dashboard.tsx
2026-08-07T22:41:37.529Z - GET /src/admin/LoginPage.tsx
2026-08-07T22:41:37.610Z - GET /src/admin/Teams.tsx
2026-08-07T22:41:37.631Z - GET /src/admin/Creators.tsx
2026-08-07T22:41:37.700Z - GET /src/admin/Schedule.tsx
2026-08-07T22:41:37.716Z - GET /src/admin/Gallery.tsx
2026-08-07T22:41:37.785Z - GET /src/admin/Jobs.tsx
2026-08-07T22:41:37.799Z - GET /src/admin/Partners.tsx
2026-08-07T22:41:37.876Z - GET /src/admin/Leadership.tsx
2026-08-07T22:41:37.886Z - GET /src/admin/Settings.tsx
2026-08-07T22:41:37.955Z - GET /src/admin/Users.tsx
2026-08-07T22:41:37.967Z - GET /src/admin/Subscribers.tsx
2026-08-07T22:41:38.044Z - GET /src/admin/News.tsx
2026-08-07T22:41:38.053Z - GET /pages/Socials.tsx
2026-08-07T22:41:38.204Z - GET /pages/NewsDetail.tsx
2026-08-07T22:41:38.208Z - GET /pages/News.tsx
2026-08-07T22:41:38.293Z - GET /pages/PlayerProfile.tsx
2026-08-07T22:41:38.302Z - GET /pages/EventDetail.tsx
2026-08-07T22:41:38.379Z - GET /components/SocialFollowerIcon.tsx
2026-08-07T22:41:38.389Z - GET /components/NewsletterPopup.tsx
2026-08-07T22:41:38.462Z - GET /components/GlobalSearch.tsx
2026-08-07T22:41:38.474Z - GET /src/components/AnnouncementBar.tsx
2026-08-07T22:41:38.547Z - GET /src/context/SettingsContext.tsx
2026-08-07T22:41:38.557Z - GET /constants.tsx
2026-08-07T22:41:38.627Z - GET /components/ui/ArenaButton.tsx
2026-08-07T22:41:38.645Z - GET /components/SEOMeta.tsx
2026-08-07T22:41:38.711Z - GET /components/Breadcrumbs.tsx
2026-08-07T22:41:38.728Z - GET /src/utils/json.ts
2026-08-07T22:41:38.799Z - GET /src/components/ImageUploader.tsx
2026-08-07T22:41:38.810Z - GET /src/components/ConfirmDeleteModal.tsx
2026-08-07T22:41:38.882Z - GET /src/admin/components/FormSection.tsx
2026-08-07T22:41:38.892Z - GET /src/admin/components/FormRepeater.tsx
2026-08-07T22:41:38.964Z - GET /src/admin/components/Toast.tsx
2026-08-07T22:41:38.992Z - GET /src/lib/firebase.ts
2026-08-07T22:41:39.077Z - GET /firebase-applet-config.json?import
2026-08-07T22:41:39.220Z - GET /assets/Gk%20Logo.png
2026-08-07T22:41:39.550Z - GET /api/settings
2026-08-07T22:41:39.574Z - GET /api/teams
2026-08-07T22:41:39.581Z - GET /api/events
2026-08-07T22:41:39.583Z - GET /api/news
2026-08-07T22:41:39.585Z - GET /api/stats
2026-08-07T22:41:40.183Z - GET /api/news
2026-08-07T22:41:40.188Z - GET /api/events
2026-08-07T22:41:40.200Z - GET /api/settings
2026-08-07T22:41:40.204Z - GET /api/teams
2026-08-07T22:41:41.461Z - GET /api/stats
2026-08-07T22:41:42.828Z - GET /assets/jearsy.png
2026-08-07T22:41:42.888Z - GET /assets/frame.png
2026-08-07T22:41:42.911Z - GET /assets/mat.png
2026-08-07T22:41:42.972Z - GET /assets/mouse.png
2026-08-07T22:41:42.990Z - GET /assets/bag.png
2026-08-07T22:42:49.322Z - GET /
2026-08-07T22:42:49.424Z - GET /index.tsx
2026-08-07T22:42:49.428Z - GET /@vite/client
2026-08-07T22:42:49.451Z - GET /@react-refresh
2026-08-07T22:42:49.610Z - GET /App.tsx
2026-08-07T22:42:49.615Z - GET /node_modules/vite/dist/client/env.mjs
2026-08-07T22:42:49.694Z - GET /pages/Home.tsx
2026-08-07T22:42:49.699Z - GET /pages/Schedule.tsx
2026-08-07T22:42:49.711Z - GET /src/admin/News.tsx
2026-08-07T22:42:49.714Z - GET /src/admin/Subscribers.tsx
2026-08-07T22:42:49.718Z - GET /pages/Careers.tsx
2026-08-07T22:42:49.719Z - GET /pages/NewsDetail.tsx
2026-08-07T22:42:49.734Z - GET /pages/JobDetail.tsx
2026-08-07T22:42:49.749Z - GET /pages/Teams.tsx
2026-08-07T22:42:49.751Z - GET /src/admin/Leadership.tsx
2026-08-07T22:42:49.752Z - GET /pages/News.tsx
2026-08-07T22:42:49.757Z - GET /src/admin/Creators.tsx
2026-08-07T22:42:49.758Z - GET /src/admin/Schedule.tsx
2026-08-07T22:42:49.759Z - GET /src/admin/Settings.tsx
2026-08-07T22:42:49.760Z - GET /pages/About.tsx
2026-08-07T22:42:49.760Z - GET /pages/Socials.tsx
2026-08-07T22:42:49.761Z - GET /src/admin/Teams.tsx
2026-08-07T22:42:49.762Z - GET /src/admin/Jobs.tsx
2026-08-07T22:42:49.762Z - GET /src/admin/AdminLayout.tsx
2026-08-07T22:42:49.764Z - GET /src/admin/Dashboard.tsx
2026-08-07T22:42:49.792Z - GET /pages/Information.tsx
2026-08-07T22:42:49.793Z - GET /pages/EventDetail.tsx
2026-08-07T22:42:49.793Z - GET /src/admin/LoginPage.tsx
2026-08-07T22:42:49.794Z - GET /src/admin/Users.tsx
2026-08-07T22:42:49.798Z - GET /components/SocialFollowerIcon.tsx
2026-08-07T22:42:49.799Z - GET /src/components/AnnouncementBar.tsx
2026-08-07T22:42:49.800Z - GET /components/NewsletterPopup.tsx
2026-08-07T22:42:49.801Z - GET /src/admin/Gallery.tsx
2026-08-07T22:42:49.802Z - GET /src/admin/Partners.tsx
2026-08-07T22:42:49.803Z - GET /components/GlobalSearch.tsx
2026-08-07T22:42:49.803Z - GET /constants.tsx
2026-08-07T22:42:49.804Z - GET /src/context/SettingsContext.tsx
2026-08-07T22:42:49.805Z - GET /pages/PlayerProfile.tsx
2026-08-07T22:42:49.832Z - GET /components/ui/ArenaButton.tsx
2026-08-07T22:42:49.860Z - GET /components/SEOMeta.tsx
2026-08-07T22:42:49.862Z - GET /components/Breadcrumbs.tsx
2026-08-07T22:42:49.863Z - GET /src/utils/json.ts
2026-08-07T22:42:49.863Z - GET /src/components/ConfirmDeleteModal.tsx
2026-08-07T22:42:49.875Z - GET /src/components/ImageUploader.tsx
2026-08-07T22:42:49.878Z - GET /src/admin/components/Toast.tsx
2026-08-07T22:42:49.885Z - GET /src/lib/firebase.ts
2026-08-07T22:42:49.892Z - GET /src/admin/components/FormSection.tsx
2026-08-07T22:42:49.905Z - GET /src/admin/components/FormRepeater.tsx
2026-08-07T22:42:49.967Z - GET /firebase-applet-config.json?import
2026-08-07T22:42:50.171Z - GET /api/auth/me
2026-08-07T22:42:50.173Z - GET /api/settings
2026-08-07T22:42:50.254Z - GET /api/auth/me
2026-08-07T22:42:50.264Z - GET /assets/Gk%20Logo.png
2026-08-07T22:42:50.436Z - GET /api/settings
2026-08-07T22:43:05.851Z - POST /api/auth/check-user
2026-08-07T22:43:10.532Z - POST /api/auth/login
2026-08-07T22:43:10.848Z - GET /api/auth/me
2026-08-07T22:43:10.931Z - GET /api/auth/me
2026-08-07T22:45:55.145Z - POST /api/auth/login
2026-08-07T22:45:55.382Z - GET /api/auth/me
2026-08-07T22:46:04.116Z - GET /
2026-08-07T22:46:09.457Z - GET /
2026-08-07T22:46:09.963Z - GET /@vite/client
2026-08-07T22:46:09.967Z - GET /@react-refresh
2026-08-07T22:46:10.171Z - GET /index.tsx
2026-08-07T22:46:10.183Z - GET /node_modules/vite/dist/client/env.mjs
2026-08-07T22:46:11.319Z - GET /App.tsx
2026-08-07T22:46:11.497Z - GET /pages/Home.tsx
2026-08-07T22:46:11.528Z - GET /pages/Schedule.tsx
2026-08-07T22:46:11.582Z - GET /pages/Teams.tsx
2026-08-07T22:46:11.614Z - GET /pages/About.tsx
2026-08-07T22:46:11.674Z - GET /pages/Careers.tsx
2026-08-07T22:46:11.702Z - GET /pages/JobDetail.tsx
2026-08-07T22:46:11.761Z - GET /pages/Information.tsx
2026-08-07T22:46:11.783Z - GET /src/admin/AdminLayout.tsx
2026-08-07T22:46:11.850Z - GET /src/admin/Dashboard.tsx
2026-08-07T22:46:11.868Z - GET /src/admin/LoginPage.tsx
2026-08-07T22:46:11.934Z - GET /src/admin/Teams.tsx
2026-08-07T22:46:11.965Z - GET /src/admin/Creators.tsx
2026-08-07T22:46:12.017Z - GET /src/admin/Schedule.tsx
2026-08-07T22:46:12.054Z - GET /src/admin/Gallery.tsx
2026-08-07T22:46:12.197Z - GET /src/admin/Jobs.tsx
2026-08-07T22:46:12.207Z - GET /src/admin/Partners.tsx
2026-08-07T22:46:12.279Z - GET /src/admin/Leadership.tsx
2026-08-07T22:46:12.289Z - GET /src/admin/Settings.tsx
2026-08-07T22:46:12.360Z - GET /src/admin/Users.tsx
2026-08-07T22:46:12.369Z - GET /src/admin/Subscribers.tsx
2026-08-07T22:46:12.444Z - GET /src/admin/News.tsx
2026-08-07T22:46:12.454Z - GET /pages/Socials.tsx
2026-08-07T22:46:12.527Z - GET /pages/News.tsx
2026-08-07T22:46:12.536Z - GET /pages/NewsDetail.tsx
2026-08-07T22:46:12.611Z - GET /pages/PlayerProfile.tsx
2026-08-07T22:46:12.621Z - GET /pages/EventDetail.tsx
2026-08-07T22:46:12.703Z - GET /components/SocialFollowerIcon.tsx
2026-08-07T22:46:12.714Z - GET /components/NewsletterPopup.tsx
2026-08-07T22:46:12.788Z - GET /components/GlobalSearch.tsx
2026-08-07T22:46:12.800Z - GET /src/components/AnnouncementBar.tsx
2026-08-07T22:46:12.873Z - GET /src/context/SettingsContext.tsx
2026-08-07T22:46:12.882Z - GET /constants.tsx
2026-08-07T22:46:12.954Z - GET /components/ui/ArenaButton.tsx
2026-08-07T22:46:12.964Z - GET /components/SEOMeta.tsx
2026-08-07T22:46:13.043Z - GET /components/Breadcrumbs.tsx
2026-08-07T22:46:13.056Z - GET /src/utils/json.ts
2026-08-07T22:46:13.125Z - GET /src/components/ImageUploader.tsx
2026-08-07T22:46:13.227Z - GET /src/admin/components/FormSection.tsx
2026-08-07T22:46:13.228Z - GET /src/components/ConfirmDeleteModal.tsx
2026-08-07T22:46:13.315Z - GET /src/admin/components/FormRepeater.tsx
2026-08-07T22:46:13.316Z - GET /src/admin/components/Toast.tsx
2026-08-07T22:46:13.406Z - GET /src/lib/firebase.ts
2026-08-07T22:46:13.492Z - GET /firebase-applet-config.json?import
2026-08-07T22:46:13.640Z - GET /assets/Gk%20Logo.png
2026-08-07T22:46:13.747Z - GET /api/news
2026-08-07T22:46:13.763Z - GET /api/settings
2026-08-07T22:46:13.770Z - GET /api/stats
2026-08-07T22:46:13.779Z - GET /api/teams
2026-08-07T22:46:13.786Z - GET /api/events
2026-08-07T22:46:14.212Z - GET /api/teams
2026-08-07T22:46:14.221Z - GET /api/events
2026-08-07T22:46:14.393Z - GET /api/news
2026-08-07T22:46:14.399Z - GET /api/settings
2026-08-07T22:46:15.242Z - GET /api/stats
2026-08-07T22:46:16.298Z - GET /assets/jearsy.png
2026-08-07T22:46:16.364Z - GET /assets/frame.png
2026-08-07T22:46:16.379Z - GET /assets/mat.png
2026-08-07T22:46:16.447Z - GET /assets/mouse.png
2026-08-07T22:46:16.459Z - GET /assets/bag.png
2026-08-07T22:46:40.612Z - GET /
2026-08-07T22:46:40.722Z - GET /@vite/client
2026-08-07T22:46:40.732Z - GET /index.tsx
2026-08-07T22:46:40.750Z - GET /@react-refresh
2026-08-07T22:46:40.906Z - GET /node_modules/vite/dist/client/env.mjs
2026-08-07T22:46:40.918Z - GET /App.tsx
2026-08-07T22:46:41.003Z - GET /pages/Home.tsx
2026-08-07T22:46:41.012Z - GET /pages/Teams.tsx
2026-08-07T22:46:41.021Z - GET /pages/Schedule.tsx
2026-08-07T22:46:41.025Z - GET /pages/EventDetail.tsx
2026-08-07T22:46:41.032Z - GET /pages/About.tsx
2026-08-07T22:46:41.033Z - GET /src/admin/Subscribers.tsx
2026-08-07T22:46:41.065Z - GET /src/admin/Schedule.tsx
2026-08-07T22:46:41.066Z - GET /src/admin/Partners.tsx
2026-08-07T22:46:41.067Z - GET /src/admin/AdminLayout.tsx
2026-08-07T22:46:41.068Z - GET /pages/JobDetail.tsx
2026-08-07T22:46:41.078Z - GET /src/admin/Gallery.tsx
2026-08-07T22:46:41.079Z - GET /src/admin/Settings.tsx
2026-08-07T22:46:41.088Z - GET /src/admin/Jobs.tsx
2026-08-07T22:46:41.089Z - GET /components/SocialFollowerIcon.tsx
2026-08-07T22:46:41.091Z - GET /src/admin/Teams.tsx
2026-08-07T22:46:41.092Z - GET /pages/News.tsx
2026-08-07T22:46:41.096Z - GET /src/admin/Users.tsx
2026-08-07T22:46:41.097Z - GET /src/admin/Leadership.tsx
2026-08-07T22:46:41.098Z - GET /src/admin/News.tsx
2026-08-07T22:46:41.099Z - GET /pages/NewsDetail.tsx
2026-08-07T22:46:41.099Z - GET /pages/Information.tsx
2026-08-07T22:46:41.100Z - GET /src/context/SettingsContext.tsx
2026-08-07T22:46:41.101Z - GET /src/admin/Creators.tsx
2026-08-07T22:46:41.102Z - GET /pages/Careers.tsx
2026-08-07T22:46:41.102Z - GET /pages/Socials.tsx
2026-08-07T22:46:41.103Z - GET /components/GlobalSearch.tsx
2026-08-07T22:46:41.104Z - GET /src/admin/Dashboard.tsx
2026-08-07T22:46:41.105Z - GET /pages/PlayerProfile.tsx
2026-08-07T22:46:41.105Z - GET /constants.tsx
2026-08-07T22:46:41.106Z - GET /src/components/AnnouncementBar.tsx
2026-08-07T22:46:41.107Z - GET /src/admin/LoginPage.tsx
2026-08-07T22:46:41.108Z - GET /components/NewsletterPopup.tsx
2026-08-07T22:46:41.162Z - GET /components/SEOMeta.tsx
2026-08-07T22:46:41.163Z - GET /components/ui/ArenaButton.tsx
2026-08-07T22:46:41.163Z - GET /src/lib/firebase.ts
2026-08-07T22:46:41.165Z - GET /src/components/ConfirmDeleteModal.tsx
2026-08-07T22:46:41.165Z - GET /components/Breadcrumbs.tsx
2026-08-07T22:46:41.166Z - GET /src/utils/json.ts
2026-08-07T22:46:41.234Z - GET /src/admin/components/FormSection.tsx
2026-08-07T22:46:41.235Z - GET /src/components/ImageUploader.tsx
2026-08-07T22:46:41.236Z - GET /src/admin/components/Toast.tsx
2026-08-07T22:46:41.237Z - GET /src/admin/components/FormRepeater.tsx
2026-08-07T22:46:41.255Z - GET /firebase-applet-config.json?import
2026-08-07T22:46:41.381Z - GET /api/settings
2026-08-07T22:46:41.384Z - GET /api/auth/me
2026-08-07T22:46:41.480Z - GET /api/auth/me
2026-08-07T22:46:41.490Z - GET /api/stats
2026-08-07T22:46:41.495Z - GET /api/health
2026-08-07T22:46:41.499Z - GET /assets/Gk%20Logo.png
2026-08-07T22:46:41.571Z - GET /api/health
2026-08-07T22:46:41.642Z - GET /api/settings
2026-08-07T22:46:42.782Z - GET /api/stats
2026-08-07T22:46:42.789Z - GET /api/activity
2026-08-07T22:46:44.334Z - GET /api/activity
2026-08-07T22:46:45.829Z - POST /api/auth/logout
2026-08-07T22:46:58.454Z - GET /
2026-08-07T22:46:58.556Z - GET /index.tsx
2026-08-07T22:46:58.573Z - GET /@react-refresh
2026-08-07T22:46:58.578Z - GET /@vite/client
2026-08-07T22:46:58.729Z - GET /App.tsx
2026-08-07T22:46:58.730Z - GET /node_modules/vite/dist/client/env.mjs
2026-08-07T22:46:58.828Z - GET /pages/Socials.tsx
2026-08-07T22:46:58.833Z - GET /pages/NewsDetail.tsx
2026-08-07T22:46:58.837Z - GET /src/admin/News.tsx
2026-08-07T22:46:58.849Z - GET /src/admin/Schedule.tsx
2026-08-07T22:46:58.850Z - GET /pages/EventDetail.tsx
2026-08-07T22:46:58.850Z - GET /src/admin/Partners.tsx
2026-08-07T22:46:58.851Z - GET /components/NewsletterPopup.tsx
2026-08-07T22:46:58.851Z - GET /src/admin/Leadership.tsx
2026-08-07T22:46:58.852Z - GET /components/SocialFollowerIcon.tsx
2026-08-07T22:46:58.853Z - GET /pages/Careers.tsx
2026-08-07T22:46:58.853Z - GET /src/admin/Teams.tsx
2026-08-07T22:46:58.854Z - GET /pages/PlayerProfile.tsx
2026-08-07T22:46:58.854Z - GET /pages/JobDetail.tsx
2026-08-07T22:46:58.855Z - GET /src/admin/Users.tsx
2026-08-07T22:46:58.855Z - GET /pages/About.tsx
2026-08-07T22:46:58.856Z - GET /src/admin/Creators.tsx
2026-08-07T22:46:58.856Z - GET /pages/News.tsx
2026-08-07T22:46:58.857Z - GET /src/admin/LoginPage.tsx
2026-08-07T22:46:58.858Z - GET /components/GlobalSearch.tsx
2026-08-07T22:46:58.859Z - GET /pages/Information.tsx
2026-08-07T22:46:58.859Z - GET /src/admin/AdminLayout.tsx
2026-08-07T22:46:58.860Z - GET /src/admin/Settings.tsx
2026-08-07T22:46:58.861Z - GET /pages/Teams.tsx
2026-08-07T22:46:58.861Z - GET /pages/Schedule.tsx
2026-08-07T22:46:58.862Z - GET /src/admin/Jobs.tsx
2026-08-07T22:46:58.862Z - GET /src/components/AnnouncementBar.tsx
2026-08-07T22:46:58.863Z - GET /constants.tsx
2026-08-07T22:46:58.864Z - GET /src/context/SettingsContext.tsx
2026-08-07T22:46:58.864Z - GET /src/admin/Gallery.tsx
2026-08-07T22:46:58.865Z - GET /src/admin/Dashboard.tsx
2026-08-07T22:46:58.865Z - GET /pages/Home.tsx
2026-08-07T22:46:58.909Z - GET /src/admin/Subscribers.tsx
2026-08-07T22:46:58.925Z - GET /components/Breadcrumbs.tsx
2026-08-07T22:46:58.926Z - GET /components/ui/ArenaButton.tsx
2026-08-07T22:46:58.927Z - GET /components/SEOMeta.tsx
2026-08-07T22:46:58.927Z - GET /src/components/ConfirmDeleteModal.tsx
2026-08-07T22:46:58.928Z - GET /src/admin/components/Toast.tsx
2026-08-07T22:46:58.928Z - GET /src/components/ImageUploader.tsx
2026-08-07T22:46:58.929Z - GET /src/utils/json.ts
2026-08-07T22:46:58.987Z - GET /src/lib/firebase.ts
2026-08-07T22:46:58.989Z - GET /src/admin/components/FormRepeater.tsx
2026-08-07T22:46:58.989Z - GET /src/admin/components/FormSection.tsx
2026-08-07T22:46:59.071Z - GET /firebase-applet-config.json?import
2026-08-07T22:46:59.225Z - GET /assets/Gk%20Logo.png
2026-08-07T22:46:59.472Z - GET /api/events
2026-08-07T22:46:59.474Z - GET /api/teams
2026-08-07T22:46:59.476Z - GET /api/stats
2026-08-07T22:46:59.477Z - GET /api/settings
2026-08-07T22:46:59.478Z - GET /api/news
2026-08-07T22:46:59.736Z - GET /api/events
2026-08-07T22:46:59.747Z - GET /api/news
2026-08-07T22:46:59.754Z - GET /api/settings
2026-08-07T22:46:59.765Z - GET /api/teams
2026-08-07T22:47:00.788Z - GET /api/stats
2026-08-07T22:47:01.843Z - GET /assets/mat.png
2026-08-07T22:47:01.849Z - GET /assets/jearsy.png
2026-08-07T22:47:01.850Z - GET /assets/mouse.png
2026-08-07T22:47:01.850Z - GET /assets/frame.png
2026-08-07T22:47:01.851Z - GET /assets/bag.png
2026-08-07T22:47:06.196Z - GET /
2026-08-07T22:47:06.298Z - GET /index.tsx
2026-08-07T22:47:06.302Z - GET /@vite/client
2026-08-07T22:47:06.329Z - GET /@react-refresh
2026-08-07T22:47:06.442Z - GET /App.tsx
2026-08-07T22:47:06.447Z - GET /node_modules/vite/dist/client/env.mjs
2026-08-07T22:47:06.519Z - GET /pages/Home.tsx
2026-08-07T22:47:06.520Z - GET /pages/Schedule.tsx
2026-08-07T22:47:06.536Z - GET /pages/News.tsx
2026-08-07T22:47:06.537Z - GET /components/NewsletterPopup.tsx
2026-08-07T22:47:06.538Z - GET /pages/EventDetail.tsx
2026-08-07T22:47:06.558Z - GET /src/context/SettingsContext.tsx
2026-08-07T22:47:06.560Z - GET /src/admin/Leadership.tsx
2026-08-07T22:47:06.560Z - GET /components/SocialFollowerIcon.tsx
2026-08-07T22:47:06.561Z - GET /src/admin/Jobs.tsx
2026-08-07T22:47:06.562Z - GET /src/admin/AdminLayout.tsx
2026-08-07T22:47:06.562Z - GET /src/admin/LoginPage.tsx
2026-08-07T22:47:06.563Z - GET /constants.tsx
2026-08-07T22:47:06.563Z - GET /src/admin/Teams.tsx
2026-08-07T22:47:06.564Z - GET /src/admin/Schedule.tsx
2026-08-07T22:47:06.565Z - GET /src/admin/Settings.tsx
2026-08-07T22:47:06.566Z - GET /src/admin/Users.tsx
2026-08-07T22:47:06.566Z - GET /src/admin/Gallery.tsx
2026-08-07T22:47:06.567Z - GET /pages/NewsDetail.tsx
2026-08-07T22:47:06.567Z - GET /src/admin/News.tsx
2026-08-07T22:47:06.568Z - GET /pages/PlayerProfile.tsx
2026-08-07T22:47:06.569Z - GET /src/admin/Partners.tsx
2026-08-07T22:47:06.596Z - GET /pages/About.tsx
2026-08-07T22:47:06.598Z - GET /src/admin/Dashboard.tsx
2026-08-07T22:47:06.598Z - GET /pages/Careers.tsx
2026-08-07T22:47:06.599Z - GET /src/admin/Creators.tsx
2026-08-07T22:47:06.599Z - GET /src/admin/Subscribers.tsx
2026-08-07T22:47:06.600Z - GET /components/GlobalSearch.tsx
2026-08-07T22:47:06.601Z - GET /pages/Socials.tsx
2026-08-07T22:47:06.601Z - GET /pages/JobDetail.tsx
2026-08-07T22:47:06.602Z - GET /pages/Information.tsx
2026-08-07T22:47:06.602Z - GET /src/components/AnnouncementBar.tsx
2026-08-07T22:47:06.603Z - GET /pages/Teams.tsx
2026-08-07T22:47:06.663Z - GET /src/lib/firebase.ts
2026-08-07T22:47:06.664Z - GET /components/ui/ArenaButton.tsx
2026-08-07T22:47:06.665Z - GET /components/SEOMeta.tsx
2026-08-07T22:47:06.666Z - GET /components/Breadcrumbs.tsx
2026-08-07T22:47:06.666Z - GET /src/utils/json.ts
2026-08-07T22:47:06.696Z - GET /src/components/ConfirmDeleteModal.tsx
2026-08-07T22:47:06.704Z - GET /src/components/ImageUploader.tsx
2026-08-07T22:47:06.704Z - GET /src/admin/components/FormRepeater.tsx
2026-08-07T22:47:06.705Z - GET /src/admin/components/FormSection.tsx
2026-08-07T22:47:06.706Z - GET /src/admin/components/Toast.tsx
2026-08-07T22:47:06.744Z - GET /firebase-applet-config.json?import
2026-08-07T22:47:06.937Z - GET /api/auth/me
2026-08-07T22:47:06.939Z - GET /api/settings
2026-08-07T22:47:07.012Z - GET /api/auth/me
2026-08-07T22:47:07.024Z - GET /assets/Gk%20Logo.png
2026-08-07T22:47:07.235Z - GET /api/settings
2026-08-07T22:47:56.393Z - POST /api/auth/check-user
2026-08-07T22:48:01.902Z - POST /api/auth/login
2026-08-07T22:48:02.237Z - GET /api/auth/me
2026-08-07T22:48:02.324Z - GET /api/auth/me
2026-08-07T22:48:02.339Z - GET /api/health
2026-08-07T22:48:02.347Z - GET /api/stats
2026-08-07T22:48:02.425Z - GET /api/health
2026-08-07T22:48:03.477Z - GET /api/stats
2026-08-07T22:48:03.482Z - GET /api/activity
2026-08-07T22:48:04.504Z - GET /api/activity
2026-08-07T22:48:11.988Z - GET /api/users
2026-08-07T22:48:11.996Z - GET /api/auth/me
2026-08-07T22:48:12.076Z - GET /api/users
2026-08-07T22:48:28.809Z - GET /api/auth/me
2026-08-07T22:48:30.178Z - GET /api/auth/me
2026-08-07T22:48:31.248Z - GET /api/auth/me
2026-08-07T22:48:33.983Z - GET /api/jobs
2026-08-07T22:48:33.989Z - GET /api/auth/me
2026-08-07T22:48:34.249Z - GET /api/jobs
2026-08-07T22:48:36.719Z - GET /api/auth/me
2026-08-07T22:48:36.721Z - GET /api/users
2026-08-07T22:48:36.799Z - GET /api/users
2026-08-07T22:48:44.796Z - POST /api/auth/logout
2026-08-07T22:48:49.249Z - POST /api/auth/check-user
2026-08-07T22:48:57.755Z - POST /api/auth/login
2026-08-07T22:48:58.072Z - GET /api/auth/me
2026-08-07T22:48:58.202Z - GET /api/auth/me
2026-08-07T22:48:58.210Z - GET /api/stats
2026-08-07T22:48:58.219Z - GET /api/health
2026-08-07T22:48:58.297Z - GET /api/health
2026-08-07T22:48:59.356Z - GET /api/stats
2026-08-07T22:48:59.363Z - GET /api/activity
2026-08-07T22:48:59.773Z - GET /api/users
2026-08-07T22:48:59.777Z - GET /api/auth/me
2026-08-07T22:49:00.049Z - GET /api/users
2026-08-07T22:49:00.369Z - GET /api/activity
2026-08-07T22:49:19.255Z - POST /api/auth/logout
2026-08-07T22:49:21.627Z - POST /api/auth/check-user
2026-08-07T22:49:30.499Z - POST /api/auth/login
2026-08-07T22:49:30.797Z - GET /api/auth/me
2026-08-07T22:49:30.883Z - GET /api/auth/me
2026-08-07T22:49:30.891Z - GET /api/health
2026-08-07T22:49:30.896Z - GET /api/stats
2026-08-07T22:49:30.976Z - GET /api/health
2026-08-07T22:49:32.008Z - GET /api/activity
2026-08-07T22:49:32.015Z - GET /api/stats
2026-08-07T22:49:33.061Z - GET /api/activity
2026-08-07T22:49:37.311Z - GET /api/users
2026-08-07T22:49:37.319Z - GET /api/auth/me
2026-08-07T22:49:37.558Z - GET /api/users
2026-08-07T22:49:45.857Z - PUT /api/users/1
2026-08-07T22:49:45.952Z - GET /api/users
2026-08-07T22:49:48.907Z - POST /api/auth/logout
2026-08-07T22:49:54.763Z - POST /api/auth/check-user
2026-08-07T22:49:57.725Z - POST /api/auth/login
2026-08-07T22:49:57.921Z - GET /api/auth/me
2026-08-07T22:49:58.005Z - GET /api/auth/me
2026-08-07T22:49:58.015Z - GET /api/health
2026-08-07T22:49:58.017Z - GET /api/stats
2026-08-07T22:49:58.178Z - GET /api/health
2026-08-07T22:49:59.070Z - GET /api/stats
2026-08-07T22:49:59.077Z - GET /api/activity
2026-08-07T22:50:00.032Z - GET /api/auth/me
2026-08-07T22:50:00.186Z - GET /api/activity
2026-08-07T22:50:01.778Z - GET /api/news
2026-08-07T22:50:01.780Z - GET /api/news_categories
2026-08-07T22:50:01.791Z - GET /api/auth/me
2026-08-07T22:50:01.792Z - GET /api/news_authors
2026-08-07T22:50:01.795Z - GET /api/news_tags
2026-08-07T22:50:02.021Z - GET /api/news
2026-08-07T22:50:02.055Z - GET /api/news_tags
2026-08-07T22:50:02.064Z - GET /api/news_authors
2026-08-07T22:50:02.065Z - GET /api/news_categories
2026-08-07T22:50:04.299Z - GET /api/auth/me
2026-08-07T22:50:04.309Z - GET /api/users
2026-08-07T22:50:04.393Z - GET /api/users
2026-08-07T22:50:13.023Z - POST /api/users
2026-08-07T22:50:15.344Z - POST /api/users
2026-08-07T22:50:15.521Z - POST /api/users
2026-08-07T22:50:15.664Z - POST /api/users
2026-08-07T22:50:15.838Z - POST /api/users
2026-08-07T22:50:16.005Z - POST /api/users
2026-08-07T22:50:19.039Z - POST /api/auth/logout
2026-08-07T22:50:26.472Z - POST /api/auth/check-user
2026-08-07T22:50:31.515Z - POST /api/auth/login
2026-08-07T22:50:31.717Z - GET /api/auth/me
2026-08-07T22:50:31.801Z - GET /api/auth/me
2026-08-07T22:50:31.812Z - GET /api/health
2026-08-07T22:50:31.818Z - GET /api/stats
2026-08-07T22:50:31.896Z - GET /api/health
2026-08-07T22:50:33.227Z - GET /api/stats
2026-08-07T22:50:33.234Z - GET /api/activity
2026-08-07T22:50:33.377Z - GET /api/auth/me
2026-08-07T22:50:33.381Z - GET /api/users
2026-08-07T22:50:33.625Z - GET /api/users
2026-08-07T22:50:34.234Z - GET /api/activity
2026-08-07T22:52:15.601Z - PUT /api/users/1
2026-08-07T22:52:15.694Z - GET /api/users
2026-08-07T22:52:25.987Z - GET /api/health
2026-08-07T22:52:25.989Z - GET /api/stats
2026-08-07T22:52:25.998Z - GET /api/auth/me
2026-08-07T22:52:26.072Z - GET /api/health
2026-08-07T22:52:27.068Z - GET /api/stats
2026-08-07T22:52:27.075Z - GET /api/activity
2026-08-07T22:52:28.171Z - GET /api/activity
2026-08-07T22:52:32.667Z - GET /api/news_categories
2026-08-07T22:52:32.672Z - GET /api/news_tags
2026-08-07T22:52:32.674Z - GET /api/auth/me
2026-08-07T22:52:32.676Z - GET /api/news
2026-08-07T22:52:32.677Z - GET /api/news_authors
2026-08-07T22:52:32.958Z - GET /api/news_tags
2026-08-07T22:52:32.958Z - GET /api/news_authors
2026-08-07T22:52:32.959Z - GET /api/news
2026-08-07T22:52:32.962Z - GET /api/news_categories
2026-08-07T22:52:36.611Z - GET /api/health
2026-08-07T22:52:36.620Z - GET /api/stats
2026-08-07T22:52:36.631Z - GET /api/auth/me
2026-08-07T22:52:36.697Z - GET /api/health
2026-08-07T22:52:37.647Z - GET /api/stats
2026-08-07T22:52:37.662Z - GET /api/activity
2026-08-07T22:52:38.700Z - GET /api/activity
2026-08-07T22:52:39.937Z - GET /api/news_authors
2026-08-07T22:52:39.945Z - GET /api/news_tags
2026-08-07T22:52:39.947Z - GET /api/news_categories
2026-08-07T22:52:39.948Z - GET /api/news
2026-08-07T22:52:39.975Z - GET /api/auth/me
2026-08-07T22:52:40.199Z - GET /api/news_authors
2026-08-07T22:52:40.211Z - GET /api/news_categories
2026-08-07T22:52:40.220Z - GET /api/news_tags
2026-08-07T22:52:40.456Z - GET /api/news
2026-08-07T22:52:41.509Z - GET /api/health
2026-08-07T22:52:41.522Z - GET /api/stats
2026-08-07T22:52:41.523Z - GET /api/auth/me
2026-08-07T22:52:41.596Z - GET /api/health
2026-08-07T22:52:42.777Z - GET /api/stats
2026-08-07T22:52:42.782Z - GET /api/activity
2026-08-07T22:52:43.817Z - GET /api/activity
2026-08-07T22:53:18.545Z - GET /
2026-08-07T22:53:22.563Z - GET /
2026-08-07T22:53:23.102Z - GET /@vite/client
2026-08-07T22:53:23.119Z - GET /@react-refresh
2026-08-07T22:53:23.131Z - GET /index.tsx
2026-08-07T22:53:23.304Z - GET /node_modules/vite/dist/client/env.mjs
2026-08-07T22:53:23.312Z - GET /App.tsx
2026-08-07T22:53:24.398Z - GET /pages/Home.tsx
2026-08-07T22:53:24.510Z - GET /pages/Schedule.tsx
2026-08-07T22:53:24.561Z - GET /components/SocialFollowerIcon.tsx
2026-08-07T22:53:24.563Z - GET /pages/PlayerProfile.tsx
2026-08-07T22:53:24.564Z - GET /components/NewsletterPopup.tsx
2026-08-07T22:53:24.565Z - GET /pages/Socials.tsx
2026-08-07T22:53:24.566Z - GET /src/admin/Users.tsx
2026-08-07T22:53:24.567Z - GET /src/admin/Partners.tsx
2026-08-07T22:53:24.568Z - GET /pages/NewsDetail.tsx
2026-08-07T22:53:24.569Z - GET /src/admin/Leadership.tsx
2026-08-07T22:53:24.570Z - GET /src/admin/News.tsx
2026-08-07T22:53:24.570Z - GET /src/admin/Schedule.tsx
2026-08-07T22:53:24.571Z - GET /src/admin/Gallery.tsx
2026-08-07T22:53:24.572Z - GET /src/admin/LoginPage.tsx
2026-08-07T22:53:24.573Z - GET /src/admin/Creators.tsx
2026-08-07T22:53:24.574Z - GET /pages/Information.tsx
2026-08-07T22:53:24.575Z - GET /pages/JobDetail.tsx
2026-08-07T22:53:24.575Z - GET /src/admin/Dashboard.tsx
2026-08-07T22:53:24.576Z - GET /src/components/AnnouncementBar.tsx
2026-08-07T22:53:24.603Z - GET /src/admin/Subscribers.tsx
2026-08-07T22:53:24.679Z - GET /pages/Careers.tsx
2026-08-07T22:53:24.695Z - GET /src/admin/Jobs.tsx
2026-08-07T22:53:24.722Z - GET /src/admin/AdminLayout.tsx
2026-08-07T22:53:24.752Z - GET /src/admin/Settings.tsx
2026-08-07T22:53:24.761Z - GET /pages/Teams.tsx
2026-08-07T22:53:24.770Z - GET /pages/News.tsx
2026-08-07T22:53:24.771Z - GET /src/admin/Teams.tsx
2026-08-07T22:53:24.772Z - GET /pages/About.tsx
2026-08-07T22:53:24.773Z - GET /src/context/SettingsContext.tsx
2026-08-07T22:53:24.774Z - GET /constants.tsx
2026-08-07T22:53:24.775Z - GET /pages/EventDetail.tsx
2026-08-07T22:53:24.775Z - GET /components/GlobalSearch.tsx
2026-08-07T22:53:24.776Z - GET /components/Breadcrumbs.tsx
2026-08-07T22:53:24.777Z - GET /components/ui/ArenaButton.tsx
2026-08-07T22:53:24.778Z - GET /src/utils/json.ts
2026-08-07T22:53:24.778Z - GET /components/SEOMeta.tsx
2026-08-07T22:53:24.779Z - GET /src/components/ConfirmDeleteModal.tsx
2026-08-07T22:53:24.780Z - GET /src/admin/components/FormSection.tsx
2026-08-07T22:53:24.781Z - GET /src/components/ImageUploader.tsx
2026-08-07T22:53:24.781Z - GET /src/admin/components/FormRepeater.tsx
2026-08-07T22:53:24.782Z - GET /src/admin/components/Toast.tsx
2026-08-07T22:53:24.783Z - GET /src/lib/firebase.ts
2026-08-07T22:53:24.895Z - GET /firebase-applet-config.json?import
2026-08-07T22:53:25.006Z - GET /assets/Gk%20Logo.png
2026-08-07T22:53:25.052Z - GET /api/news
2026-08-07T22:53:25.068Z - GET /api/stats
2026-08-07T22:53:25.077Z - GET /api/events
2026-08-07T22:53:25.086Z - GET /api/settings
2026-08-07T22:53:25.095Z - GET /api/teams
2026-08-07T22:53:25.360Z - GET /api/events
2026-08-07T22:53:25.382Z - GET /api/news
2026-08-07T22:53:25.394Z - GET /api/teams
2026-08-07T22:53:25.600Z - GET /api/settings
2026-08-07T22:53:26.190Z - GET /api/stats
2026-08-07T22:53:27.248Z - GET /assets/jearsy.png
2026-08-07T22:53:27.254Z - GET /assets/mat.png
2026-08-07T22:53:27.259Z - GET /assets/frame.png
2026-08-07T22:53:27.269Z - GET /assets/bag.png
2026-08-07T22:53:27.270Z - GET /assets/mouse.png
2026-08-07T22:54:35.883Z - GET /
2026-08-07T22:54:35.998Z - GET /index.tsx
2026-08-07T22:54:36.008Z - GET /@vite/client
2026-08-07T22:54:36.020Z - GET /@react-refresh
2026-08-07T22:54:36.173Z - GET /App.tsx
2026-08-07T22:54:36.180Z - GET /node_modules/vite/dist/client/env.mjs
2026-08-07T22:54:36.263Z - GET /pages/Home.tsx
2026-08-07T22:54:36.269Z - GET /pages/Schedule.tsx
2026-08-07T22:54:36.281Z - GET /pages/Teams.tsx
2026-08-07T22:54:36.292Z - GET /src/admin/News.tsx
2026-08-07T22:54:36.293Z - GET /components/GlobalSearch.tsx
2026-08-07T22:54:36.293Z - GET /src/admin/AdminLayout.tsx
2026-08-07T22:54:36.294Z - GET /src/admin/Dashboard.tsx
2026-08-07T22:54:36.295Z - GET /src/admin/LoginPage.tsx
2026-08-07T22:54:36.295Z - GET /pages/Careers.tsx
2026-08-07T22:54:36.296Z - GET /pages/Information.tsx
2026-08-07T22:54:36.297Z - GET /pages/JobDetail.tsx
2026-08-07T22:54:36.299Z - GET /components/SocialFollowerIcon.tsx
2026-08-07T22:54:36.300Z - GET /pages/About.tsx
2026-08-07T22:54:36.300Z - GET /src/context/SettingsContext.tsx
2026-08-07T22:54:36.301Z - GET /src/admin/Leadership.tsx
2026-08-07T22:54:36.302Z - GET /pages/PlayerProfile.tsx
2026-08-07T22:54:36.303Z - GET /src/admin/Subscribers.tsx
2026-08-07T22:54:36.303Z - GET /src/admin/Jobs.tsx
2026-08-07T22:54:36.304Z - GET /src/admin/Settings.tsx
2026-08-07T22:54:36.305Z - GET /src/admin/Teams.tsx
2026-08-07T22:54:36.305Z - GET /pages/EventDetail.tsx
2026-08-07T22:54:36.306Z - GET /src/admin/Partners.tsx
2026-08-07T22:54:36.307Z - GET /pages/News.tsx
2026-08-07T22:54:36.308Z - GET /src/components/AnnouncementBar.tsx
2026-08-07T22:54:36.351Z - GET /pages/Socials.tsx
2026-08-07T22:54:36.360Z - GET /components/NewsletterPopup.tsx
2026-08-07T22:54:36.361Z - GET /constants.tsx
2026-08-07T22:54:36.362Z - GET /src/admin/Users.tsx
2026-08-07T22:54:36.363Z - GET /src/admin/Schedule.tsx
2026-08-07T22:54:36.363Z - GET /src/admin/Creators.tsx
2026-08-07T22:54:36.364Z - GET /src/admin/Gallery.tsx
2026-08-07T22:54:36.366Z - GET /pages/NewsDetail.tsx
2026-08-07T22:54:36.403Z - GET /components/Breadcrumbs.tsx
2026-08-07T22:54:36.404Z - GET /components/SEOMeta.tsx
2026-08-07T22:54:36.405Z - GET /src/components/ImageUploader.tsx
2026-08-07T22:54:36.407Z - GET /src/components/ConfirmDeleteModal.tsx
2026-08-07T22:54:36.407Z - GET /src/admin/components/Toast.tsx
2026-08-07T22:54:36.408Z - GET /src/utils/json.ts
2026-08-07T22:54:36.409Z - GET /components/ui/ArenaButton.tsx
2026-08-07T22:54:36.409Z - GET /src/lib/firebase.ts
2026-08-07T22:54:36.410Z - GET /src/admin/components/FormRepeater.tsx
2026-08-07T22:54:36.411Z - GET /src/admin/components/FormSection.tsx
2026-08-07T22:54:36.526Z - GET /firebase-applet-config.json?import
2026-08-07T22:54:36.681Z - GET /api/auth/me
2026-08-07T22:54:36.692Z - GET /api/settings
2026-08-07T22:54:36.763Z - GET /api/auth/me
2026-08-07T22:54:36.770Z - GET /assets/Gk%20Logo.png
2026-08-07T22:54:36.780Z - GET /api/health
2026-08-07T22:54:36.787Z - GET /api/stats
2026-08-07T22:54:36.865Z - GET /api/health
2026-08-07T22:54:36.982Z - GET /api/settings
2026-08-07T22:54:37.820Z - GET /api/activity
2026-08-07T22:54:37.827Z - GET /api/stats
2026-08-07T22:54:38.865Z - GET /api/activity
2026-08-07T22:54:49.926Z - GET /api/events
2026-08-07T22:54:49.934Z - GET /api/auth/me
2026-08-07T22:54:49.945Z - GET /api/game-titles
2026-08-07T22:54:50.025Z - GET /api/game-titles
2026-08-07T22:54:50.036Z - GET /api/game_titles
2026-08-07T22:54:50.201Z - GET /api/events
2026-08-07T22:54:50.543Z - GET /api/game_titles
2026-08-07T22:54:54.653Z - GET /api/auth/me
2026-08-07T22:54:54.662Z - GET /api/jobs
2026-08-07T22:54:54.980Z - GET /api/jobs
2026-08-07T22:54:56.527Z - GET /api/health
2026-08-07T22:54:56.532Z - GET /api/auth/me
2026-08-07T22:54:56.541Z - GET /api/stats
2026-08-07T22:54:56.611Z - GET /api/health
2026-08-07T22:54:57.598Z - GET /api/activity
2026-08-07T22:54:57.603Z - GET /api/stats
2026-08-07T22:54:58.657Z - GET /api/activity
2026-08-07T22:58:26.048Z - GET /api/stats
2026-08-07T22:58:31.948Z - GET /api/events
2026-08-07T22:58:31.949Z - GET /api/news
2026-08-07T22:59:19.581Z - GET /api/stats
2026-08-08T01:20:11.270Z - GET /
2026-08-08T01:20:11.862Z - GET /
2026-08-08T01:20:12.402Z - GET /index.tsx
2026-08-08T01:20:12.404Z - GET /@react-refresh
2026-08-08T01:20:12.412Z - GET /@vite/client
2026-08-08T01:20:12.607Z - GET /App.tsx
2026-08-08T01:20:12.611Z - GET /node_modules/vite/dist/client/env.mjs
2026-08-08T01:20:13.974Z - GET /pages/Home.tsx
2026-08-08T01:20:13.999Z - GET /pages/Teams.tsx
2026-08-08T01:20:14.010Z - GET /pages/Schedule.tsx
2026-08-08T01:20:14.041Z - GET /pages/Careers.tsx
2026-08-08T01:20:14.092Z - GET /pages/Information.tsx
2026-08-08T01:20:14.117Z - GET /pages/Socials.tsx
2026-08-08T01:20:14.145Z - GET /src/admin/Settings.tsx
2026-08-08T01:20:14.150Z - GET /pages/NewsDetail.tsx
2026-08-08T01:20:14.160Z - GET /src/admin/Teams.tsx
2026-08-08T01:20:14.167Z - GET /src/admin/Users.tsx
2026-08-08T01:20:14.173Z - GET /src/context/SettingsContext.tsx
2026-08-08T01:20:14.175Z - GET /pages/EventDetail.tsx
2026-08-08T01:20:14.179Z - GET /pages/JobDetail.tsx
2026-08-08T01:20:14.182Z - GET /pages/PlayerProfile.tsx
2026-08-08T01:20:14.187Z - GET /src/admin/Jobs.tsx
2026-08-08T01:20:14.190Z - GET /src/admin/Schedule.tsx
2026-08-08T01:20:14.203Z - GET /src/admin/AdminLayout.tsx
2026-08-08T01:20:14.206Z - GET /src/admin/LoginPage.tsx
2026-08-08T01:20:14.208Z - GET /src/admin/Creators.tsx
2026-08-08T01:20:14.211Z - GET /src/admin/Subscribers.tsx
2026-08-08T01:20:14.213Z - GET /src/admin/Dashboard.tsx
2026-08-08T01:20:14.215Z - GET /pages/About.tsx
2026-08-08T01:20:14.219Z - GET /constants.tsx
2026-08-08T01:20:14.220Z - GET /pages/News.tsx
2026-08-08T01:20:14.223Z - GET /src/admin/Partners.tsx
2026-08-08T01:20:14.226Z - GET /src/admin/Gallery.tsx
2026-08-08T01:20:14.229Z - GET /src/admin/News.tsx
2026-08-08T01:20:14.234Z - GET /components/NewsletterPopup.tsx
2026-08-08T01:20:14.236Z - GET /src/admin/Leadership.tsx
2026-08-08T01:20:14.238Z - GET /components/GlobalSearch.tsx
2026-08-08T01:20:14.241Z - GET /src/components/AnnouncementBar.tsx
2026-08-08T01:20:14.243Z - GET /components/SocialFollowerIcon.tsx
2026-08-08T01:20:14.356Z - GET /components/Breadcrumbs.tsx
2026-08-08T01:20:14.358Z - GET /components/SEOMeta.tsx
2026-08-08T01:20:14.440Z - GET /src/utils/json.ts
2026-08-08T01:20:14.442Z - GET /components/ui/ArenaButton.tsx
2026-08-08T01:20:14.521Z - GET /src/components/ImageUploader.tsx
2026-08-08T01:20:14.523Z - GET /src/components/ConfirmDeleteModal.tsx
2026-08-08T01:20:14.610Z - GET /src/admin/components/FormSection.tsx
2026-08-08T01:20:14.612Z - GET /src/admin/components/FormRepeater.tsx
2026-08-08T01:20:14.689Z - GET /src/admin/components/Toast.tsx
2026-08-08T01:20:14.709Z - GET /src/lib/firebase.ts
2026-08-08T01:20:14.801Z - GET /firebase-applet-config.json?import
2026-08-08T01:20:14.947Z - GET /assets/Gk%20Logo.png
2026-08-08T01:20:15.200Z - GET /api/teams
2026-08-08T01:20:15.215Z - GET /api/news
2026-08-08T01:20:15.218Z - GET /api/events
2026-08-08T01:20:15.221Z - GET /api/settings
2026-08-08T01:20:15.225Z - GET /api/stats
2026-08-08T01:20:15.486Z - GET /api/teams
2026-08-08T01:20:15.488Z - GET /api/news
2026-08-08T01:20:15.710Z - GET /api/events
2026-08-08T01:20:15.725Z - GET /api/settings
2026-08-08T01:20:16.754Z - GET /api/stats
2026-08-08T01:20:17.939Z - GET /assets/jearsy.png
2026-08-08T01:20:17.941Z - GET /assets/frame.png
2026-08-08T01:20:18.063Z - GET /assets/mat.png
2026-08-08T01:20:18.064Z - GET /assets/mouse.png
2026-08-08T01:20:18.142Z - GET /assets/bag.png
2026-08-08T01:20:24.811Z - GET /careers/xfgh
2026-08-08T01:20:24.920Z - GET /@vite/client
2026-08-08T01:20:24.922Z - GET /index.tsx
2026-08-08T01:20:24.933Z - GET /@react-refresh
2026-08-08T01:20:25.108Z - GET /App.tsx
2026-08-08T01:20:25.109Z - GET /node_modules/vite/dist/client/env.mjs
2026-08-08T01:20:25.192Z - GET /pages/Home.tsx
2026-08-08T01:20:25.206Z - GET /pages/Information.tsx
2026-08-08T01:20:25.208Z - GET /pages/About.tsx
2026-08-08T01:20:25.209Z - GET /pages/Teams.tsx
2026-08-08T01:20:25.211Z - GET /pages/Careers.tsx
2026-08-08T01:20:25.217Z - GET /pages/Schedule.tsx
2026-08-08T01:20:25.223Z - GET /src/admin/Teams.tsx
2026-08-08T01:20:25.226Z - GET /pages/JobDetail.tsx
2026-08-08T01:20:25.229Z - GET /src/admin/AdminLayout.tsx
2026-08-08T01:20:25.230Z - GET /src/admin/Gallery.tsx
2026-08-08T01:20:25.233Z - GET /src/admin/Dashboard.tsx
2026-08-08T01:20:25.235Z - GET /src/admin/Settings.tsx
2026-08-08T01:20:25.237Z - GET /src/admin/LoginPage.tsx
2026-08-08T01:20:25.239Z - GET /src/admin/Partners.tsx
2026-08-08T01:20:25.241Z - GET /src/admin/Users.tsx
2026-08-08T01:20:25.243Z - GET /src/admin/Jobs.tsx
2026-08-08T01:20:25.246Z - GET /pages/News.tsx
2026-08-08T01:20:25.248Z - GET /src/admin/Subscribers.tsx
2026-08-08T01:20:25.249Z - GET /src/admin/Schedule.tsx
2026-08-08T01:20:25.251Z - GET /src/components/AnnouncementBar.tsx
2026-08-08T01:20:25.254Z - GET /src/admin/News.tsx
2026-08-08T01:20:25.256Z - GET /pages/PlayerProfile.tsx
2026-08-08T01:20:25.258Z - GET /pages/NewsDetail.tsx
2026-08-08T01:20:25.259Z - GET /src/context/SettingsContext.tsx
2026-08-08T01:20:25.260Z - GET /components/NewsletterPopup.tsx
2026-08-08T01:20:25.263Z - GET /pages/Socials.tsx
2026-08-08T01:20:25.265Z - GET /components/GlobalSearch.tsx
2026-08-08T01:20:25.267Z - GET /components/SocialFollowerIcon.tsx
2026-08-08T01:20:25.269Z - GET /pages/EventDetail.tsx
2026-08-08T01:20:25.270Z - GET /src/admin/Leadership.tsx
2026-08-08T01:20:25.272Z - GET /src/admin/Creators.tsx
2026-08-08T01:20:25.274Z - GET /constants.tsx
2026-08-08T01:20:25.277Z - GET /components/ui/ArenaButton.tsx
2026-08-08T01:20:25.278Z - GET /components/SEOMeta.tsx
2026-08-08T01:20:25.285Z - GET /components/Breadcrumbs.tsx
2026-08-08T01:20:25.288Z - GET /src/utils/json.ts
2026-08-08T01:20:25.306Z - GET /src/admin/components/Toast.tsx
2026-08-08T01:20:25.308Z - GET /src/components/ImageUploader.tsx
2026-08-08T01:20:25.311Z - GET /src/components/ConfirmDeleteModal.tsx
2026-08-08T01:20:25.313Z - GET /src/admin/components/FormRepeater.tsx
2026-08-08T01:20:25.314Z - GET /src/admin/components/FormSection.tsx
2026-08-08T01:20:25.323Z - GET /src/lib/firebase.ts
2026-08-08T01:20:25.402Z - GET /firebase-applet-config.json?import
2026-08-08T01:20:25.541Z - GET /assets/Gk%20Logo.png
2026-08-08T01:20:25.575Z - GET /api/settings
2026-08-08T01:20:25.579Z - GET /api/partners
2026-08-08T01:20:25.584Z - GET /api/leadership
2026-08-08T01:20:25.624Z - GET /assets/Gk%20Logo.png
2026-08-08T01:20:25.844Z - GET /api/partners
2026-08-08T01:20:26.076Z - GET /api/settings
2026-08-08T01:20:26.107Z - GET /api/leadership
2026-08-08T01:20:28.647Z - GET /api/creators
2026-08-08T01:20:28.650Z - GET /api/teams
2026-08-08T01:20:28.868Z - GET /api/teams
2026-08-08T01:20:29.133Z - GET /api/creators
2026-08-08T01:20:29.356Z - GET /api/teams/1/players
2026-08-08T01:20:29.358Z - GET /api/teams/5/players
2026-08-08T01:20:29.360Z - GET /api/teams/3/players
2026-08-08T01:20:29.362Z - GET /api/teams/2/players
2026-08-08T01:20:47.857Z - GET /api/game-titles
2026-08-08T01:20:47.860Z - GET /api/events
2026-08-08T01:20:47.945Z - GET /api/game-titles
2026-08-08T01:20:47.947Z - GET /api/game_titles
2026-08-08T01:20:48.247Z - GET /api/game_titles
2026-08-08T01:20:48.293Z - GET /api/events
2026-08-08T01:20:48.934Z - GET /api/creators
2026-08-08T01:20:48.937Z - GET /api/teams
2026-08-08T01:20:49.177Z - GET /api/creators
2026-08-08T01:20:49.190Z - GET /api/teams
2026-08-08T01:20:49.691Z - GET /api/teams/2/players
2026-08-08T01:20:49.692Z - GET /api/teams/5/players
2026-08-08T01:20:49.693Z - GET /api/teams/1/players
2026-08-08T01:20:49.696Z - GET /api/teams/3/players
2026-08-08T01:21:54.193Z - GET /
2026-08-08T01:21:54.299Z - GET /@vite/client
2026-08-08T01:21:54.300Z - GET /index.tsx
2026-08-08T01:21:54.303Z - GET /@react-refresh
2026-08-08T01:21:54.459Z - GET /node_modules/vite/dist/client/env.mjs
2026-08-08T01:21:54.461Z - GET /App.tsx
2026-08-08T01:21:54.562Z - GET /pages/Schedule.tsx
2026-08-08T01:21:54.564Z - GET /pages/Home.tsx
2026-08-08T01:21:54.569Z - GET /src/admin/Leadership.tsx
2026-08-08T01:21:54.571Z - GET /src/admin/LoginPage.tsx
2026-08-08T01:21:54.573Z - GET /src/admin/Schedule.tsx
2026-08-08T01:21:54.574Z - GET /src/admin/Creators.tsx
2026-08-08T01:21:54.575Z - GET /src/admin/Dashboard.tsx
2026-08-08T01:21:54.578Z - GET /src/admin/Jobs.tsx
2026-08-08T01:21:54.581Z - GET /src/admin/Teams.tsx
2026-08-08T01:21:54.583Z - GET /pages/Teams.tsx
2026-08-08T01:21:54.585Z - GET /pages/Information.tsx
2026-08-08T01:21:54.586Z - GET /pages/NewsDetail.tsx
2026-08-08T01:21:54.588Z - GET /src/admin/AdminLayout.tsx
2026-08-08T01:21:54.589Z - GET /src/admin/Gallery.tsx
2026-08-08T01:21:54.591Z - GET /pages/About.tsx
2026-08-08T01:21:54.592Z - GET /pages/JobDetail.tsx
2026-08-08T01:21:54.593Z - GET /pages/Careers.tsx
2026-08-08T01:21:54.595Z - GET /pages/Socials.tsx
2026-08-08T01:21:54.596Z - GET /pages/News.tsx
2026-08-08T01:21:54.598Z - GET /src/admin/News.tsx
2026-08-08T01:21:54.599Z - GET /src/admin/Subscribers.tsx
2026-08-08T01:21:54.600Z - GET /src/admin/Partners.tsx
2026-08-08T01:21:54.602Z - GET /src/components/AnnouncementBar.tsx
2026-08-08T01:21:54.603Z - GET /src/admin/Settings.tsx
2026-08-08T01:21:54.604Z - GET /src/context/SettingsContext.tsx
2026-08-08T01:21:54.605Z - GET /src/admin/Users.tsx
2026-08-08T01:21:54.606Z - GET /constants.tsx
2026-08-08T01:21:54.607Z - GET /components/GlobalSearch.tsx
2026-08-08T01:21:54.608Z - GET /pages/PlayerProfile.tsx
2026-08-08T01:21:54.609Z - GET /components/NewsletterPopup.tsx
2026-08-08T01:21:54.610Z - GET /pages/EventDetail.tsx
2026-08-08T01:21:54.611Z - GET /components/SocialFollowerIcon.tsx
2026-08-08T01:21:54.646Z - GET /components/Breadcrumbs.tsx
2026-08-08T01:21:54.649Z - GET /src/components/ConfirmDeleteModal.tsx
2026-08-08T01:21:54.650Z - GET /src/utils/json.ts
2026-08-08T01:21:54.652Z - GET /components/ui/ArenaButton.tsx
2026-08-08T01:21:54.653Z - GET /src/components/ImageUploader.tsx
2026-08-08T01:21:54.654Z - GET /components/SEOMeta.tsx
2026-08-08T01:21:54.656Z - GET /src/admin/components/FormSection.tsx
2026-08-08T01:21:54.658Z - GET /src/admin/components/FormRepeater.tsx
2026-08-08T01:21:54.664Z - GET /src/admin/components/Toast.tsx
2026-08-08T01:21:54.677Z - GET /src/lib/firebase.ts
2026-08-08T01:21:54.757Z - GET /firebase-applet-config.json?import
2026-08-08T01:21:55.139Z - GET /api/auth/me
2026-08-08T01:21:55.144Z - GET /api/settings
2026-08-08T01:21:55.215Z - GET /api/auth/me
2026-08-08T01:21:55.221Z - GET /assets/Gk%20Logo.png
2026-08-08T01:21:55.223Z - GET /api/health
2026-08-08T01:21:55.226Z - GET /api/stats
2026-08-08T01:21:55.298Z - GET /api/health
2026-08-08T01:21:55.658Z - GET /api/settings
2026-08-08T01:21:56.876Z - GET /api/stats
2026-08-08T01:21:56.879Z - GET /api/activity
2026-08-08T01:21:58.145Z - GET /api/activity
2026-08-08T01:22:00.966Z - POST /api/auth/logout
2026-08-08T01:22:03.140Z - POST /api/auth/check-user
2026-08-08T01:22:04.348Z - POST /api/auth/check-user
2026-08-08T01:22:04.858Z - POST /api/auth/check-user
2026-08-08T01:22:05.192Z - POST /api/auth/check-user
2026-08-08T01:22:05.546Z - POST /api/auth/check-user
2026-08-08T01:22:57.454Z - POST /api/auth/check-user
2026-08-08T01:23:04.013Z - POST /api/auth/login
2026-08-08T01:23:41.343Z - GET /
2026-08-08T01:23:47.300Z - GET /
2026-08-08T01:23:47.821Z - GET /index.tsx
2026-08-08T01:23:47.823Z - GET /@vite/client
2026-08-08T01:23:47.826Z - GET /@react-refresh
2026-08-08T01:23:48.048Z - GET /App.tsx
2026-08-08T01:23:48.054Z - GET /node_modules/vite/dist/client/env.mjs
2026-08-08T01:23:49.221Z - GET /pages/Home.tsx
2026-08-08T01:23:49.222Z - GET /src/admin/News.tsx
2026-08-08T01:23:49.265Z - GET /pages/News.tsx
2026-08-08T01:23:49.284Z - GET /pages/PlayerProfile.tsx
2026-08-08T01:23:49.290Z - GET /components/NewsletterPopup.tsx
2026-08-08T01:23:49.336Z - GET /pages/Socials.tsx
2026-08-08T01:23:49.424Z - GET /src/admin/Settings.tsx
2026-08-08T01:23:49.427Z - GET /src/admin/LoginPage.tsx
2026-08-08T01:23:49.467Z - GET /src/admin/Schedule.tsx
2026-08-08T01:23:49.478Z - GET /src/admin/Users.tsx
2026-08-08T01:23:49.511Z - GET /src/admin/Subscribers.tsx
2026-08-08T01:23:49.538Z - GET /src/admin/Jobs.tsx
2026-08-08T01:23:49.541Z - GET /src/admin/Creators.tsx
2026-08-08T01:23:49.551Z - GET /src/admin/Leadership.tsx
2026-08-08T01:23:49.552Z - GET /src/admin/Teams.tsx
2026-08-08T01:23:49.555Z - GET /pages/NewsDetail.tsx
2026-08-08T01:23:49.558Z - GET /src/admin/Gallery.tsx
2026-08-08T01:23:49.560Z - GET /src/admin/Partners.tsx
2026-08-08T01:23:49.562Z - GET /src/admin/AdminLayout.tsx
2026-08-08T01:23:49.564Z - GET /src/admin/Dashboard.tsx
2026-08-08T01:23:49.566Z - GET /pages/Information.tsx
2026-08-08T01:23:49.570Z - GET /pages/About.tsx
2026-08-08T01:23:49.572Z - GET /pages/Careers.tsx
2026-08-08T01:23:49.574Z - GET /pages/Schedule.tsx
2026-08-08T01:23:49.575Z - GET /src/context/SettingsContext.tsx
2026-08-08T01:23:49.577Z - GET /constants.tsx
2026-08-08T01:23:49.579Z - GET /pages/Teams.tsx
2026-08-08T01:23:49.581Z - GET /pages/JobDetail.tsx
2026-08-08T01:23:49.582Z - GET /src/components/AnnouncementBar.tsx
2026-08-08T01:23:49.584Z - GET /pages/EventDetail.tsx
2026-08-08T01:23:49.585Z - GET /components/SocialFollowerIcon.tsx
2026-08-08T01:23:49.588Z - GET /components/GlobalSearch.tsx
2026-08-08T01:23:49.589Z - GET /components/ui/ArenaButton.tsx
2026-08-08T01:23:49.591Z - GET /components/SEOMeta.tsx
2026-08-08T01:23:49.593Z - GET /src/components/ConfirmDeleteModal.tsx
2026-08-08T01:23:49.595Z - GET /components/Breadcrumbs.tsx
2026-08-08T01:23:49.596Z - GET /src/admin/components/Toast.tsx
2026-08-08T01:23:49.597Z - GET /src/components/ImageUploader.tsx
2026-08-08T01:23:49.599Z - GET /src/utils/json.ts
2026-08-08T01:23:49.602Z - GET /src/lib/firebase.ts
2026-08-08T01:23:49.604Z - GET /src/admin/components/FormRepeater.tsx
2026-08-08T01:23:49.605Z - GET /src/admin/components/FormSection.tsx
2026-08-08T01:23:49.689Z - GET /firebase-applet-config.json?import
2026-08-08T01:23:49.781Z - GET /assets/Gk%20Logo.png
2026-08-08T01:23:50.126Z - GET /api/events
2026-08-08T01:23:50.141Z - GET /api/stats
2026-08-08T01:23:50.145Z - GET /api/settings
2026-08-08T01:23:50.148Z - GET /api/teams
2026-08-08T01:23:50.151Z - GET /api/news
2026-08-08T01:23:50.458Z - GET /api/settings
2026-08-08T01:23:50.720Z - GET /api/teams
2026-08-08T01:23:50.724Z - GET /api/events
2026-08-08T01:23:50.728Z - GET /api/news
2026-08-08T01:23:51.469Z - GET /api/stats
2026-08-08T01:23:52.535Z - GET /assets/bag.png
2026-08-08T01:23:52.538Z - GET /assets/frame.png
2026-08-08T01:23:52.539Z - GET /assets/mouse.png
2026-08-08T01:23:52.542Z - GET /assets/mat.png
2026-08-08T01:23:52.543Z - GET /assets/jearsy.png
2026-08-08T01:24:04.833Z - GET /api/auth/me
2026-08-08T01:24:04.926Z - GET /api/auth/me
2026-08-08T01:24:04.929Z - GET /api/health
2026-08-08T01:24:04.931Z - GET /api/stats
2026-08-08T01:24:04.934Z - GET /assets/Gk%20Logo.png
2026-08-08T01:24:05.010Z - GET /api/health
2026-08-08T01:24:06.066Z - GET /api/stats
2026-08-08T01:24:06.069Z - GET /api/activity
2026-08-08T01:24:07.136Z - GET /api/activity
2026-08-08T01:24:07.638Z - POST /api/auth/logout
2026-08-08T01:24:12.009Z - POST /api/auth/check-user
2026-08-08T01:29:45.856Z - GET /
2026-08-08T01:29:49.996Z - GET /
2026-08-08T01:29:53.107Z - GET /
2026-08-08T01:29:53.625Z - GET /@vite/client
2026-08-08T01:29:53.628Z - GET /@react-refresh
2026-08-08T01:29:53.637Z - GET /index.tsx
2026-08-08T01:29:53.837Z - GET /App.tsx
2026-08-08T01:29:53.839Z - GET /node_modules/vite/dist/client/env.mjs
2026-08-08T01:29:55.035Z - GET /components/NewsletterPopup.tsx
2026-08-08T01:29:55.037Z - GET /src/admin/News.tsx
2026-08-08T01:29:55.057Z - GET /pages/News.tsx
2026-08-08T01:29:55.141Z - GET /src/admin/Users.tsx
2026-08-08T01:29:55.189Z - GET /src/admin/Subscribers.tsx
2026-08-08T01:29:55.194Z - GET /src/admin/Partners.tsx
2026-08-08T01:29:55.196Z - GET /src/admin/Dashboard.tsx
2026-08-08T01:29:55.200Z - GET /src/admin/Leadership.tsx
2026-08-08T01:29:55.202Z - GET /pages/Schedule.tsx
2026-08-08T01:29:55.229Z - GET /pages/About.tsx
2026-08-08T01:29:55.231Z - GET /src/admin/Settings.tsx
2026-08-08T01:29:55.233Z - GET /constants.tsx
2026-08-08T01:29:55.235Z - GET /pages/PlayerProfile.tsx
2026-08-08T01:29:55.245Z - GET /src/admin/Gallery.tsx
2026-08-08T01:29:55.247Z - GET /src/context/SettingsContext.tsx
2026-08-08T01:29:55.248Z - GET /src/admin/AdminLayout.tsx
2026-08-08T01:29:55.249Z - GET /pages/Home.tsx
2026-08-08T01:29:55.254Z - GET /pages/Socials.tsx
2026-08-08T01:29:55.257Z - GET /src/admin/Teams.tsx
2026-08-08T01:29:55.261Z - GET /src/admin/Jobs.tsx
2026-08-08T01:29:55.265Z - GET /pages/Teams.tsx
2026-08-08T01:29:55.268Z - GET /pages/Information.tsx
2026-08-08T01:29:55.269Z - GET /src/admin/Schedule.tsx
2026-08-08T01:29:55.271Z - GET /src/admin/Creators.tsx
2026-08-08T01:29:55.273Z - GET /pages/EventDetail.tsx
2026-08-08T01:29:55.275Z - GET /pages/Careers.tsx
2026-08-08T01:29:55.276Z - GET /src/admin/LoginPage.tsx
2026-08-08T01:29:55.278Z - GET /components/GlobalSearch.tsx
2026-08-08T01:29:55.279Z - GET /src/components/AnnouncementBar.tsx
2026-08-08T01:29:55.281Z - GET /pages/NewsDetail.tsx
2026-08-08T01:29:55.285Z - GET /pages/JobDetail.tsx
2026-08-08T01:29:55.286Z - GET /components/SocialFollowerIcon.tsx
2026-08-08T01:29:55.288Z - GET /src/components/ImageUploader.tsx
2026-08-08T01:29:55.290Z - GET /src/components/ConfirmDeleteModal.tsx
2026-08-08T01:29:55.291Z - GET /src/utils/json.ts
2026-08-08T01:29:55.295Z - GET /src/admin/components/Toast.tsx
2026-08-08T01:29:55.296Z - GET /components/Breadcrumbs.tsx
2026-08-08T01:29:55.302Z - GET /components/ui/ArenaButton.tsx
2026-08-08T01:29:55.303Z - GET /components/SEOMeta.tsx
2026-08-08T01:29:55.305Z - GET /src/lib/firebase.ts
2026-08-08T01:29:55.341Z - GET /src/admin/components/FormSection.tsx
2026-08-08T01:29:55.343Z - GET /src/admin/components/FormRepeater.tsx
2026-08-08T01:29:55.381Z - GET /firebase-applet-config.json?import
2026-08-08T01:29:55.483Z - GET /assets/Gk%20Logo.png
2026-08-08T01:29:55.743Z - GET /api/stats
2026-08-08T01:29:55.769Z - GET /api/news
2026-08-08T01:29:55.775Z - GET /api/events
2026-08-08T01:29:55.779Z - GET /api/settings
2026-08-08T01:29:55.782Z - GET /api/teams
2026-08-08T01:29:56.092Z - GET /api/events
2026-08-08T01:29:56.110Z - GET /api/news
2026-08-08T01:29:56.113Z - GET /api/settings
2026-08-08T01:29:56.115Z - GET /api/teams
2026-08-08T01:29:57.379Z - GET /api/stats
2026-08-08T01:29:58.448Z - GET /assets/jearsy.png
2026-08-08T01:29:58.450Z - GET /assets/bag.png
2026-08-08T01:29:58.452Z - GET /assets/mouse.png
2026-08-08T01:29:58.454Z - GET /assets/frame.png
2026-08-08T01:29:58.455Z - GET /assets/mat.png
2026-08-08T01:30:12.848Z - GET /careers/xfgh
2026-08-08T01:30:12.971Z - GET /@vite/client
2026-08-08T01:30:12.972Z - GET /index.tsx
2026-08-08T01:30:12.974Z - GET /@react-refresh
2026-08-08T01:30:13.133Z - GET /App.tsx
2026-08-08T01:30:13.134Z - GET /node_modules/vite/dist/client/env.mjs
2026-08-08T01:30:13.219Z - GET /pages/Home.tsx
2026-08-08T01:30:13.235Z - GET /pages/Information.tsx
2026-08-08T01:30:13.238Z - GET /pages/Careers.tsx
2026-08-08T01:30:13.240Z - GET /pages/News.tsx
2026-08-08T01:30:13.242Z - GET /pages/JobDetail.tsx
2026-08-08T01:30:13.244Z - GET /pages/Schedule.tsx
2026-08-08T01:30:13.246Z - GET /pages/About.tsx
2026-08-08T01:30:13.247Z - GET /src/admin/News.tsx
2026-08-08T01:30:13.248Z - GET /src/admin/Teams.tsx
2026-08-08T01:30:13.250Z - GET /src/admin/LoginPage.tsx
2026-08-08T01:30:13.252Z - GET /src/admin/Dashboard.tsx
2026-08-08T01:30:13.253Z - GET /src/admin/Subscribers.tsx
2026-08-08T01:30:13.254Z - GET /src/admin/Settings.tsx
2026-08-08T01:30:13.256Z - GET /src/admin/Leadership.tsx
2026-08-08T01:30:13.257Z - GET /pages/Socials.tsx
2026-08-08T01:30:13.259Z - GET /pages/EventDetail.tsx
2026-08-08T01:30:13.260Z - GET /src/admin/Partners.tsx
2026-08-08T01:30:13.262Z - GET /pages/Teams.tsx
2026-08-08T01:30:13.265Z - GET /src/admin/Users.tsx
2026-08-08T01:30:13.266Z - GET /components/NewsletterPopup.tsx
2026-08-08T01:30:13.268Z - GET /src/admin/Schedule.tsx
2026-08-08T01:30:13.269Z - GET /src/admin/Jobs.tsx
2026-08-08T01:30:13.271Z - GET /src/admin/Creators.tsx
2026-08-08T01:30:13.272Z - GET /src/admin/Gallery.tsx
2026-08-08T01:30:13.274Z - GET /src/admin/AdminLayout.tsx
2026-08-08T01:30:13.276Z - GET /pages/PlayerProfile.tsx
2026-08-08T01:30:13.278Z - GET /src/components/AnnouncementBar.tsx
2026-08-08T01:30:13.280Z - GET /constants.tsx
2026-08-08T01:30:13.281Z - GET /src/context/SettingsContext.tsx
2026-08-08T01:30:13.283Z - GET /components/GlobalSearch.tsx
2026-08-08T01:30:13.284Z - GET /pages/NewsDetail.tsx
2026-08-08T01:30:13.286Z - GET /components/SocialFollowerIcon.tsx
2026-08-08T01:30:13.297Z - GET /components/ui/ArenaButton.tsx
2026-08-08T01:30:13.298Z - GET /components/SEOMeta.tsx
2026-08-08T01:30:13.317Z - GET /src/utils/json.ts
2026-08-08T01:30:13.318Z - GET /components/Breadcrumbs.tsx
2026-08-08T01:30:13.330Z - GET /src/admin/components/FormSection.tsx
2026-08-08T01:30:13.331Z - GET /src/components/ImageUploader.tsx
2026-08-08T01:30:13.333Z - GET /src/admin/components/Toast.tsx
2026-08-08T01:30:13.334Z - GET /src/components/ConfirmDeleteModal.tsx
2026-08-08T01:30:13.335Z - GET /src/lib/firebase.ts
2026-08-08T01:30:13.337Z - GET /src/admin/components/FormRepeater.tsx
2026-08-08T01:30:13.412Z - GET /firebase-applet-config.json?import
2026-08-08T01:30:13.518Z - GET /assets/Gk%20Logo.png
2026-08-08T01:30:13.536Z - GET /api/settings
2026-08-08T01:30:13.594Z - GET /assets/Gk%20Logo.png
2026-08-08T01:30:13.791Z - GET /api/settings
2026-08-08T01:30:19.832Z - POST /api/auth/check-user
2026-08-08T01:30:25.605Z - POST /api/auth/login
2026-08-08T01:30:26.257Z - GET /api/auth/me
2026-08-08T01:30:26.336Z - GET /api/auth/me
2026-08-08T01:30:26.341Z - GET /api/stats
2026-08-08T01:30:26.343Z - GET /assets/Gk%20Logo.png
2026-08-08T01:30:26.344Z - GET /api/health
2026-08-08T01:30:26.423Z - GET /api/health
2026-08-08T01:30:27.592Z - GET /api/stats
2026-08-08T01:30:27.597Z - GET /api/activity
2026-08-08T01:30:29.157Z - GET /api/activity
2026-08-08T01:30:46.697Z - GET /careers/xfgh
2026-08-08T01:30:46.798Z - GET /@vite/client
2026-08-08T01:30:46.799Z - GET /index.tsx
2026-08-08T01:30:46.812Z - GET /@react-refresh
2026-08-08T01:30:46.956Z - GET /App.tsx
2026-08-08T01:30:46.957Z - GET /node_modules/vite/dist/client/env.mjs
2026-08-08T01:30:47.103Z - GET /pages/Schedule.tsx
2026-08-08T01:30:47.105Z - GET /pages/About.tsx
2026-08-08T01:30:47.106Z - GET /pages/Teams.tsx
2026-08-08T01:30:47.107Z - GET /pages/Home.tsx
2026-08-08T01:30:47.109Z - GET /pages/Socials.tsx
2026-08-08T01:30:47.112Z - GET /src/admin/Settings.tsx
2026-08-08T01:30:47.113Z - GET /pages/News.tsx
2026-08-08T01:30:47.114Z - GET /src/admin/News.tsx
2026-08-08T01:30:47.116Z - GET /src/admin/Users.tsx
2026-08-08T01:30:47.117Z - GET /src/admin/Leadership.tsx
2026-08-08T01:30:47.119Z - GET /src/admin/Gallery.tsx
2026-08-08T01:30:47.120Z - GET /pages/NewsDetail.tsx
2026-08-08T01:30:47.121Z - GET /components/GlobalSearch.tsx
2026-08-08T01:30:47.123Z - GET /src/admin/Jobs.tsx
2026-08-08T01:30:47.123Z - GET /pages/Careers.tsx
2026-08-08T01:30:47.125Z - GET /src/admin/Partners.tsx
2026-08-08T01:30:47.126Z - GET /src/admin/Teams.tsx
2026-08-08T01:30:47.128Z - GET /src/admin/Schedule.tsx
2026-08-08T01:30:47.129Z - GET /src/components/AnnouncementBar.tsx
2026-08-08T01:30:47.130Z - GET /src/admin/Subscribers.tsx
2026-08-08T01:30:47.133Z - GET /components/SocialFollowerIcon.tsx
2026-08-08T01:30:47.135Z - GET /pages/Information.tsx
2026-08-08T01:30:47.137Z - GET /src/admin/AdminLayout.tsx
2026-08-08T01:30:47.140Z - GET /src/admin/Creators.tsx
2026-08-08T01:30:47.142Z - GET /src/admin/LoginPage.tsx
2026-08-08T01:30:47.144Z - GET /src/admin/Dashboard.tsx
2026-08-08T01:30:47.146Z - GET /components/NewsletterPopup.tsx
2026-08-08T01:30:47.147Z - GET /constants.tsx
2026-08-08T01:30:47.149Z - GET /pages/PlayerProfile.tsx
2026-08-08T01:30:47.150Z - GET /pages/JobDetail.tsx
2026-08-08T01:30:47.152Z - GET /src/context/SettingsContext.tsx
2026-08-08T01:30:47.155Z - GET /pages/EventDetail.tsx
2026-08-08T01:30:47.191Z - GET /src/utils/json.ts
2026-08-08T01:30:47.192Z - GET /components/Breadcrumbs.tsx
2026-08-08T01:30:47.194Z - GET /components/ui/ArenaButton.tsx
2026-08-08T01:30:47.195Z - GET /components/SEOMeta.tsx
2026-08-08T01:30:47.199Z - GET /src/components/ImageUploader.tsx
2026-08-08T01:30:47.201Z - GET /src/components/ConfirmDeleteModal.tsx
2026-08-08T01:30:47.201Z - GET /src/admin/components/Toast.tsx
2026-08-08T01:30:47.208Z - GET /src/admin/components/FormSection.tsx
2026-08-08T01:30:47.209Z - GET /src/admin/components/FormRepeater.tsx
2026-08-08T01:30:47.215Z - GET /src/lib/firebase.ts
2026-08-08T01:30:47.301Z - GET /firebase-applet-config.json?import
2026-08-08T01:30:47.393Z - GET /api/settings
2026-08-08T01:30:47.396Z - GET /api/auth/me
2026-08-08T01:30:47.423Z - GET /assets/Gk%20Logo.png
2026-08-08T01:30:47.472Z - GET /api/auth/me
2026-08-08T01:30:47.478Z - GET /api/stats
2026-08-08T01:30:47.481Z - GET /api/health
2026-08-08T01:30:47.501Z - GET /assets/Gk%20Logo.png
2026-08-08T01:30:47.556Z - GET /api/health
2026-08-08T01:30:47.732Z - GET /api/settings
2026-08-08T01:30:48.811Z - GET /api/stats
2026-08-08T01:30:48.814Z - GET /api/activity
2026-08-08T01:30:50.095Z - GET /api/activity
2026-08-08T01:30:50.473Z - POST /api/auth/logout
2026-08-08T01:30:53.867Z - POST /api/auth/check-user
2026-08-08T01:30:58.559Z - POST /api/auth/login
2026-08-08T01:30:58.912Z - GET /api/auth/me
2026-08-08T01:30:58.985Z - GET /api/auth/me
2026-08-08T01:30:58.990Z - GET /api/stats
2026-08-08T01:30:58.991Z - GET /api/health
2026-08-08T01:30:59.085Z - GET /api/health
2026-08-08T01:31:00.260Z - GET /api/stats
2026-08-08T01:31:00.263Z - GET /api/activity
2026-08-08T01:31:01.387Z - GET /api/activity
2026-08-08T01:31:01.997Z - GET /api/auth/me
2026-08-08T01:31:02.000Z - GET /api/users
2026-08-08T01:31:02.247Z - GET /api/users
2026-08-08T01:45:33.114Z - POST /api/users
2026-08-08T01:45:33.305Z - GET /api/users
2026-08-08T01:45:44.541Z - GET /careers/xfgh
2026-08-08T01:45:44.650Z - GET /@vite/client
2026-08-08T01:45:44.654Z - GET /@react-refresh
2026-08-08T01:45:44.655Z - GET /index.tsx
2026-08-08T01:45:44.805Z - GET /node_modules/vite/dist/client/env.mjs
2026-08-08T01:45:44.834Z - GET /App.tsx
2026-08-08T01:45:44.924Z - GET /pages/Home.tsx
2026-08-08T01:45:44.926Z - GET /pages/Teams.tsx
2026-08-08T01:45:44.928Z - GET /pages/Schedule.tsx
2026-08-08T01:45:44.929Z - GET /pages/About.tsx
2026-08-08T01:45:44.933Z - GET /pages/Careers.tsx
2026-08-08T01:45:44.940Z - GET /src/admin/AdminLayout.tsx
2026-08-08T01:45:44.942Z - GET /src/admin/Creators.tsx
2026-08-08T01:45:44.944Z - GET /src/admin/Teams.tsx
2026-08-08T01:45:44.947Z - GET /src/admin/LoginPage.tsx
2026-08-08T01:45:44.949Z - GET /components/NewsletterPopup.tsx
2026-08-08T01:45:44.951Z - GET /src/admin/Dashboard.tsx
2026-08-08T01:45:44.952Z - GET /components/SocialFollowerIcon.tsx
2026-08-08T01:45:44.954Z - GET /pages/Information.tsx
2026-08-08T01:45:44.955Z - GET /pages/JobDetail.tsx
2026-08-08T01:45:44.956Z - GET /src/admin/News.tsx
2026-08-08T01:45:44.958Z - GET /pages/EventDetail.tsx
2026-08-08T01:45:44.959Z - GET /pages/PlayerProfile.tsx
2026-08-08T01:45:44.961Z - GET /pages/News.tsx
2026-08-08T01:45:44.963Z - GET /pages/NewsDetail.tsx
2026-08-08T01:45:44.964Z - GET /components/GlobalSearch.tsx
2026-08-08T01:45:44.966Z - GET /src/admin/Users.tsx
2026-08-08T01:45:44.967Z - GET /src/admin/Subscribers.tsx
2026-08-08T01:45:44.970Z - GET /src/admin/Partners.tsx
2026-08-08T01:45:44.971Z - GET /src/admin/Leadership.tsx
2026-08-08T01:45:44.973Z - GET /src/admin/Settings.tsx
2026-08-08T01:45:44.975Z - GET /src/admin/Jobs.tsx
2026-08-08T01:45:44.977Z - GET /pages/Socials.tsx
2026-08-08T01:45:44.978Z - GET /constants.tsx
2026-08-08T01:45:44.980Z - GET /src/admin/Schedule.tsx
2026-08-08T01:45:44.982Z - GET /src/admin/Gallery.tsx
2026-08-08T01:45:44.984Z - GET /src/context/SettingsContext.tsx
2026-08-08T01:45:44.985Z - GET /src/components/AnnouncementBar.tsx
2026-08-08T01:45:45.080Z - GET /src/lib/firebase.ts
2026-08-08T01:45:45.082Z - GET /components/ui/ArenaButton.tsx
2026-08-08T01:45:45.083Z - GET /components/Breadcrumbs.tsx
2026-08-08T01:45:45.085Z - GET /src/admin/components/Toast.tsx
2026-08-08T01:45:45.087Z - GET /src/admin/components/FormSection.tsx
2026-08-08T01:45:45.089Z - GET /src/components/ImageUploader.tsx
2026-08-08T01:45:45.091Z - GET /src/utils/json.ts
2026-08-08T01:45:45.092Z - GET /src/admin/components/FormRepeater.tsx
2026-08-08T01:45:45.095Z - GET /src/components/ConfirmDeleteModal.tsx
2026-08-08T01:45:45.096Z - GET /components/SEOMeta.tsx
2026-08-08T01:45:45.158Z - GET /firebase-applet-config.json?import
2026-08-08T01:45:45.271Z - GET /api/settings
2026-08-08T01:45:45.273Z - GET /api/auth/me
2026-08-08T01:45:45.279Z - GET /assets/Gk%20Logo.png
2026-08-08T01:45:45.348Z - GET /api/auth/me
2026-08-08T01:45:45.357Z - GET /assets/Gk%20Logo.png
2026-08-08T01:45:45.377Z - GET /api/users
2026-08-08T01:45:45.520Z - GET /api/settings
2026-08-08T01:45:45.869Z - GET /api/users
2026-08-08T01:47:13.348Z - GET /
2026-08-08T01:47:13.443Z - GET /index.tsx
2026-08-08T01:47:13.444Z - GET /@vite/client
2026-08-08T01:47:13.451Z - GET /@react-refresh
2026-08-08T01:47:13.604Z - GET /App.tsx
2026-08-08T01:47:13.605Z - GET /node_modules/vite/dist/client/env.mjs
2026-08-08T01:47:13.692Z - GET /pages/Schedule.tsx
2026-08-08T01:47:13.695Z - GET /pages/Teams.tsx
2026-08-08T01:47:13.713Z - GET /pages/Home.tsx
2026-08-08T01:47:13.717Z - GET /pages/Information.tsx
2026-08-08T01:47:13.718Z - GET /src/admin/Schedule.tsx
2026-08-08T01:47:13.720Z - GET /pages/Careers.tsx
2026-08-08T01:47:13.722Z - GET /src/admin/Creators.tsx
2026-08-08T01:47:13.723Z - GET /pages/JobDetail.tsx
2026-08-08T01:47:13.724Z - GET /components/GlobalSearch.tsx
2026-08-08T01:47:13.726Z - GET /src/admin/Teams.tsx
2026-08-08T01:47:13.728Z - GET /src/admin/Jobs.tsx
2026-08-08T01:47:13.729Z - GET /pages/News.tsx
2026-08-08T01:47:13.731Z - GET /src/admin/Gallery.tsx
2026-08-08T01:47:13.733Z - GET /src/admin/Subscribers.tsx
2026-08-08T01:47:13.735Z - GET /pages/Socials.tsx
2026-08-08T01:47:13.737Z - GET /src/admin/AdminLayout.tsx
2026-08-08T01:47:13.738Z - GET /pages/About.tsx
2026-08-08T01:47:13.740Z - GET /src/components/AnnouncementBar.tsx
2026-08-08T01:47:13.741Z - GET /src/admin/Settings.tsx
2026-08-08T01:47:13.744Z - GET /src/admin/Partners.tsx
2026-08-08T01:47:13.746Z - GET /pages/NewsDetail.tsx
2026-08-08T01:47:13.747Z - GET /pages/EventDetail.tsx
2026-08-08T01:47:13.748Z - GET /src/admin/Users.tsx
2026-08-08T01:47:13.750Z - GET /components/NewsletterPopup.tsx
2026-08-08T01:47:13.752Z - GET /src/admin/Dashboard.tsx
2026-08-08T01:47:13.753Z - GET /constants.tsx
2026-08-08T01:47:13.754Z - GET /src/admin/Leadership.tsx
2026-08-08T01:47:13.756Z - GET /src/admin/LoginPage.tsx
2026-08-08T01:47:13.758Z - GET /src/admin/News.tsx
2026-08-08T01:47:13.760Z - GET /components/SocialFollowerIcon.tsx
2026-08-08T01:47:13.761Z - GET /src/context/SettingsContext.tsx
2026-08-08T01:47:13.763Z - GET /pages/PlayerProfile.tsx
2026-08-08T01:47:13.780Z - GET /components/SEOMeta.tsx
2026-08-08T01:47:13.783Z - GET /components/Breadcrumbs.tsx
2026-08-08T01:47:13.785Z - GET /src/utils/json.ts
2026-08-08T01:47:13.803Z - GET /components/ui/ArenaButton.tsx
2026-08-08T01:47:13.806Z - GET /src/admin/components/FormSection.tsx
2026-08-08T01:47:13.807Z - GET /src/components/ImageUploader.tsx
2026-08-08T01:47:13.808Z - GET /src/components/ConfirmDeleteModal.tsx
2026-08-08T01:47:13.810Z - GET /src/admin/components/FormRepeater.tsx
2026-08-08T01:47:13.814Z - GET /src/admin/components/Toast.tsx
2026-08-08T01:47:13.821Z - GET /src/lib/firebase.ts
2026-08-08T01:47:13.898Z - GET /firebase-applet-config.json?import
2026-08-08T01:47:14.234Z - GET /api/auth/me
2026-08-08T01:47:14.238Z - GET /api/settings
2026-08-08T01:47:14.311Z - GET /api/auth/me
2026-08-08T01:47:14.315Z - GET /assets/Gk%20Logo.png
2026-08-08T01:47:14.317Z - GET /api/health
2026-08-08T01:47:14.319Z - GET /api/stats
2026-08-08T01:47:14.403Z - GET /api/health
2026-08-08T01:47:14.772Z - GET /api/settings
2026-08-08T01:47:16.363Z - GET /api/stats
2026-08-08T01:47:16.366Z - GET /api/activity
2026-08-08T01:47:17.637Z - GET /api/activity
2026-08-08T01:47:18.319Z - GET /api/auth/me
2026-08-08T01:47:18.321Z - GET /api/users
2026-08-08T01:47:18.552Z - GET /api/users
2026-08-08T01:51:14.280Z - POST /api/auth/check-user
2026-08-08T01:51:14.288Z - POST /api/auth/login
2026-08-08T01:51:14.396Z - POST /api/auth/check-user
2026-08-08T01:51:14.400Z - POST /api/auth/login
2026-08-08T01:51:14.609Z - POST /api/auth/check-user
2026-08-08T01:51:14.792Z - POST /api/auth/login
2026-08-08T01:51:36.546Z - POST /api/auth/check-user
2026-08-08T01:51:36.557Z - POST /api/auth/login
2026-08-08T01:51:36.685Z - POST /api/auth/check-user
2026-08-08T01:51:36.694Z - POST /api/auth/login
2026-08-08T01:51:36.799Z - POST /api/auth/check-user
2026-08-08T01:51:37.015Z - POST /api/auth/login
2026-08-08T01:51:56.250Z - POST /api/auth/check-user
2026-08-08T01:51:56.258Z - POST /api/auth/login
2026-08-08T01:51:56.369Z - POST /api/auth/check-user
2026-08-08T01:51:56.372Z - POST /api/auth/login
2026-08-08T01:51:56.487Z - POST /api/auth/check-user
2026-08-08T01:51:56.912Z - POST /api/auth/login
2026-08-08T01:52:05.654Z - GET /
2026-08-08T01:52:11.094Z - GET /
2026-08-08T01:52:11.631Z - GET /@vite/client
2026-08-08T01:52:11.634Z - GET /index.tsx
2026-08-08T01:52:11.638Z - GET /@react-refresh
2026-08-08T01:52:11.843Z - GET /App.tsx
2026-08-08T01:52:11.847Z - GET /node_modules/vite/dist/client/env.mjs
2026-08-08T01:52:13.028Z - GET /pages/Home.tsx
2026-08-08T01:52:13.062Z - GET /pages/Teams.tsx
2026-08-08T01:52:13.080Z - GET /pages/About.tsx
2026-08-08T01:52:13.156Z - GET /src/admin/News.tsx
2026-08-08T01:52:13.187Z - GET /pages/NewsDetail.tsx
2026-08-08T01:52:13.228Z - GET /src/admin/Subscribers.tsx
2026-08-08T01:52:13.241Z - GET /src/admin/Users.tsx
2026-08-08T01:52:13.266Z - GET /pages/Socials.tsx
2026-08-08T01:52:13.269Z - GET /pages/Schedule.tsx
2026-08-08T01:52:13.295Z - GET /src/admin/Gallery.tsx
2026-08-08T01:52:13.297Z - GET /src/admin/Settings.tsx
2026-08-08T01:52:13.299Z - GET /src/admin/Leadership.tsx
2026-08-08T01:52:13.307Z - GET /pages/News.tsx
2026-08-08T01:52:13.310Z - GET /src/admin/Schedule.tsx
2026-08-08T01:52:13.312Z - GET /src/admin/Dashboard.tsx
2026-08-08T01:52:13.314Z - GET /src/admin/Jobs.tsx
2026-08-08T01:52:13.315Z - GET /src/admin/Teams.tsx
2026-08-08T01:52:13.316Z - GET /pages/JobDetail.tsx
2026-08-08T01:52:13.317Z - GET /src/admin/AdminLayout.tsx
2026-08-08T01:52:13.319Z - GET /pages/Information.tsx
2026-08-08T01:52:13.320Z - GET /src/admin/LoginPage.tsx
2026-08-08T01:52:13.322Z - GET /src/admin/Creators.tsx
2026-08-08T01:52:13.323Z - GET /src/context/SettingsContext.tsx
2026-08-08T01:52:13.324Z - GET /components/NewsletterPopup.tsx
2026-08-08T01:52:13.325Z - GET /constants.tsx
2026-08-08T01:52:13.327Z - GET /components/GlobalSearch.tsx
2026-08-08T01:52:13.329Z - GET /src/admin/Partners.tsx
2026-08-08T01:52:13.330Z - GET /src/components/AnnouncementBar.tsx
2026-08-08T01:52:13.332Z - GET /pages/PlayerProfile.tsx
2026-08-08T01:52:13.333Z - GET /components/SocialFollowerIcon.tsx
2026-08-08T01:52:13.335Z - GET /pages/Careers.tsx
2026-08-08T01:52:13.336Z - GET /pages/EventDetail.tsx
2026-08-08T01:52:13.338Z - GET /components/SEOMeta.tsx
2026-08-08T01:52:13.339Z - GET /components/ui/ArenaButton.tsx
2026-08-08T01:52:13.344Z - GET /components/Breadcrumbs.tsx
2026-08-08T01:52:13.347Z - GET /src/utils/json.ts
2026-08-08T01:52:13.349Z - GET /src/components/ConfirmDeleteModal.tsx
2026-08-08T01:52:13.351Z - GET /src/components/ImageUploader.tsx
2026-08-08T01:52:13.353Z - GET /src/admin/components/Toast.tsx
2026-08-08T01:52:13.354Z - GET /src/lib/firebase.ts
2026-08-08T01:52:14.139Z - GET /src/admin/components/FormRepeater.tsx
2026-08-08T01:52:14.142Z - GET /src/admin/components/FormSection.tsx
2026-08-08T01:52:14.148Z - GET /firebase-applet-config.json?import
2026-08-08T01:52:14.255Z - GET /assets/Gk%20Logo.png
2026-08-08T01:52:14.495Z - GET /api/events
2026-08-08T01:52:14.509Z - GET /api/news
2026-08-08T01:52:14.512Z - GET /api/settings
2026-08-08T01:52:14.515Z - GET /api/stats
2026-08-08T01:52:14.519Z - GET /api/teams
2026-08-08T01:52:14.776Z - GET /api/events
2026-08-08T01:52:14.779Z - GET /api/news
2026-08-08T01:52:14.783Z - GET /api/settings
2026-08-08T01:52:15.039Z - GET /api/teams
2026-08-08T01:52:15.825Z - GET /api/stats
2026-08-08T01:52:17.122Z - GET /assets/jearsy.png
2026-08-08T01:52:17.127Z - GET /assets/mouse.png
2026-08-08T01:52:17.128Z - GET /assets/frame.png
2026-08-08T01:52:17.130Z - GET /assets/mat.png
2026-08-08T01:52:17.131Z - GET /assets/bag.png
2026-08-08T01:53:23.294Z - GET /careers/xfgh
2026-08-08T01:53:23.399Z - GET /@vite/client
2026-08-08T01:53:23.405Z - GET /@react-refresh
2026-08-08T01:53:23.407Z - GET /index.tsx
2026-08-08T01:53:23.560Z - GET /node_modules/vite/dist/client/env.mjs
2026-08-08T01:53:23.562Z - GET /App.tsx
2026-08-08T01:53:23.640Z - GET /pages/Home.tsx
2026-08-08T01:53:23.644Z - GET /pages/Schedule.tsx
2026-08-08T01:53:23.658Z - GET /pages/Teams.tsx
2026-08-08T01:53:23.661Z - GET /pages/EventDetail.tsx
2026-08-08T01:53:23.663Z - GET /components/NewsletterPopup.tsx
2026-08-08T01:53:23.666Z - GET /pages/PlayerProfile.tsx
2026-08-08T01:53:23.668Z - GET /src/admin/News.tsx
2026-08-08T01:53:23.670Z - GET /src/admin/Users.tsx
2026-08-08T01:53:23.672Z - GET /pages/Socials.tsx
2026-08-08T01:53:23.675Z - GET /src/admin/Settings.tsx
2026-08-08T01:53:23.678Z - GET /src/admin/Jobs.tsx
2026-08-08T01:53:23.679Z - GET /src/admin/Leadership.tsx
2026-08-08T01:53:23.682Z - GET /src/admin/Subscribers.tsx
2026-08-08T01:53:23.684Z - GET /src/admin/Creators.tsx
2026-08-08T01:53:23.686Z - GET /src/admin/Teams.tsx
2026-08-08T01:53:23.688Z - GET /pages/NewsDetail.tsx
2026-08-08T01:53:23.690Z - GET /pages/News.tsx
2026-08-08T01:53:23.693Z - GET /src/admin/Dashboard.tsx
2026-08-08T01:53:23.696Z - GET /src/admin/AdminLayout.tsx
2026-08-08T01:53:23.698Z - GET /src/admin/Gallery.tsx
2026-08-08T01:53:23.700Z - GET /pages/JobDetail.tsx
2026-08-08T01:53:23.702Z - GET /src/admin/LoginPage.tsx
2026-08-08T01:53:23.705Z - GET /pages/About.tsx
2026-08-08T01:53:23.707Z - GET /src/admin/Schedule.tsx
2026-08-08T01:53:23.709Z - GET /components/SocialFollowerIcon.tsx
2026-08-08T01:53:23.711Z - GET /src/components/AnnouncementBar.tsx
2026-08-08T01:53:23.714Z - GET /constants.tsx
2026-08-08T01:53:23.716Z - GET /pages/Information.tsx
2026-08-08T01:53:23.718Z - GET /pages/Careers.tsx
2026-08-08T01:53:23.719Z - GET /src/admin/Partners.tsx
2026-08-08T01:53:23.721Z - GET /src/context/SettingsContext.tsx
2026-08-08T01:53:23.723Z - GET /components/GlobalSearch.tsx
2026-08-08T01:53:23.727Z - GET /src/utils/json.ts
2026-08-08T01:53:23.728Z - GET /components/SEOMeta.tsx
2026-08-08T01:53:23.730Z - GET /components/Breadcrumbs.tsx
2026-08-08T01:53:23.732Z - GET /components/ui/ArenaButton.tsx
2026-08-08T01:53:23.738Z - GET /src/lib/firebase.ts
2026-08-08T01:53:23.745Z - GET /src/components/ImageUploader.tsx
2026-08-08T01:53:23.747Z - GET /src/components/ConfirmDeleteModal.tsx
2026-08-08T01:53:23.750Z - GET /src/admin/components/Toast.tsx
2026-08-08T01:53:23.761Z - GET /src/admin/components/FormSection.tsx
2026-08-08T01:53:23.764Z - GET /src/admin/components/FormRepeater.tsx
2026-08-08T01:53:23.815Z - GET /firebase-applet-config.json?import
2026-08-08T01:53:23.916Z - GET /api/auth/me
2026-08-08T01:53:23.921Z - GET /api/settings
2026-08-08T01:53:23.931Z - GET /assets/Gk%20Logo.png
2026-08-08T01:53:24.050Z - GET /api/auth/me
2026-08-08T01:53:24.053Z - GET /api/users
2026-08-08T01:53:24.056Z - GET /assets/Gk%20Logo.png
2026-08-08T01:53:24.188Z - GET /api/settings
2026-08-08T01:53:24.554Z - GET /api/users
2026-08-08T01:53:42.813Z - POST /api/auth/logout
2026-08-08T01:53:49.765Z - POST /api/auth/check-user
2026-08-08T01:53:51.389Z - POST /api/auth/check-user
2026-08-08T01:53:54.117Z - POST /api/auth/login
2026-08-08T01:53:55.408Z - POST /api/auth/login
2026-08-08T01:53:59.567Z - POST /api/auth/login
2026-08-08T01:54:11.374Z - POST /api/auth/check-user
2026-08-08T01:54:16.467Z - POST /api/auth/login
2026-08-08T01:54:50.188Z - POST /api/auth/check-user
2026-08-08T01:54:50.196Z - POST /api/auth/login
2026-08-08T01:54:50.326Z - POST /api/auth/check-user
2026-08-08T01:54:50.331Z - POST /api/auth/login
2026-08-08T01:54:50.436Z - POST /api/auth/check-user
2026-08-08T01:54:50.439Z - POST /api/auth/login
2026-08-08T01:54:50.549Z - POST /api/auth/check-user
2026-08-08T01:54:50.740Z - POST /api/auth/login
2026-08-08T01:54:51.010Z - POST /api/auth/check-user
2026-08-08T01:54:51.169Z - POST /api/auth/login
2026-08-08T01:55:23.298Z - GET /
2026-08-08T01:55:26.619Z - GET /
2026-08-08T01:55:27.154Z - GET /@vite/client
2026-08-08T01:55:27.157Z - GET /index.tsx
2026-08-08T01:55:27.159Z - GET /@react-refresh
2026-08-08T01:55:27.346Z - GET /node_modules/vite/dist/client/env.mjs
2026-08-08T01:55:27.350Z - GET /App.tsx
2026-08-08T01:55:28.470Z - GET /pages/Home.tsx
2026-08-08T01:55:28.477Z - GET /pages/Schedule.tsx
2026-08-08T01:55:28.546Z - GET /pages/Teams.tsx
2026-08-08T01:55:28.607Z - GET /pages/About.tsx
2026-08-08T01:55:28.615Z - GET /pages/Careers.tsx
2026-08-08T01:55:28.621Z - GET /pages/JobDetail.tsx
2026-08-08T01:55:28.650Z - GET /pages/Information.tsx
2026-08-08T01:55:28.678Z - GET /src/admin/AdminLayout.tsx
2026-08-08T01:55:28.702Z - GET /src/admin/LoginPage.tsx
2026-08-08T01:55:28.706Z - GET /components/SocialFollowerIcon.tsx
2026-08-08T01:55:28.709Z - GET /pages/NewsDetail.tsx
2026-08-08T01:55:28.718Z - GET /src/admin/Partners.tsx
2026-08-08T01:55:28.721Z - GET /src/admin/Users.tsx
2026-08-08T01:55:28.726Z - GET /src/admin/News.tsx
2026-08-08T01:55:28.727Z - GET /src/admin/Schedule.tsx
2026-08-08T01:55:28.728Z - GET /pages/News.tsx
2026-08-08T01:55:28.730Z - GET /src/admin/Subscribers.tsx
2026-08-08T01:55:28.731Z - GET /src/admin/Leadership.tsx
2026-08-08T01:55:28.732Z - GET /src/admin/Gallery.tsx
2026-08-08T01:55:28.733Z - GET /pages/Socials.tsx
2026-08-08T01:55:28.735Z - GET /constants.tsx
2026-08-08T01:55:28.737Z - GET /components/NewsletterPopup.tsx
2026-08-08T01:55:28.739Z - GET /src/admin/Jobs.tsx
2026-08-08T01:55:28.740Z - GET /pages/PlayerProfile.tsx
2026-08-08T01:55:28.741Z - GET /src/admin/Settings.tsx
2026-08-08T01:55:28.742Z - GET /src/admin/Teams.tsx
2026-08-08T01:55:28.744Z - GET /src/context/SettingsContext.tsx
2026-08-08T01:55:28.745Z - GET /src/components/AnnouncementBar.tsx
2026-08-08T01:55:28.746Z - GET /components/GlobalSearch.tsx
2026-08-08T01:55:28.747Z - GET /pages/EventDetail.tsx
2026-08-08T01:55:28.749Z - GET /src/admin/Dashboard.tsx
2026-08-08T01:55:28.750Z - GET /src/admin/Creators.tsx
2026-08-08T01:55:28.751Z - GET /components/SEOMeta.tsx
2026-08-08T01:55:28.753Z - GET /components/ui/ArenaButton.tsx
2026-08-08T01:55:28.755Z - GET /components/Breadcrumbs.tsx
2026-08-08T01:55:28.757Z - GET /src/utils/json.ts
2026-08-08T01:55:28.793Z - GET /src/components/ConfirmDeleteModal.tsx
2026-08-08T01:55:28.808Z - GET /src/components/ImageUploader.tsx
2026-08-08T01:55:28.810Z - GET /src/admin/components/FormSection.tsx
2026-08-08T01:55:28.811Z - GET /src/admin/components/Toast.tsx
2026-08-08T01:55:28.813Z - GET /src/admin/components/FormRepeater.tsx
2026-08-08T01:55:28.815Z - GET /src/lib/firebase.ts
2026-08-08T01:55:28.890Z - GET /firebase-applet-config.json?import
2026-08-08T01:55:29.019Z - GET /assets/Gk%20Logo.png
2026-08-08T01:55:29.148Z - GET /api/events
2026-08-08T01:55:29.163Z - GET /api/settings
2026-08-08T01:55:29.165Z - GET /api/teams
2026-08-08T01:55:29.168Z - GET /api/news
2026-08-08T01:55:29.172Z - GET /api/stats
2026-08-08T01:55:29.475Z - GET /api/news
2026-08-08T01:55:29.484Z - GET /api/events
2026-08-08T01:55:29.491Z - GET /api/settings
2026-08-08T01:55:29.494Z - GET /api/teams
2026-08-08T01:55:30.487Z - GET /api/stats
2026-08-08T01:55:31.538Z - GET /assets/frame.png
2026-08-08T01:55:31.539Z - GET /assets/jearsy.png
2026-08-08T01:55:31.541Z - GET /assets/mouse.png
2026-08-08T01:55:31.543Z - GET /assets/mat.png
2026-08-08T01:55:31.545Z - GET /assets/bag.png
2026-08-08T01:55:44.641Z - POST /api/auth/login
2026-08-08T01:55:50.063Z - POST /api/auth/login
2026-08-08T01:55:50.443Z - GET /api/auth/me
2026-08-08T01:55:50.525Z - GET /api/auth/me
2026-08-08T01:55:50.529Z - GET /api/stats
2026-08-08T01:55:50.532Z - GET /api/health
2026-08-08T01:55:50.617Z - GET /api/health
2026-08-08T01:55:51.814Z - GET /api/stats
2026-08-08T01:55:51.818Z - GET /api/activity
2026-08-08T01:55:52.215Z - GET /api/auth/me
2026-08-08T01:55:52.218Z - GET /api/users
2026-08-08T01:55:52.292Z - GET /api/users
2026-08-08T01:55:52.825Z - GET /api/activity
2026-08-08T01:56:01.073Z - GET /careers/xfgh
2026-08-08T01:56:01.184Z - GET /@vite/client
2026-08-08T01:56:01.189Z - GET /@react-refresh
2026-08-08T01:56:01.192Z - GET /index.tsx
2026-08-08T01:56:01.347Z - GET /node_modules/vite/dist/client/env.mjs
2026-08-08T01:56:01.349Z - GET /App.tsx
2026-08-08T01:56:01.427Z - GET /pages/Home.tsx
2026-08-08T01:56:01.431Z - GET /pages/Schedule.tsx
2026-08-08T01:56:01.434Z - GET /pages/Teams.tsx
2026-08-08T01:56:01.437Z - GET /pages/About.tsx
2026-08-08T01:56:01.445Z - GET /src/admin/News.tsx
2026-08-08T01:56:01.448Z - GET /src/admin/Subscribers.tsx
2026-08-08T01:56:01.450Z - GET /pages/News.tsx
2026-08-08T01:56:01.453Z - GET /src/admin/Settings.tsx
2026-08-08T01:56:01.456Z - GET /pages/EventDetail.tsx
2026-08-08T01:56:01.458Z - GET /src/admin/Jobs.tsx
2026-08-08T01:56:01.459Z - GET /src/admin/Schedule.tsx
2026-08-08T01:56:01.461Z - GET /src/admin/Users.tsx
2026-08-08T01:56:01.463Z - GET /src/admin/Teams.tsx
2026-08-08T01:56:01.465Z - GET /src/admin/Partners.tsx
2026-08-08T01:56:01.466Z - GET /pages/Information.tsx
2026-08-08T01:56:01.468Z - GET /src/admin/Gallery.tsx
2026-08-08T01:56:01.470Z - GET /src/admin/AdminLayout.tsx
2026-08-08T01:56:01.472Z - GET /src/admin/LoginPage.tsx
2026-08-08T01:56:01.473Z - GET /pages/Careers.tsx
2026-08-08T01:56:01.475Z - GET /pages/JobDetail.tsx
2026-08-08T01:56:01.476Z - GET /src/admin/Dashboard.tsx
2026-08-08T01:56:01.478Z - GET /src/admin/Creators.tsx
2026-08-08T01:56:01.481Z - GET /src/context/SettingsContext.tsx
2026-08-08T01:56:01.483Z - GET /components/GlobalSearch.tsx
2026-08-08T01:56:01.485Z - GET /components/SocialFollowerIcon.tsx
2026-08-08T01:56:01.488Z - GET /constants.tsx
2026-08-08T01:56:01.490Z - GET /src/components/AnnouncementBar.tsx
2026-08-08T01:56:01.491Z - GET /src/admin/Leadership.tsx
2026-08-08T01:56:01.492Z - GET /pages/PlayerProfile.tsx
2026-08-08T01:56:01.494Z - GET /pages/NewsDetail.tsx
2026-08-08T01:56:01.495Z - GET /pages/Socials.tsx
2026-08-08T01:56:01.497Z - GET /components/NewsletterPopup.tsx
2026-08-08T01:56:01.506Z - GET /components/SEOMeta.tsx
2026-08-08T01:56:01.507Z - GET /components/ui/ArenaButton.tsx
2026-08-08T01:56:01.509Z - GET /components/Breadcrumbs.tsx
2026-08-08T01:56:01.511Z - GET /src/utils/json.ts
2026-08-08T01:56:01.521Z - GET /src/lib/firebase.ts
2026-08-08T01:56:01.524Z - GET /src/admin/components/Toast.tsx
2026-08-08T01:56:01.526Z - GET /src/components/ConfirmDeleteModal.tsx
2026-08-08T01:56:01.527Z - GET /src/components/ImageUploader.tsx
2026-08-08T01:56:01.536Z - GET /src/admin/components/FormSection.tsx
2026-08-08T01:56:01.539Z - GET /src/admin/components/FormRepeater.tsx
2026-08-08T01:56:01.594Z - GET /firebase-applet-config.json?import
2026-08-08T01:56:01.687Z - GET /api/auth/me
2026-08-08T01:56:01.690Z - GET /api/settings
2026-08-08T01:56:01.695Z - GET /assets/Gk%20Logo.png
2026-08-08T01:56:01.761Z - GET /api/auth/me
2026-08-08T01:56:01.769Z - GET /assets/Gk%20Logo.png
2026-08-08T01:56:01.790Z - GET /api/users
2026-08-08T01:56:01.862Z - GET /api/users
2026-08-08T01:56:02.028Z - GET /api/settings
2026-08-08T01:57:36.596Z - GET /careers/xfgh
2026-08-08T01:57:36.698Z - GET /@vite/client
2026-08-08T01:57:36.701Z - GET /@react-refresh
2026-08-08T01:57:36.702Z - GET /index.tsx
2026-08-08T01:57:36.855Z - GET /node_modules/vite/dist/client/env.mjs
2026-08-08T01:57:36.857Z - GET /App.tsx
2026-08-08T01:57:36.937Z - GET /pages/Home.tsx
2026-08-08T01:57:36.938Z - GET /pages/Schedule.tsx
2026-08-08T01:57:36.941Z - GET /pages/Teams.tsx
2026-08-08T01:57:36.943Z - GET /pages/Careers.tsx
2026-08-08T01:57:36.944Z - GET /pages/About.tsx
2026-08-08T01:57:36.946Z - GET /src/admin/Dashboard.tsx
2026-08-08T01:57:36.947Z - GET /src/admin/AdminLayout.tsx
2026-08-08T01:57:36.950Z - GET /pages/Information.tsx
2026-08-08T01:57:36.951Z - GET /src/admin/Partners.tsx
2026-08-08T01:57:36.954Z - GET /src/admin/Jobs.tsx
2026-08-08T01:57:36.955Z - GET /src/admin/Gallery.tsx
2026-08-08T01:57:36.956Z - GET /pages/JobDetail.tsx
2026-08-08T01:57:36.958Z - GET /src/admin/Schedule.tsx
2026-08-08T01:57:36.959Z - GET /src/admin/LoginPage.tsx
2026-08-08T01:57:36.960Z - GET /src/admin/Teams.tsx
2026-08-08T01:57:36.961Z - GET /src/admin/Creators.tsx
2026-08-08T01:57:36.963Z - GET /pages/NewsDetail.tsx
2026-08-08T01:57:36.964Z - GET /pages/Socials.tsx
2026-08-08T01:57:36.966Z - GET /src/admin/Users.tsx
2026-08-08T01:57:36.967Z - GET /constants.tsx
2026-08-08T01:57:36.968Z - GET /src/admin/News.tsx
2026-08-08T01:57:36.969Z - GET /pages/News.tsx
2026-08-08T01:57:36.971Z - GET /src/admin/Settings.tsx
2026-08-08T01:57:36.972Z - GET /src/context/SettingsContext.tsx
2026-08-08T01:57:36.973Z - GET /src/admin/Subscribers.tsx
2026-08-08T01:57:36.975Z - GET /src/admin/Leadership.tsx
2026-08-08T01:57:36.976Z - GET /pages/EventDetail.tsx
2026-08-08T01:57:36.978Z - GET /src/components/AnnouncementBar.tsx
2026-08-08T01:57:36.979Z - GET /components/NewsletterPopup.tsx
2026-08-08T01:57:36.981Z - GET /components/GlobalSearch.tsx
2026-08-08T01:57:36.982Z - GET /pages/PlayerProfile.tsx
2026-08-08T01:57:36.983Z - GET /components/SocialFollowerIcon.tsx
2026-08-08T01:57:37.095Z - GET /components/SEOMeta.tsx
2026-08-08T01:57:37.097Z - GET /src/lib/firebase.ts
2026-08-08T01:57:37.098Z - GET /components/Breadcrumbs.tsx
2026-08-08T01:57:37.100Z - GET /src/components/ConfirmDeleteModal.tsx
2026-08-08T01:57:37.102Z - GET /components/ui/ArenaButton.tsx
2026-08-08T01:57:37.104Z - GET /src/admin/components/FormSection.tsx
2026-08-08T01:57:37.105Z - GET /src/utils/json.ts
2026-08-08T01:57:37.106Z - GET /src/admin/components/FormRepeater.tsx
2026-08-08T01:57:37.107Z - GET /src/components/ImageUploader.tsx
2026-08-08T01:57:37.109Z - GET /src/admin/components/Toast.tsx
2026-08-08T01:57:37.173Z - GET /firebase-applet-config.json?import
2026-08-08T01:57:37.267Z - GET /api/auth/me
2026-08-08T01:57:37.269Z - GET /api/settings
2026-08-08T01:57:37.304Z - GET /assets/Gk%20Logo.png
2026-08-08T01:57:37.340Z - GET /api/auth/me
2026-08-08T01:57:37.364Z - GET /api/users
2026-08-08T01:57:37.382Z - GET /assets/Gk%20Logo.png
2026-08-08T01:57:37.439Z - GET /api/users
2026-08-08T01:57:37.553Z - GET /api/settings
2026-08-08T01:58:08.452Z - POST /api/users
2026-08-08T01:58:12.656Z - POST /api/users
2026-08-08T02:00:38.795Z - POST /api/auth/login
2026-08-08T02:00:38.922Z - GET /api/users
2026-08-08T02:00:47.125Z - GET /
2026-08-08T02:00:54.311Z - GET /
2026-08-08T02:00:54.821Z - GET /@vite/client
2026-08-08T02:00:54.834Z - GET /index.tsx
2026-08-08T02:00:54.836Z - GET /@react-refresh
2026-08-08T02:00:55.031Z - GET /App.tsx
2026-08-08T02:00:55.035Z - GET /node_modules/vite/dist/client/env.mjs
2026-08-08T02:00:56.263Z - GET /pages/Home.tsx
2026-08-08T02:00:56.271Z - GET /pages/Teams.tsx
2026-08-08T02:00:56.344Z - GET /pages/Schedule.tsx
2026-08-08T02:00:56.395Z - GET /pages/NewsDetail.tsx
2026-08-08T02:00:56.399Z - GET /components/SocialFollowerIcon.tsx
2026-08-08T02:00:56.405Z - GET /src/admin/News.tsx
2026-08-08T02:00:56.439Z - GET /pages/Socials.tsx
2026-08-08T02:00:56.470Z - GET /src/admin/Settings.tsx
2026-08-08T02:00:56.498Z - GET /pages/News.tsx
2026-08-08T02:00:56.500Z - GET /src/admin/Leadership.tsx
2026-08-08T02:00:56.502Z - GET /src/admin/Schedule.tsx
2026-08-08T02:00:56.511Z - GET /src/admin/Users.tsx
2026-08-08T02:00:56.517Z - GET /src/admin/Jobs.tsx
2026-08-08T02:00:56.520Z - GET /src/admin/Gallery.tsx
2026-08-08T02:00:56.522Z - GET /src/admin/AdminLayout.tsx
2026-08-08T02:00:56.525Z - GET /src/admin/Teams.tsx
2026-08-08T02:00:56.526Z - GET /pages/About.tsx
2026-08-08T02:00:56.528Z - GET /src/admin/LoginPage.tsx
2026-08-08T02:00:56.529Z - GET /src/admin/Dashboard.tsx
2026-08-08T02:00:56.531Z - GET /src/admin/Creators.tsx
2026-08-08T02:00:56.532Z - GET /pages/JobDetail.tsx
2026-08-08T02:00:56.535Z - GET /pages/Information.tsx
2026-08-08T02:00:56.536Z - GET /constants.tsx
2026-08-08T02:00:56.537Z - GET /pages/Careers.tsx
2026-08-08T02:00:56.539Z - GET /src/context/SettingsContext.tsx
2026-08-08T02:00:56.542Z - GET /src/components/AnnouncementBar.tsx
2026-08-08T02:00:56.544Z - GET /components/GlobalSearch.tsx
2026-08-08T02:00:56.545Z - GET /src/admin/Subscribers.tsx
2026-08-08T02:00:56.547Z - GET /components/NewsletterPopup.tsx
2026-08-08T02:00:56.548Z - GET /src/admin/Partners.tsx
2026-08-08T02:00:56.549Z - GET /pages/EventDetail.tsx
2026-08-08T02:00:56.550Z - GET /pages/PlayerProfile.tsx
2026-08-08T02:00:56.552Z - GET /components/ui/ArenaButton.tsx
2026-08-08T02:00:56.553Z - GET /components/SEOMeta.tsx
2026-08-08T02:00:56.555Z - GET /src/utils/json.ts
2026-08-08T02:00:56.557Z - GET /components/Breadcrumbs.tsx
2026-08-08T02:00:56.562Z - GET /src/admin/components/Toast.tsx
2026-08-08T02:00:56.565Z - GET /src/components/ConfirmDeleteModal.tsx
2026-08-08T02:00:56.566Z - GET /src/components/ImageUploader.tsx
2026-08-08T02:00:56.581Z - GET /src/admin/components/FormSection.tsx
2026-08-08T02:00:56.584Z - GET /src/admin/components/FormRepeater.tsx
2026-08-08T02:00:56.627Z - GET /src/lib/firebase.ts
2026-08-08T02:00:56.705Z - GET /firebase-applet-config.json?import
2026-08-08T02:00:56.796Z - GET /assets/Gk%20Logo.png
2026-08-08T02:00:57.091Z - GET /api/news
2026-08-08T02:00:57.110Z - GET /api/settings
2026-08-08T02:00:57.115Z - GET /api/stats
2026-08-08T02:00:57.121Z - GET /api/events
2026-08-08T02:00:57.125Z - GET /api/teams
2026-08-08T02:00:57.400Z - GET /api/news
2026-08-08T02:00:57.405Z - GET /api/events
2026-08-08T02:00:57.414Z - GET /api/settings
2026-08-08T02:00:57.643Z - GET /api/teams
2026-08-08T02:00:58.622Z - GET /api/stats
2026-08-08T02:00:59.660Z - GET /assets/jearsy.png
2026-08-08T02:00:59.663Z - GET /assets/bag.png
2026-08-08T02:00:59.665Z - GET /assets/mouse.png
2026-08-08T02:00:59.666Z - GET /assets/frame.png
2026-08-08T02:00:59.668Z - GET /assets/mat.png
2026-08-08T02:01:18.478Z - GET /careers/xfgh
2026-08-08T02:01:18.590Z - GET /index.tsx
2026-08-08T02:01:18.593Z - GET /@vite/client
2026-08-08T02:01:18.595Z - GET /@react-refresh
2026-08-08T02:01:18.744Z - GET /node_modules/vite/dist/client/env.mjs
2026-08-08T02:01:18.746Z - GET /App.tsx
2026-08-08T02:01:18.831Z - GET /pages/Home.tsx
2026-08-08T02:01:18.851Z - GET /pages/Schedule.tsx
2026-08-08T02:01:18.854Z - GET /src/admin/Creators.tsx
2026-08-08T02:01:18.857Z - GET /src/admin/Schedule.tsx
2026-08-08T02:01:18.858Z - GET /components/GlobalSearch.tsx
2026-08-08T02:01:18.862Z - GET /pages/About.tsx
2026-08-08T02:01:18.866Z - GET /pages/Information.tsx
2026-08-08T02:01:18.869Z - GET /pages/JobDetail.tsx
2026-08-08T02:01:18.872Z - GET /pages/Teams.tsx
2026-08-08T02:01:18.873Z - GET /pages/Careers.tsx
2026-08-08T02:01:18.876Z - GET /src/admin/Leadership.tsx
2026-08-08T02:01:18.878Z - GET /src/admin/AdminLayout.tsx
2026-08-08T02:01:18.880Z - GET /src/admin/Users.tsx
2026-08-08T02:01:18.884Z - GET /src/admin/Dashboard.tsx
2026-08-08T02:01:18.886Z - GET /src/admin/LoginPage.tsx
2026-08-08T02:01:18.887Z - GET /src/admin/Subscribers.tsx
2026-08-08T02:01:18.888Z - GET /src/admin/Partners.tsx
2026-08-08T02:01:18.890Z - GET /pages/Socials.tsx
2026-08-08T02:01:18.892Z - GET /src/admin/Teams.tsx
2026-08-08T02:01:18.893Z - GET /src/admin/Gallery.tsx
2026-08-08T02:01:18.895Z - GET /components/NewsletterPopup.tsx
2026-08-08T02:01:18.896Z - GET /src/admin/Jobs.tsx
2026-08-08T02:01:18.898Z - GET /components/SocialFollowerIcon.tsx
2026-08-08T02:01:18.899Z - GET /src/admin/News.tsx
2026-08-08T02:01:18.901Z - GET /pages/NewsDetail.tsx
2026-08-08T02:01:18.902Z - GET /src/admin/Settings.tsx
2026-08-08T02:01:18.903Z - GET /src/context/SettingsContext.tsx
2026-08-08T02:01:18.904Z - GET /pages/PlayerProfile.tsx
2026-08-08T02:01:18.906Z - GET /pages/News.tsx
2026-08-08T02:01:18.908Z - GET /src/components/AnnouncementBar.tsx
2026-08-08T02:01:18.911Z - GET /pages/EventDetail.tsx
2026-08-08T02:01:18.913Z - GET /constants.tsx
2026-08-08T02:01:18.930Z - GET /components/ui/ArenaButton.tsx
2026-08-08T02:01:18.932Z - GET /components/SEOMeta.tsx
2026-08-08T02:01:18.937Z - GET /src/components/ConfirmDeleteModal.tsx
2026-08-08T02:01:18.940Z - GET /components/Breadcrumbs.tsx
2026-08-08T02:01:18.943Z - GET /src/admin/components/Toast.tsx
2026-08-08T02:01:18.945Z - GET /src/components/ImageUploader.tsx
2026-08-08T02:01:18.948Z - GET /src/utils/json.ts
2026-08-08T02:01:18.950Z - GET /src/admin/components/FormRepeater.tsx
2026-08-08T02:01:18.952Z - GET /src/admin/components/FormSection.tsx
2026-08-08T02:01:19.090Z - GET /src/lib/firebase.ts
2026-08-08T02:01:19.182Z - GET /firebase-applet-config.json?import
2026-08-08T02:01:19.278Z - GET /api/auth/me
2026-08-08T02:01:19.283Z - GET /api/settings
2026-08-08T02:01:19.290Z - GET /assets/Gk%20Logo.png
2026-08-08T02:01:19.356Z - GET /api/auth/me
2026-08-08T02:01:19.363Z - GET /assets/Gk%20Logo.png
2026-08-08T02:01:19.388Z - GET /api/users
2026-08-08T02:01:19.559Z - GET /api/settings
2026-08-08T02:01:19.631Z - GET /api/users
2026-08-08T02:01:33.084Z - PUT /api/users/4
2026-08-08T02:01:33.293Z - GET /api/users
2026-08-08T02:01:45.524Z - GET /
2026-08-08T02:01:45.633Z - GET /@vite/client
2026-08-08T02:01:45.634Z - GET /index.tsx
2026-08-08T02:01:45.637Z - GET /@react-refresh
2026-08-08T02:01:45.805Z - GET /App.tsx
2026-08-08T02:01:45.808Z - GET /node_modules/vite/dist/client/env.mjs
2026-08-08T02:01:45.887Z - GET /pages/Teams.tsx
2026-08-08T02:01:45.888Z - GET /pages/Home.tsx
2026-08-08T02:01:45.889Z - GET /pages/Schedule.tsx
2026-08-08T02:01:45.893Z - GET /pages/About.tsx
2026-08-08T02:01:45.896Z - GET /src/admin/Gallery.tsx
2026-08-08T02:01:45.898Z - GET /src/admin/Jobs.tsx
2026-08-08T02:01:45.901Z - GET /src/admin/Teams.tsx
2026-08-08T02:01:45.904Z - GET /src/admin/Creators.tsx
2026-08-08T02:01:45.908Z - GET /src/admin/Schedule.tsx
2026-08-08T02:01:45.910Z - GET /src/admin/Dashboard.tsx
2026-08-08T02:01:45.913Z - GET /pages/JobDetail.tsx
2026-08-08T02:01:45.915Z - GET /pages/Careers.tsx
2026-08-08T02:01:45.917Z - GET /components/NewsletterPopup.tsx
2026-08-08T02:01:45.919Z - GET /pages/Information.tsx
2026-08-08T02:01:45.920Z - GET /src/admin/AdminLayout.tsx
2026-08-08T02:01:45.922Z - GET /components/SocialFollowerIcon.tsx
2026-08-08T02:01:45.923Z - GET /src/admin/LoginPage.tsx
2026-08-08T02:01:45.926Z - GET /pages/News.tsx
2026-08-08T02:01:45.928Z - GET /src/admin/Settings.tsx
2026-08-08T02:01:45.929Z - GET /pages/PlayerProfile.tsx
2026-08-08T02:01:45.931Z - GET /src/admin/News.tsx
2026-08-08T02:01:45.932Z - GET /constants.tsx
2026-08-08T02:01:45.934Z - GET /src/admin/Users.tsx
2026-08-08T02:01:45.937Z - GET /pages/NewsDetail.tsx
2026-08-08T02:01:45.940Z - GET /pages/Socials.tsx
2026-08-08T02:01:45.942Z - GET /src/admin/Leadership.tsx
2026-08-08T02:01:45.944Z - GET /src/admin/Subscribers.tsx
2026-08-08T02:01:45.948Z - GET /src/context/SettingsContext.tsx
2026-08-08T02:01:45.949Z - GET /src/components/AnnouncementBar.tsx
2026-08-08T02:01:45.950Z - GET /src/admin/Partners.tsx
2026-08-08T02:01:45.952Z - GET /pages/EventDetail.tsx
2026-08-08T02:01:45.953Z - GET /components/GlobalSearch.tsx
2026-08-08T02:01:45.979Z - GET /components/ui/ArenaButton.tsx
2026-08-08T02:01:45.980Z - GET /src/utils/json.ts
2026-08-08T02:01:45.983Z - GET /components/Breadcrumbs.tsx
2026-08-08T02:01:45.985Z - GET /components/SEOMeta.tsx
2026-08-08T02:01:45.986Z - GET /src/admin/components/Toast.tsx
2026-08-08T02:01:45.987Z - GET /src/admin/components/FormRepeater.tsx
2026-08-08T02:01:45.988Z - GET /src/admin/components/FormSection.tsx
2026-08-08T02:01:45.990Z - GET /src/components/ConfirmDeleteModal.tsx
2026-08-08T02:01:45.991Z - GET /src/components/ImageUploader.tsx
2026-08-08T02:01:45.993Z - GET /src/lib/firebase.ts
2026-08-08T02:01:46.070Z - GET /firebase-applet-config.json?import
2026-08-08T02:01:46.311Z - GET /api/auth/me
2026-08-08T02:01:46.314Z - GET /api/settings
2026-08-08T02:01:46.385Z - GET /api/auth/me
2026-08-08T02:01:46.387Z - GET /assets/Gk%20Logo.png
2026-08-08T02:01:46.390Z - GET /api/stats
2026-08-08T02:01:46.392Z - GET /api/health
2026-08-08T02:01:46.467Z - GET /api/health
2026-08-08T02:01:46.553Z - GET /api/settings
2026-08-08T02:01:47.403Z - GET /api/stats
2026-08-08T02:01:47.407Z - GET /api/activity
2026-08-08T02:01:48.424Z - GET /api/activity
2026-08-08T02:01:49.885Z - POST /api/auth/logout
2026-08-08T02:01:53.660Z - POST /api/auth/check-user
2026-08-08T02:01:55.186Z - POST /api/auth/login
2026-08-08T02:02:00.405Z - POST /api/auth/login
2026-08-08T02:02:10.764Z - POST /api/auth/login
2026-08-08T02:02:52.402Z - POST /api/auth/login
2026-08-08T02:02:52.512Z - POST /api/users
2026-08-08T02:02:55.772Z - POST /api/auth/login
2026-08-08T02:05:20.970Z - POST /api/auth/login
2026-08-08T02:05:21.212Z - GET /api/users
2026-08-08T02:05:21.715Z - POST /api/users
2026-08-08T02:05:29.940Z - GET /
2026-08-08T02:05:37.487Z - GET /
2026-08-08T02:05:38.045Z - GET /index.tsx
2026-08-08T02:05:38.047Z - GET /@vite/client
2026-08-08T02:05:38.051Z - GET /@react-refresh
2026-08-08T02:05:38.256Z - GET /App.tsx
2026-08-08T02:05:38.262Z - GET /node_modules/vite/dist/client/env.mjs
2026-08-08T02:05:39.555Z - GET /pages/Schedule.tsx
2026-08-08T02:05:39.642Z - GET /pages/Home.tsx
2026-08-08T02:05:39.654Z - GET /pages/About.tsx
2026-08-08T02:05:39.703Z - GET /pages/Teams.tsx
2026-08-08T02:05:39.720Z - GET /pages/JobDetail.tsx
2026-08-08T02:05:39.739Z - GET /pages/Information.tsx
2026-08-08T02:05:39.767Z - GET /components/SocialFollowerIcon.tsx
2026-08-08T02:05:39.796Z - GET /pages/Careers.tsx
2026-08-08T02:05:39.800Z - GET /pages/PlayerProfile.tsx
2026-08-08T02:05:39.802Z - GET /pages/News.tsx
2026-08-08T02:05:39.810Z - GET /src/admin/Leadership.tsx
2026-08-08T02:05:39.814Z - GET /pages/NewsDetail.tsx
2026-08-08T02:05:39.816Z - GET /src/admin/Subscribers.tsx
2026-08-08T02:05:39.818Z - GET /src/admin/Settings.tsx
2026-08-08T02:05:39.819Z - GET /src/admin/Users.tsx
2026-08-08T02:05:39.823Z - GET /src/admin/Partners.tsx
2026-08-08T02:05:39.824Z - GET /src/admin/AdminLayout.tsx
2026-08-08T02:05:39.827Z - GET /src/admin/Gallery.tsx
2026-08-08T02:05:39.828Z - GET /src/admin/LoginPage.tsx
2026-08-08T02:05:39.836Z - GET /src/admin/Jobs.tsx
2026-08-08T02:05:39.839Z - GET /src/admin/Teams.tsx
2026-08-08T02:05:39.841Z - GET /src/admin/Schedule.tsx
2026-08-08T02:05:39.843Z - GET /src/admin/Creators.tsx
2026-08-08T02:05:39.844Z - GET /pages/Socials.tsx
2026-08-08T02:05:39.852Z - GET /src/admin/Dashboard.tsx
2026-08-08T02:05:39.854Z - GET /src/components/AnnouncementBar.tsx
2026-08-08T02:05:39.854Z - GET /src/context/SettingsContext.tsx
2026-08-08T02:05:39.855Z - GET /src/admin/News.tsx
2026-08-08T02:05:39.856Z - GET /pages/EventDetail.tsx
2026-08-08T02:05:39.857Z - GET /constants.tsx
2026-08-08T02:05:39.858Z - GET /components/NewsletterPopup.tsx
2026-08-08T02:05:39.859Z - GET /components/GlobalSearch.tsx
2026-08-08T02:05:39.860Z - GET /components/Breadcrumbs.tsx
2026-08-08T02:05:39.861Z - GET /src/utils/json.ts
2026-08-08T02:05:39.862Z - GET /components/SEOMeta.tsx
2026-08-08T02:05:39.863Z - GET /components/ui/ArenaButton.tsx
2026-08-08T02:05:39.892Z - GET /src/components/ImageUploader.tsx
2026-08-08T02:05:39.894Z - GET /src/components/ConfirmDeleteModal.tsx
2026-08-08T02:05:39.896Z - GET /src/lib/firebase.ts
2026-08-08T02:05:39.969Z - GET /src/admin/components/Toast.tsx
2026-08-08T02:05:39.971Z - GET /src/admin/components/FormRepeater.tsx
2026-08-08T02:05:39.972Z - GET /src/admin/components/FormSection.tsx
2026-08-08T02:05:39.990Z - GET /firebase-applet-config.json?import
2026-08-08T02:05:40.095Z - GET /assets/Gk%20Logo.png
2026-08-08T02:05:40.367Z - GET /api/news
2026-08-08T02:05:40.383Z - GET /api/teams
2026-08-08T02:05:40.387Z - GET /api/settings
2026-08-08T02:05:40.391Z - GET /api/events
2026-08-08T02:05:40.395Z - GET /api/stats
2026-08-08T02:05:40.683Z - GET /api/news
2026-08-08T02:05:40.686Z - GET /api/events
2026-08-08T02:05:40.690Z - GET /api/settings
2026-08-08T02:05:40.693Z - GET /api/teams
2026-08-08T02:05:41.626Z - GET /api/stats
2026-08-08T02:05:42.693Z - GET /assets/jearsy.png
2026-08-08T02:05:42.696Z - GET /assets/mat.png
2026-08-08T02:05:42.698Z - GET /assets/frame.png
2026-08-08T02:05:42.700Z - GET /assets/bag.png
2026-08-08T02:05:42.702Z - GET /assets/mouse.png
2026-08-08T02:07:05.351Z - POST /api/auth/logout
2026-08-08T02:07:11.488Z - POST /api/auth/check-user
2026-08-08T02:07:12.661Z - POST /api/auth/check-user
2026-08-08T02:07:14.484Z - POST /api/auth/login
2026-08-08T02:07:14.801Z - GET /api/auth/me
2026-08-08T02:07:14.884Z - GET /api/auth/me
2026-08-08T02:07:14.888Z - GET /api/health
2026-08-08T02:07:14.891Z - GET /api/stats
2026-08-08T02:07:14.967Z - GET /api/health
2026-08-08T02:07:15.959Z - GET /api/activity
2026-08-08T02:07:15.962Z - GET /api/stats
2026-08-08T02:07:17.099Z - GET /api/activity
2026-08-08T02:07:20.742Z - POST /api/auth/logout
2026-08-08T02:07:22.539Z - POST /api/auth/check-user
2026-08-08T02:07:25.815Z - POST /api/auth/check-user
2026-08-08T02:07:26.890Z - POST /api/auth/check-user
2026-08-08T02:07:28.756Z - POST /api/auth/login
2026-08-08T02:07:29.062Z - GET /api/auth/me
2026-08-08T02:07:29.139Z - GET /api/auth/me
2026-08-08T02:07:29.142Z - GET /api/health
2026-08-08T02:07:29.145Z - GET /api/stats
2026-08-08T02:07:29.219Z - GET /api/health
2026-08-08T02:07:30.177Z - GET /api/activity
2026-08-08T02:07:30.179Z - GET /api/stats
2026-08-08T02:07:31.219Z - GET /api/activity
2026-08-08T02:09:09.489Z - POST /api/auth/login
2026-08-08T02:09:09.612Z - POST /api/auth/login
2026-08-08T02:09:09.715Z - POST /api/auth/login
2026-08-08T02:09:09.816Z - POST /api/auth/login
2026-08-08T02:09:28.923Z - POST /api/auth/login
2026-08-08T02:09:29.035Z - POST /api/auth/login
2026-08-08T02:09:29.145Z - POST /api/auth/login
2026-08-08T02:09:29.253Z - POST /api/auth/login
2026-08-08T02:09:29.358Z - POST /api/auth/login
2026-08-08T02:09:29.462Z - POST /api/auth/login
2026-08-08T02:10:08.009Z - GET /
2026-08-08T02:10:15.050Z - GET /
2026-08-08T02:10:15.574Z - GET /@vite/client
2026-08-08T02:10:15.577Z - GET /index.tsx
2026-08-08T02:10:15.579Z - GET /@react-refresh
2026-08-08T02:10:15.746Z - GET /node_modules/vite/dist/client/env.mjs
2026-08-08T02:10:15.803Z - GET /App.tsx
2026-08-08T02:10:16.926Z - GET /pages/Home.tsx
2026-08-08T02:10:16.927Z - GET /pages/Schedule.tsx
2026-08-08T02:10:16.928Z - GET /pages/Teams.tsx
2026-08-08T02:10:16.929Z - GET /pages/About.tsx
2026-08-08T02:10:16.930Z - GET /src/admin/Teams.tsx
2026-08-08T02:10:16.939Z - GET /src/admin/Schedule.tsx
2026-08-08T02:10:16.968Z - GET /pages/Information.tsx
2026-08-08T02:10:16.987Z - GET /pages/JobDetail.tsx
2026-08-08T02:10:17.042Z - GET /src/admin/Partners.tsx
2026-08-08T02:10:17.053Z - GET /src/admin/News.tsx
2026-08-08T02:10:17.119Z - GET /src/admin/AdminLayout.tsx
2026-08-08T02:10:17.132Z - GET /pages/Socials.tsx
2026-08-08T02:10:17.167Z - GET /pages/NewsDetail.tsx
2026-08-08T02:10:17.197Z - GET /src/admin/Users.tsx
2026-08-08T02:10:17.225Z - GET /src/admin/LoginPage.tsx
2026-08-08T02:10:17.228Z - GET /pages/Careers.tsx
2026-08-08T02:10:17.231Z - GET /constants.tsx
2026-08-08T02:10:17.240Z - GET /src/admin/Dashboard.tsx
2026-08-08T02:10:17.244Z - GET /pages/News.tsx
2026-08-08T02:10:17.247Z - GET /src/admin/Gallery.tsx
2026-08-08T02:10:17.248Z - GET /src/admin/Jobs.tsx
2026-08-08T02:10:17.252Z - GET /src/admin/Settings.tsx
2026-08-08T02:10:17.256Z - GET /src/admin/Subscribers.tsx
2026-08-08T02:10:17.258Z - GET /components/NewsletterPopup.tsx
2026-08-08T02:10:17.261Z - GET /src/admin/Leadership.tsx
2026-08-08T02:10:17.264Z - GET /components/GlobalSearch.tsx
2026-08-08T02:10:17.266Z - GET /src/admin/Creators.tsx
2026-08-08T02:10:17.268Z - GET /src/context/SettingsContext.tsx
2026-08-08T02:10:17.270Z - GET /src/components/AnnouncementBar.tsx
2026-08-08T02:10:17.273Z - GET /pages/EventDetail.tsx
2026-08-08T02:10:17.275Z - GET /pages/PlayerProfile.tsx
2026-08-08T02:10:17.277Z - GET /components/SocialFollowerIcon.tsx
2026-08-08T02:10:17.279Z - GET /src/utils/json.ts
2026-08-08T02:10:17.281Z - GET /components/Breadcrumbs.tsx
2026-08-08T02:10:17.283Z - GET /components/ui/ArenaButton.tsx
2026-08-08T02:10:17.284Z - GET /components/SEOMeta.tsx
2026-08-08T02:10:17.286Z - GET /src/components/ImageUploader.tsx
2026-08-08T02:10:17.288Z - GET /src/admin/components/FormRepeater.tsx
2026-08-08T02:10:17.293Z - GET /src/components/ConfirmDeleteModal.tsx
2026-08-08T02:10:17.294Z - GET /src/admin/components/FormSection.tsx
2026-08-08T02:10:17.296Z - GET /src/admin/components/Toast.tsx
2026-08-08T02:10:17.332Z - GET /src/lib/firebase.ts
2026-08-08T02:10:17.416Z - GET /firebase-applet-config.json?import
2026-08-08T02:10:17.528Z - GET /assets/Gk%20Logo.png
2026-08-08T02:10:17.660Z - GET /api/news
2026-08-08T02:10:17.678Z - GET /api/teams
2026-08-08T02:10:17.682Z - GET /api/events
2026-08-08T02:10:17.685Z - GET /api/settings
2026-08-08T02:10:17.689Z - GET /api/stats
2026-08-08T02:10:17.969Z - GET /api/news
2026-08-08T02:10:17.982Z - GET /api/events
2026-08-08T02:10:18.194Z - GET /api/settings
2026-08-08T02:10:18.199Z - GET /api/teams
2026-08-08T02:10:18.731Z - GET /api/stats
2026-08-08T02:10:20.247Z - GET /assets/frame.png
2026-08-08T02:10:20.249Z - GET /assets/bag.png
2026-08-08T02:10:20.250Z - GET /assets/jearsy.png
2026-08-08T02:10:20.252Z - GET /assets/mouse.png
2026-08-08T02:10:20.253Z - GET /assets/mat.png
2026-08-08T02:12:42.413Z - GET /
2026-08-08T02:12:42.512Z - GET /index.tsx
2026-08-08T02:12:42.514Z - GET /@vite/client
2026-08-08T02:12:42.517Z - GET /@react-refresh
2026-08-08T02:12:42.720Z - GET /App.tsx
2026-08-08T02:12:42.722Z - GET /node_modules/vite/dist/client/env.mjs
2026-08-08T02:12:42.812Z - GET /pages/Home.tsx
2026-08-08T02:12:42.816Z - GET /pages/About.tsx
2026-08-08T02:12:42.817Z - GET /pages/Schedule.tsx
2026-08-08T02:12:42.820Z - GET /src/admin/Teams.tsx
2026-08-08T02:12:42.823Z - GET /pages/Teams.tsx
2026-08-08T02:12:42.825Z - GET /src/admin/Creators.tsx
2026-08-08T02:12:42.828Z - GET /src/admin/LoginPage.tsx
2026-08-08T02:12:42.829Z - GET /pages/Careers.tsx
2026-08-08T02:12:42.831Z - GET /src/admin/AdminLayout.tsx
2026-08-08T02:12:42.833Z - GET /src/admin/Dashboard.tsx
2026-08-08T02:12:42.835Z - GET /pages/Information.tsx
2026-08-08T02:12:42.837Z - GET /pages/JobDetail.tsx
2026-08-08T02:12:42.877Z - GET /pages/EventDetail.tsx
2026-08-08T02:12:42.879Z - GET /pages/NewsDetail.tsx
2026-08-08T02:12:42.884Z - GET /pages/Socials.tsx
2026-08-08T02:12:42.887Z - GET /pages/News.tsx
2026-08-08T02:12:42.888Z - GET /src/admin/News.tsx
2026-08-08T02:12:42.891Z - GET /src/admin/Partners.tsx
2026-08-08T02:12:42.893Z - GET /src/admin/Users.tsx
2026-08-08T02:12:42.896Z - GET /pages/PlayerProfile.tsx
2026-08-08T02:12:42.899Z - GET /src/admin/Subscribers.tsx
2026-08-08T02:12:42.902Z - GET /src/admin/Settings.tsx
2026-08-08T02:12:42.905Z - GET /src/admin/Gallery.tsx
2026-08-08T02:12:42.907Z - GET /src/admin/Schedule.tsx
2026-08-08T02:12:42.909Z - GET /src/admin/Jobs.tsx
2026-08-08T02:12:42.912Z - GET /components/GlobalSearch.tsx
2026-08-08T02:12:42.914Z - GET /components/NewsletterPopup.tsx
2026-08-08T02:12:42.915Z - GET /src/components/AnnouncementBar.tsx
2026-08-08T02:12:42.917Z - GET /components/SocialFollowerIcon.tsx
2026-08-08T02:12:42.919Z - GET /src/context/SettingsContext.tsx
2026-08-08T02:12:42.920Z - GET /src/admin/Leadership.tsx
2026-08-08T02:12:42.921Z - GET /constants.tsx
2026-08-08T02:12:42.923Z - GET /components/ui/ArenaButton.tsx
2026-08-08T02:12:42.924Z - GET /components/SEOMeta.tsx
2026-08-08T02:12:42.926Z - GET /components/Breadcrumbs.tsx
2026-08-08T02:12:42.927Z - GET /src/utils/json.ts
2026-08-08T02:12:42.929Z - GET /src/components/ImageUploader.tsx
2026-08-08T02:12:42.931Z - GET /src/admin/components/Toast.tsx
2026-08-08T02:12:42.932Z - GET /src/admin/components/FormRepeater.tsx
2026-08-08T02:12:42.934Z - GET /src/admin/components/FormSection.tsx
2026-08-08T02:12:42.936Z - GET /src/components/ConfirmDeleteModal.tsx
2026-08-08T02:12:43.091Z - GET /src/lib/firebase.ts
2026-08-08T02:12:43.168Z - GET /firebase-applet-config.json?import
2026-08-08T02:12:43.509Z - GET /api/auth/me
2026-08-08T02:12:43.515Z - GET /api/settings
2026-08-08T02:12:43.589Z - GET /api/auth/me
2026-08-08T02:12:43.595Z - GET /assets/Gk%20Logo.png
2026-08-08T02:12:43.599Z - GET /api/health
2026-08-08T02:12:43.601Z - GET /api/stats
2026-08-08T02:12:43.674Z - GET /api/health
2026-08-08T02:12:43.789Z - GET /api/settings
2026-08-08T02:12:45.124Z - POST /api/auth/logout
2026-08-08T02:12:45.160Z - GET /api/stats
2026-08-08T02:12:45.162Z - GET /api/activity
2026-08-08T02:12:46.167Z - GET /api/activity
2026-08-08T02:12:48.103Z - POST /api/auth/check-user
2026-08-08T02:12:50.313Z - POST /api/auth/login
2026-08-08T02:12:58.680Z - POST /api/auth/login
2026-08-08T02:13:05.918Z - POST /api/auth/login
2026-08-08T02:18:14.486Z - POST /api/auth/login
2026-08-08T02:18:17.847Z - GET /
2026-08-08T02:18:17.957Z - GET /@vite/client
2026-08-08T02:18:17.958Z - GET /index.tsx
2026-08-08T02:18:17.960Z - GET /@react-refresh
2026-08-08T02:18:18.110Z - GET /App.tsx
2026-08-08T02:18:18.112Z - GET /node_modules/vite/dist/client/env.mjs
2026-08-08T02:18:18.192Z - GET /pages/Home.tsx
2026-08-08T02:18:18.196Z - GET /pages/Teams.tsx
2026-08-08T02:18:18.197Z - GET /pages/Schedule.tsx
2026-08-08T02:18:18.199Z - GET /pages/JobDetail.tsx
2026-08-08T02:18:18.201Z - GET /pages/About.tsx
2026-08-08T02:18:18.203Z - GET /pages/Careers.tsx
2026-08-08T02:18:18.206Z - GET /src/admin/AdminLayout.tsx
2026-08-08T02:18:18.207Z - GET /src/admin/Partners.tsx
2026-08-08T02:18:18.209Z - GET /src/admin/Subscribers.tsx
2026-08-08T02:18:18.210Z - GET /src/admin/Dashboard.tsx
2026-08-08T02:18:18.213Z - GET /pages/Information.tsx
2026-08-08T02:18:18.214Z - GET /src/context/SettingsContext.tsx
2026-08-08T02:18:18.216Z - GET /src/admin/Settings.tsx
2026-08-08T02:18:18.218Z - GET /src/admin/Jobs.tsx
2026-08-08T02:18:18.219Z - GET /src/admin/Schedule.tsx
2026-08-08T02:18:18.220Z - GET /constants.tsx
2026-08-08T02:18:18.223Z - GET /src/admin/Gallery.tsx
2026-08-08T02:18:18.224Z - GET /src/admin/Teams.tsx
2026-08-08T02:18:18.226Z - GET /components/NewsletterPopup.tsx
2026-08-08T02:18:18.228Z - GET /pages/News.tsx
2026-08-08T02:18:18.230Z - GET /src/admin/Leadership.tsx
2026-08-08T02:18:18.231Z - GET /src/components/AnnouncementBar.tsx
2026-08-08T02:18:18.232Z - GET /src/admin/LoginPage.tsx
2026-08-08T02:18:18.234Z - GET /src/admin/Creators.tsx
2026-08-08T02:18:18.236Z - GET /components/GlobalSearch.tsx
2026-08-08T02:18:18.237Z - GET /components/SocialFollowerIcon.tsx
2026-08-08T02:18:18.238Z - GET /pages/EventDetail.tsx
2026-08-08T02:18:18.240Z - GET /pages/Socials.tsx
2026-08-08T02:18:18.242Z - GET /pages/PlayerProfile.tsx
2026-08-08T02:18:18.244Z - GET /src/admin/Users.tsx
2026-08-08T02:18:18.246Z - GET /pages/NewsDetail.tsx
2026-08-08T02:18:18.248Z - GET /src/admin/News.tsx
2026-08-08T02:18:18.275Z - GET /components/ui/ArenaButton.tsx
2026-08-08T02:18:18.277Z - GET /components/Breadcrumbs.tsx
2026-08-08T02:18:18.279Z - GET /src/utils/json.ts
2026-08-08T02:18:18.282Z - GET /components/SEOMeta.tsx
2026-08-08T02:18:18.285Z - GET /src/components/ConfirmDeleteModal.tsx
2026-08-08T02:18:18.287Z - GET /src/lib/firebase.ts
2026-08-08T02:18:18.295Z - GET /src/admin/components/FormSection.tsx
2026-08-08T02:18:18.297Z - GET /src/admin/components/FormRepeater.tsx
2026-08-08T02:18:18.298Z - GET /src/components/ImageUploader.tsx
2026-08-08T02:18:18.304Z - GET /src/admin/components/Toast.tsx
2026-08-08T02:18:18.369Z - GET /firebase-applet-config.json?import
2026-08-08T02:18:18.694Z - GET /api/auth/me
2026-08-08T02:18:18.697Z - GET /api/settings
2026-08-08T02:18:18.769Z - GET /api/auth/me
2026-08-08T02:18:18.774Z - GET /assets/Gk%20Logo.png
2026-08-08T02:18:18.776Z - GET /api/stats
2026-08-08T02:18:18.779Z - GET /api/health
2026-08-08T02:18:18.853Z - GET /api/health
2026-08-08T02:18:19.085Z - GET /api/settings
2026-08-08T02:18:20.384Z - GET /api/stats
2026-08-08T02:18:20.386Z - GET /api/activity
2026-08-08T02:18:21.452Z - GET /api/activity
2026-08-08T02:18:21.656Z - POST /api/auth/logout
2026-08-08T02:18:25.823Z - POST /api/auth/check-user
2026-08-08T02:18:33.636Z - POST /api/auth/login
2026-08-08T02:19:19.119Z - POST /api/auth/login
2026-08-08T02:19:19.228Z - POST /api/auth/login
2026-08-08T02:19:19.332Z - POST /api/auth/login
2026-08-08T02:19:19.434Z - POST /api/auth/login
2026-08-08T02:19:19.536Z - POST /api/auth/login
2026-08-08T02:19:19.637Z - POST /api/auth/login
2026-08-08T02:19:49.776Z - GET /
2026-08-08T02:19:55.083Z - GET /
2026-08-08T02:19:55.654Z - GET /@vite/client
2026-08-08T02:19:55.667Z - GET /index.tsx
2026-08-08T02:19:55.668Z - GET /@react-refresh
2026-08-08T02:19:55.850Z - GET /App.tsx
2026-08-08T02:19:55.854Z - GET /node_modules/vite/dist/client/env.mjs
2026-08-08T02:19:57.181Z - GET /pages/Home.tsx
2026-08-08T02:19:57.200Z - GET /pages/Schedule.tsx
2026-08-08T02:19:57.205Z - GET /pages/Teams.tsx
2026-08-08T02:19:57.240Z - GET /src/admin/AdminLayout.tsx
2026-08-08T02:19:57.289Z - GET /pages/Careers.tsx
2026-08-08T02:19:57.314Z - GET /pages/About.tsx
2026-08-08T02:19:57.339Z - GET /pages/Socials.tsx
2026-08-08T02:19:57.343Z - GET /pages/Information.tsx
2026-08-08T02:19:57.351Z - GET /pages/EventDetail.tsx
2026-08-08T02:19:57.354Z - GET /pages/News.tsx
2026-08-08T02:19:57.358Z - GET /components/SocialFollowerIcon.tsx
2026-08-08T02:19:57.361Z - GET /pages/NewsDetail.tsx
2026-08-08T02:19:57.363Z - GET /pages/JobDetail.tsx
2026-08-08T02:19:57.368Z - GET /src/admin/Users.tsx
2026-08-08T02:19:57.370Z - GET /src/admin/Creators.tsx
2026-08-08T02:19:57.372Z - GET /src/admin/News.tsx
2026-08-08T02:19:57.374Z - GET /src/admin/Leadership.tsx
2026-08-08T02:19:57.375Z - GET /src/admin/Jobs.tsx
2026-08-08T02:19:57.376Z - GET /src/admin/Gallery.tsx
2026-08-08T02:19:57.378Z - GET /constants.tsx
2026-08-08T02:19:57.380Z - GET /src/admin/Schedule.tsx
2026-08-08T02:19:57.383Z - GET /src/admin/LoginPage.tsx
2026-08-08T02:19:57.385Z - GET /src/admin/Teams.tsx
2026-08-08T02:19:57.387Z - GET /src/admin/Dashboard.tsx
2026-08-08T02:19:57.389Z - GET /src/admin/Partners.tsx
2026-08-08T02:19:57.391Z - GET /src/admin/Subscribers.tsx
2026-08-08T02:19:57.392Z - GET /src/admin/Settings.tsx
2026-08-08T02:19:57.394Z - GET /src/context/SettingsContext.tsx
2026-08-08T02:19:57.395Z - GET /components/NewsletterPopup.tsx
2026-08-08T02:19:57.397Z - GET /pages/PlayerProfile.tsx
2026-08-08T02:19:57.399Z - GET /src/components/AnnouncementBar.tsx
2026-08-08T02:19:57.400Z - GET /components/GlobalSearch.tsx
2026-08-08T02:19:57.402Z - GET /components/SEOMeta.tsx
2026-08-08T02:19:57.403Z - GET /components/ui/ArenaButton.tsx
2026-08-08T02:19:57.405Z - GET /src/utils/json.ts
2026-08-08T02:19:57.407Z - GET /components/Breadcrumbs.tsx
2026-08-08T02:19:57.445Z - GET /src/components/ConfirmDeleteModal.tsx
2026-08-08T02:19:57.449Z - GET /src/components/ImageUploader.tsx
2026-08-08T02:19:57.451Z - GET /src/admin/components/Toast.tsx
2026-08-08T02:19:57.460Z - GET /src/admin/components/FormRepeater.tsx
2026-08-08T02:19:57.461Z - GET /src/admin/components/FormSection.tsx
2026-08-08T02:19:57.465Z - GET /src/lib/firebase.ts
2026-08-08T02:19:57.540Z - GET /firebase-applet-config.json?import
2026-08-08T02:19:57.635Z - GET /assets/Gk%20Logo.png
2026-08-08T02:19:57.668Z - GET /api/news
2026-08-08T02:19:57.685Z - GET /api/teams
2026-08-08T02:19:57.687Z - GET /api/stats
2026-08-08T02:19:57.690Z - GET /api/settings
2026-08-08T02:19:57.695Z - GET /api/events
2026-08-08T02:19:57.988Z - GET /api/events
2026-08-08T02:19:57.993Z - GET /api/news
2026-08-08T02:19:57.999Z - GET /api/settings
2026-08-08T02:19:58.221Z - GET /api/teams
2026-08-08T02:19:58.736Z - GET /api/stats
2026-08-08T02:19:59.774Z - GET /assets/jearsy.png
2026-08-08T02:19:59.777Z - GET /assets/mat.png
2026-08-08T02:19:59.778Z - GET /assets/bag.png
2026-08-08T02:19:59.780Z - GET /assets/mouse.png
2026-08-08T02:19:59.781Z - GET /assets/frame.png
2026-08-08T02:21:07.675Z - GET /
2026-08-08T02:21:07.796Z - GET /@vite/client
2026-08-08T02:21:07.798Z - GET /index.tsx
2026-08-08T02:21:07.800Z - GET /@react-refresh
2026-08-08T02:21:08.035Z - GET /App.tsx
2026-08-08T02:21:08.039Z - GET /node_modules/vite/dist/client/env.mjs
2026-08-08T02:21:08.119Z - GET /pages/Home.tsx
2026-08-08T02:21:08.126Z - GET /pages/Teams.tsx
2026-08-08T02:21:08.128Z - GET /pages/Schedule.tsx
2026-08-08T02:21:08.136Z - GET /pages/About.tsx
2026-08-08T02:21:08.138Z - GET /pages/Careers.tsx
2026-08-08T02:21:08.140Z - GET /pages/JobDetail.tsx
2026-08-08T02:21:08.144Z - GET /components/NewsletterPopup.tsx
2026-08-08T02:21:08.146Z - GET /components/GlobalSearch.tsx
2026-08-08T02:21:08.151Z - GET /pages/NewsDetail.tsx
2026-08-08T02:21:08.154Z - GET /src/admin/Subscribers.tsx
2026-08-08T02:21:08.156Z - GET /pages/Information.tsx
2026-08-08T02:21:08.157Z - GET /src/admin/News.tsx
2026-08-08T02:21:08.160Z - GET /src/admin/Schedule.tsx
2026-08-08T02:21:08.163Z - GET /src/admin/Jobs.tsx
2026-08-08T02:21:08.165Z - GET /constants.tsx
2026-08-08T02:21:08.168Z - GET /src/admin/Dashboard.tsx
2026-08-08T02:21:08.171Z - GET /src/admin/Leadership.tsx
2026-08-08T02:21:08.174Z - GET /pages/EventDetail.tsx
2026-08-08T02:21:08.176Z - GET /src/admin/LoginPage.tsx
2026-08-08T02:21:08.177Z - GET /pages/News.tsx
2026-08-08T02:21:08.178Z - GET /src/admin/Creators.tsx
2026-08-08T02:21:08.180Z - GET /src/admin/Teams.tsx
2026-08-08T02:21:08.182Z - GET /src/admin/Gallery.tsx
2026-08-08T02:21:08.183Z - GET /pages/Socials.tsx
2026-08-08T02:21:08.184Z - GET /src/admin/AdminLayout.tsx
2026-08-08T02:21:08.186Z - GET /src/admin/Settings.tsx
2026-08-08T02:21:08.189Z - GET /src/admin/Users.tsx
2026-08-08T02:21:08.191Z - GET /pages/PlayerProfile.tsx
2026-08-08T02:21:08.193Z - GET /src/admin/Partners.tsx
2026-08-08T02:21:08.194Z - GET /components/SocialFollowerIcon.tsx
2026-08-08T02:21:08.196Z - GET /src/components/AnnouncementBar.tsx
2026-08-08T02:21:08.198Z - GET /src/context/SettingsContext.tsx
2026-08-08T02:21:08.204Z - GET /components/ui/ArenaButton.tsx
2026-08-08T02:21:08.209Z - GET /components/SEOMeta.tsx
2026-08-08T02:21:08.211Z - GET /src/utils/json.ts
2026-08-08T02:21:08.212Z - GET /components/Breadcrumbs.tsx
2026-08-08T02:21:08.224Z - GET /src/lib/firebase.ts
2026-08-08T02:21:08.230Z - GET /src/components/ConfirmDeleteModal.tsx
2026-08-08T02:21:08.248Z - GET /src/components/ImageUploader.tsx
2026-08-08T02:21:08.251Z - GET /src/admin/components/FormSection.tsx
2026-08-08T02:21:08.253Z - GET /src/admin/components/FormRepeater.tsx
2026-08-08T02:21:08.255Z - GET /src/admin/components/Toast.tsx
2026-08-08T02:21:08.304Z - GET /firebase-applet-config.json?import
2026-08-08T02:21:08.525Z - GET /api/settings
2026-08-08T02:21:08.529Z - GET /api/auth/me
2026-08-08T02:21:08.606Z - GET /api/auth/me
2026-08-08T02:21:08.611Z - GET /assets/Gk%20Logo.png
2026-08-08T02:21:08.614Z - GET /api/health
2026-08-08T02:21:08.618Z - GET /api/stats
2026-08-08T02:21:08.687Z - GET /api/health
2026-08-08T02:21:08.803Z - GET /api/settings
2026-08-08T02:21:09.914Z - GET /api/stats
2026-08-08T02:21:09.920Z - GET /api/activity
2026-08-08T02:21:10.923Z - GET /api/activity
2026-08-08T02:21:11.114Z - POST /api/auth/logout
2026-08-08T02:21:13.017Z - POST /api/auth/check-user
2026-08-08T02:21:16.808Z - POST /api/auth/check-user
2026-08-08T02:21:34.841Z - POST /api/auth/login
2026-08-08T02:21:35.337Z - GET /api/auth/me
2026-08-08T02:21:35.416Z - GET /api/auth/me
2026-08-08T02:21:35.418Z - GET /api/health
2026-08-08T02:21:35.420Z - GET /api/stats
2026-08-08T02:21:35.496Z - GET /api/health
2026-08-08T02:21:36.440Z - GET /api/stats
2026-08-08T02:21:36.446Z - GET /api/activity
2026-08-08T02:21:37.468Z - GET /api/activity
2026-08-08T02:21:37.848Z - POST /api/auth/logout
2026-08-08T02:21:41.789Z - POST /api/auth/check-user
2026-08-08T02:21:43.628Z - POST /api/auth/login
2026-08-08T02:21:47.136Z - POST /api/auth/login
2026-08-08T02:21:54.232Z - POST /api/auth/login
2026-08-08T02:21:54.420Z - GET /api/auth/me
2026-08-08T02:21:54.498Z - GET /api/auth/me
2026-08-08T02:21:54.503Z - GET /api/health
2026-08-08T02:21:54.505Z - GET /api/stats
2026-08-08T02:21:54.581Z - GET /api/health
2026-08-08T02:21:55.800Z - GET /api/activity
2026-08-08T02:21:55.802Z - GET /api/stats
2026-08-08T02:21:57.070Z - GET /api/activity
2026-08-08T02:21:57.475Z - GET /api/users
2026-08-08T02:21:57.478Z - GET /api/auth/me
2026-08-08T02:21:57.711Z - GET /api/users
2026-08-08T02:22:07.051Z - PUT /api/users/4
2026-08-08T02:22:07.243Z - GET /api/users
2026-08-08T02:22:12.057Z - POST /api/auth/logout
2026-08-08T02:22:16.145Z - POST /api/auth/check-user
2026-08-08T02:22:20.884Z - POST /api/auth/login
2026-08-08T02:22:21.072Z - GET /api/auth/me
2026-08-08T02:22:21.149Z - GET /api/auth/me
2026-08-08T02:22:21.154Z - GET /api/health
2026-08-08T02:22:21.155Z - GET /api/stats
2026-08-08T02:22:21.231Z - GET /api/health
2026-08-08T02:22:22.206Z - GET /api/stats
2026-08-08T02:22:22.211Z - GET /api/activity
2026-08-08T02:22:23.212Z - GET /api/activity
2026-08-08T02:22:23.362Z - POST /api/auth/logout
2026-08-08T02:22:26.203Z - POST /api/auth/check-user
2026-08-08T02:22:31.297Z - POST /api/auth/login
2026-08-08T02:22:51.129Z - POST /api/auth/login
2026-08-08T02:22:51.335Z - GET /api/auth/me
2026-08-08T02:22:51.410Z - GET /api/auth/me
2026-08-08T02:22:51.414Z - GET /api/health
2026-08-08T02:22:51.416Z - GET /api/stats
2026-08-08T02:22:51.489Z - GET /api/health
2026-08-08T02:22:52.445Z - GET /api/stats
2026-08-08T02:22:52.448Z - GET /api/activity
2026-08-08T02:22:53.457Z - GET /api/activity
2026-08-08T02:28:22.788Z - GET /api/users
2026-08-08T02:28:22.793Z - GET /api/auth/me
2026-08-08T02:28:23.316Z - GET /api/users
2026-08-08T02:30:57.305Z - POST /api/auth/login
2026-08-08T02:30:57.437Z - GET /api/users
2026-08-08T02:30:57.797Z - POST /api/auth/login
2026-08-08T02:30:57.906Z - GET /api/users
2026-08-08T02:30:57.911Z - GET /api/news
